datetime,difftime,segundos,valor,porcentaje,deconstruccion,aux1,aux2
2025-09-27 18:07:46,410.697138,410,420103.17,10.76222356,2,0,0
2025-09-27 18:07:46,410.699907,410,444002.11,17.06329434,2,0,0
2025-09-27 18:13:02,726.028076,726,414864.9,9.381127108,2,0,0
2025-09-27 18:13:02,726.028076,726,420103.17,10.76222356,2,0,0
2025-09-27 18:13:16,740.645868,740,414864.9,9.381127108,2,0,0
2025-09-27 18:13:16,740.647877,740,414864.9,9.381127108,2,0,0
2025-09-27 18:13:17,741.333559,741,414864.9,9.381127108,2,0,0
2025-09-27 18:13:17,741.333559,741,414864.9,9.381127108,2,0,0
2025-09-27 18:13:18,742.683375,742,414852.77,9.377929408,2,0,0
2025-09-27 18:13:18,742.683375,742,414864.9,9.381127108,2,0,0
2025-09-27 18:13:19,743.571095,743,414852.77,9.377929408,2,0,0
2025-09-27 18:13:19,743.571095,743,414864.9,9.381127108,2,0,0
2025-09-27 18:13:20,744.663793,744,414852.77,9.377929408,2,0,0
2025-09-27 18:13:20,744.663793,744,414852.77,9.377929408,2,0,0
2025-09-27 18:13:21,745.487096,745,414852.77,9.377929408,2,0,0
2025-09-27 18:13:21,745.487096,745,414852.77,9.377929408,2,0,0
2025-09-27 18:13:22,746.120369,746,414079.36,9.174016745,2,0,0
2025-09-27 18:13:22,746.120369,746,414852.77,9.377929408,2,0,0
2025-09-27 18:13:23,747.401897,747,414079.36,9.174016745,2,0,0
2025-09-27 18:13:23,747.403914,747,414079.36,9.174016745,2,0,0
2025-09-27 18:13:24,748.484227,748,414079.36,9.174016745,2,0,0
2025-09-27 18:13:24,748.484227,748,414079.36,9.174016745,2,0,0
2025-09-27 18:13:25,749.541386,749,414079.36,9.174016745,2,0,0
2025-09-27 18:13:25,749.541386,749,414079.36,9.174016745,2,0,0
2025-09-27 18:13:26,750.616476,750,414079.36,9.174016745,2,0,0
2025-09-27 18:13:26,750.616476,750,414079.36,9.174016745,2,0,0
2025-09-27 18:13:29,752.828052,752,414079.36,9.174016745,2,0,0
2025-09-27 18:13:29,752.828052,752,414079.36,9.174016745,2,0,0
2025-09-27 18:13:29,753.425523,753,414079.36,9.174016745,2,0,0
2025-09-27 18:13:29,753.425523,753,414079.36,9.174016745,2,0,0
2025-09-27 18:13:31,754.993446,754,414079.36,9.174016745,2,0,0
2025-09-27 18:13:31,754.993446,754,414079.36,9.174016745,2,0,0
2025-09-27 18:13:32,755.825111,755,414079.36,9.174016745,2,0,0
2025-09-27 18:13:32,755.82611,755,414079.36,9.174016745,2,0,0
2025-09-27 18:13:32,756.671905,756,413887.27,9.123370721,2,0,0
2025-09-27 18:13:32,756.671905,756,414079.36,9.174016745,2,0,0
2025-09-27 18:13:33,757.420415,757,413887.27,9.123370721,2,0,0
2025-09-27 18:13:33,757.421639,757,414079.36,9.174016745,2,0,0
2025-09-27 18:13:34,757.948911,757,413887.27,9.123370721,2,0,0
2025-09-27 18:13:34,757.949859,757,413961.23,9.142871277,2,0,0
2025-09-27 18:13:34,758.695871,758,413887.27,9.123370721,2,0,0
2025-09-27 18:13:34,758.695871,758,413893.24,9.124944339,2,0,0
2025-09-27 18:13:36,759.760351,759,413885.58,9.122925507,2,0,0
2025-09-27 18:13:36,759.760351,759,413887.27,9.123370721,2,0,0
2025-09-27 18:13:37,761.563707,761,413854.26,9.114667545,2,0,0
2025-09-27 18:13:37,761.563707,761,413885.58,9.122925507,2,0,0
2025-09-27 18:13:38,762.267957,762,413854.26,9.114667545,2,0,0
2025-09-27 18:13:38,762.267957,762,413854.26,9.114667545,2,0,0
2025-09-27 18:13:39,762.99293,762,413854.26,9.114667545,2,0,0
2025-09-27 18:13:39,762.99293,762,413854.26,9.114667545,2,0,0
2025-09-27 18:13:39,763.636075,763,413854.26,9.114667545,2,0,0
2025-09-27 18:13:39,763.636075,763,413854.26,9.114667545,2,0,0
2025-09-27 18:13:40,764.250072,764,413854.26,9.114667545,2,0,0
2025-09-27 18:13:40,764.250072,764,413854.26,9.114667545,2,0,0
2025-09-27 18:13:41,765.54641,765,413408.31,8.997091008,2,0,0
2025-09-27 18:13:41,765.54641,765,413854.26,9.114667545,2,0,0
2025-09-27 18:13:43,766.755595,766,413408.31,8.997091008,2,0,0
2025-09-27 18:13:43,766.755595,766,413854.26,9.114667545,2,0,0
2025-09-27 18:13:43,767.566692,767,413351.32,8.982066589,2,0,0
2025-09-27 18:13:43,767.566692,767,413408.31,8.997091008,2,0,0
2025-09-27 18:13:44,768.227534,768,413351.32,8.982066589,2,0,0
2025-09-27 18:13:44,768.227534,768,413408.31,8.997091008,2,0,0
2025-09-27 18:13:44,768.714746,768,413351.32,8.982066589,2,0,0
2025-09-27 18:13:44,768.714746,768,413408.31,8.997091008,2,0,0
2025-09-27 18:13:45,769.277786,769,413351.32,8.982066589,2,0,0
2025-09-27 18:13:45,769.292754,769,413351.32,8.982066589,2,0,0
2025-09-27 18:13:46,770.639785,770,413351.32,8.982066589,2,0,0
2025-09-27 18:13:46,770.639785,770,413351.32,8.982066589,2,0,0
2025-09-27 18:13:47,771.260183,771,413351.32,8.982066589,2,0,0
2025-09-27 18:13:47,771.260183,771,413351.32,8.982066589,2,0,0
2025-09-27 18:13:48,771.974678,771,413351.32,8.982066589,2,0,0
2025-09-27 18:13:48,771.974678,771,413351.32,8.982066589,2,0,0
2025-09-27 18:13:48,772.607893,772,413351.32,8.982066589,2,0,0
2025-09-27 18:13:48,772.618805,772,413351.32,8.982066589,2,0,0
2025-09-27 18:13:49,773.368227,773,413351.32,8.982066589,2,0,0
2025-09-27 18:13:49,773.368227,773,413351.32,8.982066589,2,0,0
2025-09-27 18:13:50,773.966764,773,413349.63,8.981621376,2,0,0
2025-09-27 18:13:50,773.966764,773,413351.32,8.982066589,2,0,0
2025-09-27 18:13:50,774.629538,774,413349.63,8.981621376,2,0,0
2025-09-27 18:13:50,774.629538,774,413351.32,8.982066589,2,0,0
2025-09-27 18:13:51,775.552887,775,413329.73,8.976372562,2,0,0
2025-09-27 18:13:51,775.552887,775,413349.63,8.981621376,2,0,0
2025-09-27 18:13:52,776.168768,776,413329.73,8.976372562,2,0,0
2025-09-27 18:13:52,776.168768,776,413349.63,8.981621376,2,0,0
2025-09-27 18:13:53,776.805337,776,413329.73,8.976372562,2,0,0
2025-09-27 18:13:53,776.805337,776,413349.63,8.981621376,2,0,0
2025-09-27 18:13:53,777.383209,777,413144.36,8.927499712,2,0,0
2025-09-27 18:13:53,777.384721,777,413329.73,8.976372562,2,0,0
2025-09-27 18:13:54,778.323483,778,413144.36,8.927499712,2,0,0
2025-09-27 18:13:54,778.323483,778,413144.36,8.927499712,2,0,0
2025-09-27 18:13:55,778.858708,778,413144.36,8.927499712,2,0,0
2025-09-27 18:13:55,778.860721,778,413144.36,8.927499712,2,0,0
2025-09-27 18:13:55,779.383815,779,413144.36,8.927499712,2,0,0
2025-09-27 18:13:55,779.383815,779,413144.36,8.927499712,2,0,0
2025-09-27 18:13:56,780.137133,780,413144.36,8.927499712,2,0,0
2025-09-27 18:13:56,780.137133,780,413144.36,8.927499712,2,0,0
2025-09-27 18:13:57,780.736333,780,413144.36,8.927499712,2,0,0
2025-09-27 18:13:57,780.737112,780,413144.36,8.927499712,2,0,0
2025-09-27 18:13:57,781.41049,781,413144.36,8.927499712,2,0,0
2025-09-27 18:13:57,781.411687,781,413144.36,8.927499712,2,0,0
2025-09-27 18:13:58,781.970505,781,413144.36,8.927499712,2,0,0
2025-09-27 18:13:58,781.970505,781,413144.36,8.927499712,2,0,0
2025-09-27 18:13:58,782.477071,782,412750.01,8.823526112,2,0,0
2025-09-27 18:13:58,782.482125,782,413144.36,8.927499712,2,0,0
2025-09-27 18:14:00,783.827568,783,412750.01,8.823526112,2,0,0
2025-09-27 18:14:00,783.827568,783,412750.01,8.823526112,2,0,0
2025-09-27 18:14:01,785.020364,785,412595.53,8.78279684,2,0,0
2025-09-27 18:14:01,785.020364,785,412750.01,8.823526112,2,0,0
2025-09-27 18:14:01,785.611027,785,412595.53,8.78279684,2,0,0
2025-09-27 18:14:01,785.611027,785,412750.01,8.823526112,2,0,0
2025-09-27 18:14:11,795.313945,795,412595.53,8.78279684,2,0,0
2025-09-27 18:14:11,795.313945,795,412595.53,8.78279684,2,0,0
2025-09-27 18:14:13,796.750094,796,412591.03,8.781612486,2,0,0
2025-09-27 18:14:13,796.750094,796,412595.53,8.78279684,2,0,0
2025-09-27 18:14:14,798.645128,798,412508.65,8.759892977,2,0,0
2025-09-27 18:14:14,798.645128,798,412589.24,8.78113848,2,0,0
2025-09-27 18:14:16,799.731259,799,412508.65,8.759892977,2,0,0
2025-09-27 18:14:16,799.731259,799,412589.24,8.78113848,2,0,0
2025-09-27 18:14:17,801.275135,801,412508.65,8.759892977,2,0,0
2025-09-27 18:14:17,801.279798,801,412508.65,8.759892977,2,0,0
2025-09-27 18:14:21,805.021508,805,407156.67,7.34881652,2,0,0
2025-09-27 18:14:21,805.023523,805,412508.65,8.759892977,2,0,0
2025-09-27 18:14:22,805.988455,805,407156.67,7.34881652,2,0,0
2025-09-27 18:14:22,805.989969,805,409136.43,7.870790116,2,0,0
2025-09-27 18:14:23,807.069405,807,407156.67,7.34881652,2,0,0
2025-09-27 18:14:23,807.071421,807,407381.16,7.408005502,2,0,0
2025-09-27 18:14:24,808.448076,808,407156.67,7.34881652,2,0,0
2025-09-27 18:14:24,808.454683,808,407156.67,7.34881652,2,0,0
2025-09-27 18:14:25,809.160124,809,407156.67,7.34881652,2,0,0
2025-09-27 18:14:25,809.160124,809,407156.67,7.34881652,2,0,0
2025-09-27 18:14:26,809.953115,809,407156.67,7.34881652,2,0,0
2025-09-27 18:14:26,809.953115,809,407156.67,7.34881652,2,0,0
2025-09-27 18:14:27,811.033344,811,407156.67,7.34881652,2,0,0
2025-09-27 18:14:27,811.033344,811,407156.67,7.34881652,2,0,0
2025-09-27 18:14:28,811.980219,811,407156.67,7.34881652,2,0,0
2025-09-27 18:14:28,811.980219,811,407156.67,7.34881652,2,0,0
2025-09-27 18:14:29,812.777605,812,407156.67,7.34881652,2,0,0
2025-09-27 18:14:29,812.777605,812,407156.67,7.34881652,2,0,0
2025-09-27 18:14:30,813.785937,813,407156.67,7.34881652,2,0,0
2025-09-27 18:14:30,813.785937,813,407156.67,7.34881652,2,0,0
2025-09-27 18:14:31,815.379059,815,407156.67,7.34881652,2,0,0
2025-09-27 18:14:31,815.379059,815,407156.67,7.34881652,2,0,0
2025-09-27 18:14:32,816.202954,816,407129.39,7.341622708,2,0,0
2025-09-27 18:14:32,816.202954,816,407156.67,7.34881652,2,0,0
2025-09-27 18:14:33,816.961894,816,407053.16,7.321525179,2,0,0
2025-09-27 18:14:33,816.961894,816,407129.39,7.341622708,2,0,0
2025-09-27 18:14:34,818.018514,818,407053.16,7.321525179,2,0,0
2025-09-27 18:14:34,818.020577,818,407129.39,7.341622708,2,0,0
2025-09-27 18:14:35,818.862867,818,407053.16,7.321525179,2,0,0
2025-09-27 18:14:35,818.865434,818,407129.39,7.341622708,2,0,0
2025-09-27 18:14:35,819.608111,819,407053.16,7.321525179,2,0,0
2025-09-27 18:14:35,819.610123,819,407053.16,7.321525179,2,0,0
2025-09-27 18:14:36,820.3835,820,407053.16,7.321525179,2,0,0
2025-09-27 18:14:36,820.3835,820,407053.16,7.321525179,2,0,0
2025-09-27 18:14:37,821.095312,821,407053.16,7.321525179,2,0,0
2025-09-27 18:14:37,821.097325,821,407053.16,7.321525179,2,0,0
2025-09-27 18:14:38,821.777445,821,407053.16,7.321525179,2,0,0
2025-09-27 18:14:38,821.777445,821,407053.16,7.321525179,2,0,0
2025-09-27 18:14:38,822.387658,822,406825.22,7.261426744,2,0,0
2025-09-27 18:14:38,822.392978,822,407053.16,7.321525179,2,0,0
2025-09-27 18:14:39,822.955725,822,406825.22,7.261426744,2,0,0
2025-09-27 18:14:39,822.955725,822,407053.16,7.321525179,2,0,0
2025-09-27 18:14:40,823.997998,823,406825.22,7.261426744,2,0,0
2025-09-27 18:14:40,823.997998,823,407053.16,7.321525179,2,0,0
2025-09-27 18:14:40,824.519955,824,406825.22,7.261426744,2,0,0
2025-09-27 18:14:40,824.519955,824,406915.64,7.285266909,2,0,0
2025-09-27 18:14:41,825.5738,825,406825.22,7.261426744,2,0,0
2025-09-27 18:14:41,825.5738,825,406881.17,7.276179596,2,0,0
2025-09-27 18:14:42,826.264855,826,406825.22,7.261426744,2,0,0
2025-09-27 18:14:42,826.264855,826,406881.17,7.276179596,2,0,0
2025-09-27 18:14:43,827.402958,827,406825.22,7.261426744,2,0,0
2025-09-27 18:14:43,827.402958,827,406881.17,7.276179596,2,0,0
2025-09-27 18:14:44,828.50237,828,406825.22,7.261426744,2,0,0
2025-09-27 18:14:44,828.50237,828,406881.17,7.276179596,2,0,0
2025-09-27 18:14:46,829.952553,829,406825.22,7.261426744,2,0,0
2025-09-27 18:14:46,829.952553,829,406847.84,7.267393073,2,0,0
2025-09-27 18:14:46,830.515504,830,406825.22,7.261426744,2,0,0
2025-09-27 18:14:46,830.515504,830,406847.84,7.267393073,2,0,0
2025-09-27 18:14:48,831.833796,831,406825.22,7.261426744,2,0,0
2025-09-27 18:14:48,831.833796,831,406825.22,7.261426744,2,0,0
2025-09-27 18:14:48,832.502794,832,406825.22,7.261426744,2,0,0
2025-09-27 18:14:48,832.502794,832,406825.22,7.261426744,2,0,0
2025-09-27 18:14:49,833.299927,833,406825.22,7.261426744,2,0,0
2025-09-27 18:14:49,833.299927,833,406825.22,7.261426744,2,0,0
2025-09-27 18:14:50,833.976614,833,406825.22,7.261426744,2,0,0
2025-09-27 18:14:50,833.976614,833,406825.22,7.261426744,2,0,0
2025-09-27 18:14:50,834.589024,834,406825.22,7.261426744,2,0,0
2025-09-27 18:14:50,834.589024,834,406825.22,7.261426744,2,0,0
2025-09-27 18:14:51,835.23288,835,406825.22,7.261426744,2,0,0
2025-09-27 18:14:51,835.23288,835,406825.22,7.261426744,2,0,0
2025-09-27 18:14:52,836.029286,836,406598.02,7.201525023,2,0,0
2025-09-27 18:14:52,836.029286,836,406680.89,7.223374287,2,0,0
2025-09-27 18:14:52,836.642604,836,406598.02,7.201525023,2,0,0
2025-09-27 18:14:52,836.642604,836,406680.89,7.223374287,2,0,0
2025-09-27 18:14:54,837.755931,837,406598.02,7.201525023,2,0,0
2025-09-27 18:14:54,837.755931,837,406680.74,7.223334251,2,0,0
2025-09-27 18:14:54,838.338997,838,406598.02,7.201525023,2,0,0
2025-09-27 18:14:54,838.338997,838,406598.02,7.201525023,2,0,0
2025-09-27 18:14:55,839.075737,839,406598.02,7.201525023,2,0,0
2025-09-27 18:14:55,839.075737,839,406598.02,7.201525023,2,0,0
2025-09-27 18:14:56,839.922608,839,406598.02,7.201525023,2,0,0
2025-09-27 18:14:56,839.922608,839,406598.02,7.201525023,2,0,0
2025-09-27 18:14:57,840.862557,840,406598.02,7.201525023,2,0,0
2025-09-27 18:14:57,840.862557,840,406598.02,7.201525023,2,0,0
2025-09-27 18:14:58,841.910868,841,406301.51,7.123348503,2,0,0
2025-09-27 18:14:58,841.910868,841,406598.02,7.201525023,2,0,0
2025-09-27 18:14:58,842.514245,842,406301.51,7.123348503,2,0,0
2025-09-27 18:14:58,842.514245,842,406598.02,7.201525023,2,0,0
2025-09-27 18:14:59,843.336593,843,406301.51,7.123348503,2,0,0
2025-09-27 18:14:59,843.336593,843,406301.51,7.123348503,2,0,0
2025-09-27 18:15:00,844.27222,844,406301.51,7.123348503,2,0,0
2025-09-27 18:15:00,844.27222,844,406301.51,7.123348503,2,0,0
2025-09-27 18:15:01,845.321233,845,406301.51,7.123348503,2,0,0
2025-09-27 18:15:01,845.32174,845,406301.51,7.123348503,2,0,0
2025-09-27 18:15:02,845.930369,845,406301.51,7.123348503,2,0,0
2025-09-27 18:15:02,845.931369,845,406301.51,7.123348503,2,0,0
2025-09-27 18:15:02,846.69555,846,406301.51,7.123348503,2,0,0
2025-09-27 18:15:02,846.711551,846,406301.51,7.123348503,2,0,0
2025-09-27 18:15:03,847.667651,847,406301.51,7.123348503,2,0,0
2025-09-27 18:15:03,847.667651,847,406301.51,7.123348503,2,0,0
2025-09-27 18:15:04,848.485909,848,406301.51,7.123348503,2,0,0
2025-09-27 18:15:04,848.485909,848,406301.51,7.123348503,2,0,0
2025-09-27 18:15:05,849.035425,849,406301.51,7.123348503,2,0,0
2025-09-27 18:15:05,849.035425,849,406301.51,7.123348503,2,0,0
2025-09-27 18:15:06,849.782609,849,406300.78,7.123155706,2,0,0
2025-09-27 18:15:06,849.782609,849,406301.51,7.123348503,2,0,0
2025-09-27 18:15:06,850.536497,850,406300.78,7.123155706,2,0,0
2025-09-27 18:15:06,850.536497,850,406301.51,7.123348503,2,0,0
2025-09-27 18:15:07,851.57337,851,406300.78,7.123155706,2,0,0
2025-09-27 18:15:07,851.57337,851,406300.78,7.123155706,2,0,0
2025-09-27 18:15:08,852.214167,852,406300.78,7.123155706,2,0,0
2025-09-27 18:15:08,852.214167,852,406300.78,7.123155706,2,0,0
2025-09-27 18:15:09,852.918831,852,406300.78,7.123155706,2,0,0
2025-09-27 18:15:09,852.918831,852,406300.78,7.123155706,2,0,0
2025-09-27 18:15:10,853.784584,853,406300.78,7.123155706,2,0,0
2025-09-27 18:15:10,853.784584,853,406300.78,7.123155706,2,0,0
2025-09-27 18:15:10,854.268413,854,406300.78,7.123155706,2,0,0
2025-09-27 18:15:10,854.268413,854,406300.78,7.123155706,2,0,0
2025-09-27 18:15:11,854.925431,854,406300.78,7.123155706,2,0,0
2025-09-27 18:15:11,854.926424,854,406300.78,7.123155706,2,0,0
2025-09-27 18:15:13,857.060113,857,406300.78,7.123155706,2,0,0
2025-09-27 18:15:13,857.061111,857,406300.78,7.123155706,2,0,0
2025-09-27 18:15:14,857.95338,857,406300.78,7.123155706,2,0,0
2025-09-27 18:15:14,857.95338,857,406300.78,7.123155706,2,0,0
2025-09-27 18:15:15,858.744233,858,406300.78,7.123155706,2,0,0
2025-09-27 18:15:15,858.746245,858,406300.78,7.123155706,2,0,0
2025-09-27 18:15:15,859.648301,859,406300.78,7.123155706,2,0,0
2025-09-27 18:15:15,859.648301,859,406300.78,7.123155706,2,0,0
2025-09-27 18:15:16,860.252113,860,406300.78,7.123155706,2,0,0
2025-09-27 18:15:16,860.253146,860,406300.78,7.123155706,2,0,0
2025-09-27 18:15:18,861.981763,861,406300.78,7.123155706,2,0,0
2025-09-27 18:15:18,861.981763,861,406300.78,7.123155706,2,0,0
2025-09-27 18:15:19,862.735584,862,406300.78,7.123155706,2,0,0
2025-09-27 18:15:19,862.735584,862,406300.78,7.123155706,2,0,0
2025-09-27 18:15:19,863.533695,863,406272.72,7.115758665,2,0,0
2025-09-27 18:15:19,863.533695,863,406300.78,7.123155706,2,0,0
2025-09-27 18:15:20,864.128917,864,406272.72,7.115758665,2,0,0
2025-09-27 18:15:20,864.128917,864,406300.78,7.123155706,2,0,0
2025-09-27 18:15:28,872.47032,872,405396.84,6.884827575,2,0,0
2025-09-27 18:15:28,872.47032,872,406272.72,7.115758665,2,0,0
2025-09-27 18:15:29,873.052174,873,405396.84,6.884827575,2,0,0
2025-09-27 18:15:29,873.06782,873,405401.86,6.886152019,2,0,0
2025-09-27 18:15:30,874.491185,874,405396.84,6.884827575,2,0,0
2025-09-27 18:15:30,874.491185,874,405401.86,6.886152019,2,0,0
2025-09-27 18:15:31,875.656096,875,405396.84,6.884827575,2,0,0
2025-09-27 18:15:31,875.656096,875,405401.86,6.886152019,2,0,0
2025-09-27 18:15:32,876.29834,876,405396.84,6.884827575,2,0,0
2025-09-27 18:15:32,876.314469,876,405401.86,6.886152019,2,0,0
2025-09-27 18:15:33,877.570682,877,405396.84,6.884827575,2,0,0
2025-09-27 18:15:33,877.570682,877,405396.84,6.884827575,2,0,0
2025-09-27 18:15:34,878.068721,878,405396.84,6.884827575,2,0,0
2025-09-27 18:15:34,878.068721,878,405396.84,6.884827575,2,0,0
2025-09-27 18:15:34,878.637507,878,405396.84,6.884827575,2,0,0
2025-09-27 18:15:34,878.637507,878,405396.84,6.884827575,2,0,0
2025-09-27 18:15:35,879.336429,879,405396.84,6.884827575,2,0,0
2025-09-27 18:15:35,879.336429,879,405396.84,6.884827575,2,0,0
2025-09-27 18:15:36,880.334905,880,405396.84,6.884827575,2,0,0
2025-09-27 18:15:36,880.334905,880,405396.84,6.884827575,2,0,0
2025-09-27 18:15:37,880.954118,880,405396.84,6.884827575,2,0,0
2025-09-27 18:15:37,880.954118,880,405396.84,6.884827575,2,0,0
2025-09-27 18:15:37,881.551311,881,405396.84,6.884827575,2,0,0
2025-09-27 18:15:37,881.551311,881,405396.84,6.884827575,2,0,0
2025-09-27 18:15:38,882.537061,882,404738.51,6.711255905,2,0,0
2025-09-27 18:15:38,882.537061,882,405396.84,6.884827575,2,0,0
2025-09-27 18:15:40,884.216992,884,404738.51,6.711255905,2,0,0
2025-09-27 18:15:40,884.216992,884,405396.84,6.884827575,2,0,0
2025-09-27 18:15:41,884.851536,884,404738.51,6.711255905,2,0,0
2025-09-27 18:15:41,884.851536,884,405396.84,6.884827575,2,0,0
2025-09-27 18:15:41,885.490273,885,404738.51,6.711255905,2,0,0
2025-09-27 18:15:41,885.490273,885,404738.51,6.711255905,2,0,0
2025-09-27 18:15:42,886.544782,886,404716.84,6.705542581,2,0,0
2025-09-27 18:15:42,886.544782,886,404738.51,6.711255905,2,0,0
2025-09-27 18:15:43,887.479796,887,404716.84,6.705542581,2,0,0
2025-09-27 18:15:43,887.479796,887,404716.84,6.705542581,2,0,0
2025-09-27 18:15:44,888.672743,888,404716.84,6.705542581,2,0,0
2025-09-27 18:15:44,888.672743,888,404716.84,6.705542581,2,0,0
2025-09-27 18:15:45,889.500682,889,404716.84,6.705542581,2,0,0
2025-09-27 18:15:45,889.500682,889,404716.84,6.705542581,2,0,0
2025-09-27 18:15:46,890.224754,890,404716.84,6.705542581,2,0,0
2025-09-27 18:15:46,890.224754,890,404716.84,6.705542581,2,0,0
2025-09-27 18:15:47,890.771348,890,404716.84,6.705542581,2,0,0
2025-09-27 18:15:47,890.771348,890,404716.84,6.705542581,2,0,0
2025-09-27 18:15:47,891.305382,891,404716.84,6.705542581,2,0,0
2025-09-27 18:15:47,891.30712,891,404716.84,6.705542581,2,0,0
2025-09-27 18:15:48,892.168347,892,404716.84,6.705542581,2,0,0
2025-09-27 18:15:48,892.168347,892,404716.84,6.705542581,2,0,0
2025-09-27 18:15:49,892.773635,892,404599.04,6.674484383,2,0,0
2025-09-27 18:15:49,892.773635,892,404716.84,6.705542581,2,0,0
2025-09-27 18:15:50,893.845748,893,404599.04,6.674484383,2,0,0
2025-09-27 18:15:50,893.845748,893,404599.04,6.674484383,2,0,0
2025-09-27 18:15:50,894.458081,894,404599.04,6.674484383,2,0,0
2025-09-27 18:15:50,894.458081,894,404599.04,6.674484383,2,0,0
2025-09-27 18:15:51,895.420119,895,403288.81,6.329037666,2,0,0
2025-09-27 18:15:51,895.420119,895,404599.04,6.674484383,2,0,0
2025-09-27 18:15:52,896.495392,896,403288.81,6.329037666,2,0,0
2025-09-27 18:15:52,896.495392,896,403562.11,6.401093817,2,0,0
2025-09-27 18:15:53,897.377256,897,403288.81,6.329037666,2,0,0
2025-09-27 18:15:53,897.379268,897,403384.1,6.354161029,2,0,0
2025-09-27 18:15:54,897.916494,897,403288.81,6.329037666,2,0,0
2025-09-27 18:15:54,897.916494,897,403384.1,6.354161029,2,0,0
2025-09-27 18:15:55,899.03366,899,403288.81,6.329037666,2,0,0
2025-09-27 18:15:55,899.03366,899,403384.1,6.354161029,2,0,0
2025-09-27 18:15:55,899.617167,899,403288.81,6.329037666,2,0,0
2025-09-27 18:15:55,899.617167,899,403342.31,6.343142388,2,0,0
2025-09-27 18:15:56,900.238875,900,403288.81,6.329037666,2,0,0
2025-09-27 18:15:56,900.238875,900,403342.31,6.343142388,2,0,0
2025-09-27 18:15:57,900.793485,900,403288.81,6.329037666,2,0,0
2025-09-27 18:15:57,900.795494,900,403288.81,6.329037666,2,0,0
2025-09-27 18:15:57,901.409363,901,403288.81,6.329037666,2,0,0
2025-09-27 18:15:57,901.409363,901,403288.81,6.329037666,2,0,0
2025-09-27 18:15:58,901.936892,901,403288.81,6.329037666,2,0,0
2025-09-27 18:15:58,901.936892,901,403288.81,6.329037666,2,0,0
2025-09-27 18:15:59,902.91746,902,403288.81,6.329037666,2,0,0
2025-09-27 18:15:59,902.91746,902,403288.81,6.329037666,2,0,0
2025-09-27 18:16:00,903.737032,903,403288.81,6.329037666,2,0,0
2025-09-27 18:16:00,903.737032,903,403288.81,6.329037666,2,0,0
2025-09-27 18:16:01,905.059078,905,403288.81,6.329037666,2,0,0
2025-09-27 18:16:01,905.059078,905,403288.81,6.329037666,2,0,0
2025-09-27 18:16:01,905.656599,905,403288.81,6.329037666,2,0,0
2025-09-27 18:16:01,905.656599,905,403288.81,6.329037666,2,0,0
2025-09-27 18:16:02,906.435301,906,403288.81,6.329037666,2,0,0
2025-09-27 18:16:02,906.435301,906,403288.81,6.329037666,2,0,0
2025-09-27 18:16:03,907.127485,907,403288.81,6.329037666,2,0,0
2025-09-27 18:16:03,907.127485,907,403288.81,6.329037666,2,0,0
2025-09-27 18:16:04,907.831146,907,403288.81,6.329037666,2,0,0
2025-09-27 18:16:04,907.833154,907,403288.81,6.329037666,2,0,0
2025-09-27 18:16:05,909.116556,909,403272.88,6.32483626,2,0,0
2025-09-27 18:16:05,909.116556,909,403288.81,6.329037666,2,0,0
2025-09-27 18:16:06,909.841788,909,403272.88,6.32483626,2,0,0
2025-09-27 18:16:06,909.841788,909,403288.81,6.329037666,2,0,0
2025-09-27 18:16:06,910.667104,910,403272.88,6.32483626,2,0,0
2025-09-27 18:16:06,910.667104,910,403288.81,6.329037666,2,0,0
2025-09-27 18:16:07,911.474953,911,403272.88,6.32483626,2,0,0
2025-09-27 18:16:07,911.474953,911,403288.81,6.329037666,2,0,0
2025-09-27 18:16:09,913.289973,913,403272.88,6.32483626,2,0,0
2025-09-27 18:16:09,913.289973,913,403272.88,6.32483626,2,0,0
2025-09-27 18:16:11,914.828014,914,401944.3,5.974548956,2,0,0
2025-09-27 18:16:11,914.828915,914,403272.88,6.32483626,2,0,0
2025-09-27 18:16:11,915.498443,915,401944.3,5.974548956,2,0,0
2025-09-27 18:16:11,915.498443,915,401944.3,5.974548956,2,0,0
2025-09-27 18:16:12,916.132553,916,401944.3,5.974548956,2,0,0
2025-09-27 18:16:12,916.132553,916,401944.3,5.974548956,2,0,0
2025-09-27 18:16:13,916.987034,916,401944.3,5.974548956,2,0,0
2025-09-27 18:16:13,916.987034,916,401944.3,5.974548956,2,0,0
2025-09-27 18:16:13,917.695968,917,401944.3,5.974548956,2,0,0
2025-09-27 18:16:13,917.695968,917,401944.3,5.974548956,2,0,0
2025-09-27 18:16:15,918.932155,918,401944.3,5.974548956,2,0,0
2025-09-27 18:16:15,918.932155,918,401944.3,5.974548956,2,0,0
2025-09-27 18:16:15,919.717492,919,401944.3,5.974548956,2,0,0
2025-09-27 18:16:15,919.717492,919,401944.3,5.974548956,2,0,0
2025-09-27 18:16:16,920.375789,920,401944.3,5.974548956,2,0,0
2025-09-27 18:16:16,920.375789,920,401944.3,5.974548956,2,0,0
2025-09-27 18:16:17,921.021579,921,401944.3,5.974548956,2,0,0
2025-09-27 18:16:17,921.021579,921,401944.3,5.974548956,2,0,0
2025-09-27 18:16:17,921.649215,921,401944.3,5.974548956,2,0,0
2025-09-27 18:16:17,921.649215,921,401944.3,5.974548956,2,0,0
2025-09-27 18:16:18,922.303388,922,401944.3,5.974548956,2,0,0
2025-09-27 18:16:18,922.303388,922,401944.3,5.974548956,2,0,0
2025-09-27 18:16:19,923.13628,923,401944.3,5.974548956,2,0,0
2025-09-27 18:16:19,923.13628,923,401944.3,5.974548956,2,0,0
2025-09-27 18:16:20,923.855743,923,401944.3,5.974548956,2,0,0
2025-09-27 18:16:20,923.855743,923,401944.3,5.974548956,2,0,0
2025-09-27 18:16:21,925.320458,925,401933.72,5.971761605,2,0,0
2025-09-27 18:16:21,925.320458,925,401944.3,5.974548956,2,0,0
2025-09-27 18:16:22,925.963417,925,401933.72,5.971761605,2,0,0
2025-09-27 18:16:22,925.96437,925,401944.3,5.974548956,2,0,0
2025-09-27 18:16:22,926.648693,926,401933.72,5.971761605,2,0,0
2025-09-27 18:16:22,926.648693,926,401944.3,5.974548956,2,0,0
2025-09-27 18:16:23,927.21394,927,401392.18,5.828980196,2,0,0
2025-09-27 18:16:23,927.230395,927,401933.72,5.971761605,2,0,0
2025-09-27 18:16:24,927.937831,927,401392.18,5.828980196,2,0,0
2025-09-27 18:16:24,927.937831,927,401933.72,5.971761605,2,0,0
2025-09-27 18:16:25,928.861032,928,401392.18,5.828980196,2,0,0
2025-09-27 18:16:25,928.861032,928,401933.72,5.971761605,2,0,0
2025-09-27 18:16:26,930.295894,930,401392.18,5.828980196,2,0,0
2025-09-27 18:16:26,930.295894,930,401474.9,5.850789424,2,0,0
2025-09-27 18:16:27,930.882982,930,401392.18,5.828980196,2,0,0
2025-09-27 18:16:27,930.882982,930,401474.9,5.850789424,2,0,0
2025-09-27 18:16:27,931.569417,931,401392.18,5.828980196,2,0,0
2025-09-27 18:16:27,931.569417,931,401474.9,5.850789424,2,0,0
2025-09-27 18:16:28,932.12325,932,401392.18,5.828980196,2,0,0
2025-09-27 18:16:28,932.12325,932,401392.18,5.828980196,2,0,0
2025-09-27 18:16:29,933.029454,933,401391.07,5.828688122,2,0,0
2025-09-27 18:16:29,933.029454,933,401392.18,5.828980196,2,0,0
2025-09-27 18:16:30,933.867148,933,401391.07,5.828688122,2,0,0
2025-09-27 18:16:30,933.867148,933,401392.18,5.828980196,2,0,0
2025-09-27 18:16:30,934.599234,934,401391.07,5.828688122,2,0,0
2025-09-27 18:16:30,934.599234,934,401391.07,5.828688122,2,0,0
2025-09-27 18:16:32,935.808666,935,401391.07,5.828688122,2,0,0
2025-09-27 18:16:32,935.808666,935,401391.07,5.828688122,2,0,0
2025-09-27 18:16:33,936.779228,936,401330.95,5.812836386,2,0,0
2025-09-27 18:16:33,936.779228,936,401391.07,5.828688122,2,0,0
2025-09-27 18:16:33,937.329969,937,401330.95,5.812836386,2,0,0
2025-09-27 18:16:33,937.345917,937,401391.07,5.828688122,2,0,0
2025-09-27 18:16:34,938.087648,938,401330.95,5.812836386,2,0,0
2025-09-27 18:16:34,938.087648,938,401391.07,5.828688122,2,0,0
2025-09-27 18:16:35,939.222478,939,401324.42,5.811114725,2,0,0
2025-09-27 18:16:35,939.222478,939,401330.95,5.812836386,2,0,0
2025-09-27 18:16:36,939.857443,939,401324.42,5.811114725,2,0,0
2025-09-27 18:16:36,939.857443,939,401324.42,5.811114725,2,0,0
2025-09-27 18:16:36,940.542852,940,401324.42,5.811114725,2,0,0
2025-09-27 18:16:36,940.542852,940,401324.42,5.811114725,2,0,0
2025-09-27 18:16:37,941.155589,941,401324.42,5.811114725,2,0,0
2025-09-27 18:16:37,941.155589,941,401324.42,5.811114725,2,0,0
2025-09-27 18:16:38,941.875456,941,401324.42,5.811114725,2,0,0
2025-09-27 18:16:38,941.877474,941,401324.42,5.811114725,2,0,0
2025-09-27 18:16:39,942.75691,942,401324.42,5.811114725,2,0,0
2025-09-27 18:16:39,942.75691,942,401324.42,5.811114725,2,0,0
2025-09-27 18:16:40,943.917474,943,401324.42,5.811114725,2,0,0
2025-09-27 18:16:40,943.917474,943,401324.42,5.811114725,2,0,0
2025-09-27 18:16:41,944.870474,944,401194.13,5.776763245,2,0,0
2025-09-27 18:16:41,944.872482,944,401324.42,5.811114725,2,0,0
2025-09-27 18:16:42,945.876595,945,401194.13,5.776763245,2,0,0
2025-09-27 18:16:42,945.876595,945,401324.42,5.811114725,2,0,0
2025-09-27 18:16:43,947.069842,947,401194.13,5.776763245,2,0,0
2025-09-27 18:16:43,947.069842,947,401194.13,5.776763245,2,0,0
2025-09-27 18:16:44,947.994781,947,401194.13,5.776763245,2,0,0
2025-09-27 18:16:44,947.996789,947,401194.13,5.776763245,2,0,0
2025-09-27 18:16:44,948.590117,948,401194.13,5.776763245,2,0,0
2025-09-27 18:16:44,948.590117,948,401194.13,5.776763245,2,0,0
2025-09-27 18:16:45,949.233632,949,401194.13,5.776763245,2,0,0
2025-09-27 18:16:45,949.233632,949,401194.13,5.776763245,2,0,0
2025-09-27 18:16:46,950.127405,950,401075,5.745354118,2,0,0
2025-09-27 18:16:46,950.127405,950,401194.13,5.776763245,2,0,0
2025-09-27 18:16:47,951.158524,951,401035.41,5.734917863,2,0,0
2025-09-27 18:16:47,951.174226,951,401075,5.745354118,2,0,0
2025-09-27 18:16:48,951.955295,951,401035.41,5.734917863,2,0,0
2025-09-27 18:16:48,951.955295,951,401075,5.745354118,2,0,0
2025-09-27 18:16:48,952.648421,952,401035.41,5.734917863,2,0,0
2025-09-27 18:16:48,952.648421,952,401075,5.745354118,2,0,0
2025-09-27 18:16:50,954.65283,954,401035.41,5.734917863,2,0,0
2025-09-27 18:16:50,954.65283,954,401035.41,5.734917863,2,0,0
2025-09-27 18:16:51,955.517523,955,401035.41,5.734917863,2,0,0
2025-09-27 18:16:51,955.533239,955,401035.41,5.734917863,2,0,0
2025-09-27 18:16:52,956.06832,956,401035.41,5.734917863,2,0,0
2025-09-27 18:16:52,956.06832,956,401035.41,5.734917863,2,0,0
2025-09-27 18:16:52,956.60009,956,401035.41,5.734917863,2,0,0
2025-09-27 18:16:52,956.60009,956,401035.41,5.734917863,2,0,0
2025-09-27 18:16:53,957.302717,957,401035.41,5.734917863,2,0,0
2025-09-27 18:16:53,957.302717,957,401035.41,5.734917863,2,0,0
2025-09-27 18:16:55,958.798972,958,400990.83,5.723162794,2,0,0
2025-09-27 18:16:55,958.798972,958,401035.41,5.734917863,2,0,0
2025-09-27 18:16:56,960.286622,960,400990.83,5.723162794,2,0,0
2025-09-27 18:16:56,960.286622,960,401035.41,5.734917863,2,0,0
2025-09-27 18:16:57,961.210779,961,400075.61,5.48186005,2,0,0
2025-09-27 18:16:57,961.210779,961,400990.83,5.723162794,2,0,0
2025-09-27 18:16:58,961.808482,961,400075.61,5.48186005,2,0,0
2025-09-27 18:16:58,961.808482,961,400185.68,5.510880219,2,0,0
2025-09-27 18:16:58,962.435066,962,400075.61,5.48186005,2,0,0
2025-09-27 18:16:58,962.435066,962,400075.61,5.48186005,2,0,0
2025-09-27 18:16:59,963.199703,963,399347.68,5.289939475,2,0,0
2025-09-27 18:16:59,963.199703,963,400075.61,5.48186005,2,0,0
2025-09-27 18:17:00,963.813676,963,399347.68,5.289939475,2,0,0
2025-09-27 18:17:00,963.813676,963,400075.61,5.48186005,2,0,0
2025-09-27 18:17:01,964.751658,964,399347.68,5.289939475,2,0,0
2025-09-27 18:17:01,964.751658,964,399347.68,5.289939475,2,0,0
2025-09-27 18:17:01,965.653967,965,399244.09,5.262626391,2,0,0
2025-09-27 18:17:01,965.653967,965,399347.68,5.289939475,2,0,0
2025-09-27 18:17:03,966.804361,966,399244.09,5.262626391,2,0,0
2025-09-27 18:17:03,966.804361,966,399289.27,5.274538889,2,0,0
2025-09-27 18:17:03,967.666166,967,399244.09,5.262626391,2,0,0
2025-09-27 18:17:03,967.667915,967,399250.62,5.264348051,2,0,0
2025-09-27 18:17:04,968.346134,968,399244.09,5.262626391,2,0,0
2025-09-27 18:17:04,968.348132,968,399244.09,5.262626391,2,0,0
2025-09-27 18:17:05,969.049804,969,399244.09,5.262626391,2,0,0
2025-09-27 18:17:05,969.049804,969,399244.09,5.262626391,2,0,0
2025-09-27 18:17:06,969.868173,969,399244.09,5.262626391,2,0,0
2025-09-27 18:17:06,969.868173,969,399244.09,5.262626391,2,0,0
2025-09-27 18:17:07,971.085387,971,399244.09,5.262626391,2,0,0
2025-09-27 18:17:07,971.087659,971,399244.09,5.262626391,2,0,0
2025-09-27 18:17:08,972.109864,972,399049.61,5.21135079,2,0,0
2025-09-27 18:17:08,972.110881,972,399244.09,5.262626391,2,0,0
2025-09-27 18:17:10,974.532119,974,399049.61,5.21135079,2,0,0
2025-09-27 18:17:10,974.532119,974,399078.07,5.218853372,2,0,0
2025-09-27 18:17:11,975.223441,975,399049.61,5.21135079,2,0,0
2025-09-27 18:17:11,975.22444,975,399049.61,5.21135079,2,0,0
2025-09-27 18:17:12,976.236438,976,399049.61,5.21135079,2,0,0
2025-09-27 18:17:12,976.236438,976,399049.61,5.21135079,2,0,0
2025-09-27 18:17:13,976.957088,976,399049.61,5.21135079,2,0,0
2025-09-27 18:17:13,976.957088,976,399049.61,5.21135079,2,0,0
2025-09-27 18:17:13,977.531157,977,399049.61,5.21135079,2,0,0
2025-09-27 18:17:13,977.531157,977,399049.61,5.21135079,2,0,0
2025-09-27 18:17:14,978.4355,978,399049.61,5.21135079,2,0,0
2025-09-27 18:17:14,978.436506,978,399049.61,5.21135079,2,0,0
2025-09-27 18:17:15,979.307657,979,399049.61,5.21135079,2,0,0
2025-09-27 18:17:15,979.307657,979,399049.61,5.21135079,2,0,0
2025-09-27 18:17:16,980.571566,980,399049.61,5.21135079,2,0,0
2025-09-27 18:17:16,980.571566,980,399049.61,5.21135079,2,0,0
2025-09-27 18:17:17,981.250261,981,399049.61,5.21135079,2,0,0
2025-09-27 18:17:17,981.250261,981,399049.61,5.21135079,2,0,0
2025-09-27 18:17:18,981.94831,981,399049.61,5.21135079,2,0,0
2025-09-27 18:17:18,981.94831,981,399049.61,5.21135079,2,0,0
2025-09-27 18:17:18,982.721769,982,399049.43,5.211302746,2,0,0
2025-09-27 18:17:18,982.721769,982,399049.61,5.21135079,2,0,0
2025-09-27 18:17:20,983.914911,983,399049.43,5.211302746,2,0,0
2025-09-27 18:17:20,983.914911,983,399049.43,5.211302746,2,0,0
2025-09-27 18:17:20,984.46456,984,399049.43,5.211302746,2,0,0
2025-09-27 18:17:20,984.46456,984,399049.43,5.211302746,2,0,0
2025-09-27 18:17:21,985.189726,985,399049.43,5.211302746,2,0,0
2025-09-27 18:17:21,985.189726,985,399049.43,5.211302746,2,0,0
2025-09-27 18:17:22,985.742782,985,399049.43,5.211302746,2,0,0
2025-09-27 18:17:22,985.742782,985,399049.43,5.211302746,2,0,0
2025-09-27 18:17:22,986.643301,986,399049.43,5.211302746,2,0,0
2025-09-27 18:17:22,986.643301,986,399049.43,5.211302746,2,0,0
2025-09-27 18:17:23,987.144992,987,399049.43,5.211302746,2,0,0
2025-09-27 18:17:23,987.144992,987,399049.43,5.211302746,2,0,0
2025-09-27 18:17:24,987.805397,987,399047.61,5.210823013,2,0,0
2025-09-27 18:17:24,987.805397,987,399049.43,5.211302746,2,0,0
2025-09-27 18:17:24,988.381422,988,399047.61,5.210823013,2,0,0
2025-09-27 18:17:24,988.383431,988,399049.43,5.211302746,2,0,0
2025-09-27 18:17:25,989.039731,989,398583.56,5.088475861,2,0,0
2025-09-27 18:17:25,989.039731,989,399047.61,5.210823013,2,0,0
2025-09-27 18:17:25,989.652709,989,398583.56,5.088475861,2,0,0
2025-09-27 18:17:25,989.652709,989,398747.33,5.131654047,2,0,0
2025-09-27 18:17:26,990.274181,990,398583.56,5.088475861,2,0,0
2025-09-27 18:17:26,990.274181,990,398583.56,5.088475861,2,0,0
2025-09-27 18:17:27,990.873395,990,398583.56,5.088475861,2,0,0
2025-09-27 18:17:27,990.873395,990,398583.56,5.088475861,2,0,0
2025-09-27 18:17:27,991.509663,991,398583.56,5.088475861,2,0,0
2025-09-27 18:17:27,991.509663,991,398583.56,5.088475861,2,0,0
2025-09-27 18:17:29,993.037629,993,398583.56,5.088475861,2,0,0
2025-09-27 18:17:29,993.037629,993,398583.56,5.088475861,2,0,0
2025-09-27 18:17:30,994.388824,994,398572.99,5.08568851,2,0,0
2025-09-27 18:17:30,994.388824,994,398583.56,5.088475861,2,0,0
2025-09-27 18:17:31,995.3693,995,398572.99,5.08568851,2,0,0
2025-09-27 18:17:31,995.370188,995,398583.56,5.088475861,2,0,0
2025-09-27 18:17:32,996.03445,996,398544.17,5.078089261,2,0,0
2025-09-27 18:17:32,996.03445,996,398572.99,5.08568851,2,0,0
2025-09-27 18:17:33,997.340457,997,398510.3,5.069159616,2,0,0
2025-09-27 18:17:33,997.340457,997,398544.17,5.078089261,2,0,0
2025-09-27 18:17:34,998.264829,998,398510.3,5.069159616,2,0,0
2025-09-27 18:17:34,998.264829,998,398510.3,5.069159616,2,0,0
2025-09-27 18:17:35,998.894073,998,398510.3,5.069159616,2,0,0
2025-09-27 18:17:35,998.894073,998,398510.3,5.069159616,2,0,0
2025-09-27 18:17:36,999.831888,999,398510.3,5.069159616,2,0,0
2025-09-27 18:17:36,999.831888,999,398510.3,5.069159616,2,0,0
2025-09-27 18:17:36,1000.651107,1000,398510.3,5.069159616,2,0,0
2025-09-27 18:17:36,1000.651107,1000,398510.3,5.069159616,2,0,0
2025-09-27 18:17:37,1001.464845,1001,398510.3,5.069159616,2,0,0
2025-09-27 18:17:37,1001.464845,1001,398510.3,5.069159616,2,0,0
2025-09-27 18:17:38,1002.355025,1002,398510.3,5.069159616,2,0,0
2025-09-27 18:17:38,1002.356776,1002,398510.3,5.069159616,2,0,0
2025-09-27 18:17:39,1003.066835,1003,398510.3,5.069159616,2,0,0
2025-09-27 18:17:39,1003.066835,1003,398510.3,5.069159616,2,0,0
2025-09-27 18:17:40,1003.969492,1003,398510.3,5.069159616,2,0,0
2025-09-27 18:17:40,1003.969492,1003,398510.3,5.069159616,2,0,0
2025-09-27 18:17:41,1004.97942,1004,398510.3,5.069159616,2,0,0
2025-09-27 18:17:41,1004.981168,1004,398510.3,5.069159616,2,0,0
2025-09-27 18:17:42,1006.405178,1006,398510.3,5.069159616,2,0,0
2025-09-27 18:17:42,1006.405178,1006,398510.3,5.069159616,2,0,0
2025-09-27 18:17:43,1007.032269,1007,398510.3,5.069159616,2,0,0
2025-09-27 18:17:43,1007.033273,1007,398510.3,5.069159616,2,0,0
2025-09-27 18:17:44,1008.235581,1008,398510.3,5.069159616,2,0,0
2025-09-27 18:17:44,1008.235581,1008,398510.3,5.069159616,2,0,0
2025-09-27 18:17:45,1009.121787,1009,396778.9,4.612667831,2,0,0
2025-09-27 18:17:45,1009.121787,1009,398510.3,5.069159616,2,0,0
2025-09-27 18:17:46,1009.73865,1009,396778.9,4.612667831,2,0,0
2025-09-27 18:17:46,1009.73865,1009,397249.62,4.736774323,2,0,0
2025-09-27 18:17:47,1011.130339,1011,396778.9,4.612667831,2,0,0
2025-09-27 18:17:47,1011.130339,1011,396778.9,4.612667831,2,0,0
2025-09-27 18:17:48,1012.072332,1012,396379.3,4.507309949,2,0,0
2025-09-27 18:17:48,1012.072332,1012,396778.9,4.612667831,2,0,0
2025-09-27 18:17:49,1012.731403,1012,396379.3,4.507309949,2,0,0
2025-09-27 18:17:49,1012.737226,1012,396379.3,4.507309949,2,0,0
2025-09-27 18:17:50,1013.972112,1013,396379.3,4.507309949,2,0,0
2025-09-27 18:17:50,1013.972112,1013,396379.3,4.507309949,2,0,0
2025-09-27 18:17:50,1014.60183,1014,396379.3,4.507309949,2,0,0
2025-09-27 18:17:50,1014.60183,1014,396379.3,4.507309949,2,0,0
2025-09-27 18:17:51,1015.391026,1015,396379.3,4.507309949,2,0,0
2025-09-27 18:17:51,1015.391026,1015,396379.3,4.507309949,2,0,0
2025-09-27 18:17:52,1016.265016,1016,396379.3,4.507309949,2,0,0
2025-09-27 18:17:52,1016.265016,1016,396379.3,4.507309949,2,0,0
2025-09-27 18:17:53,1016.812084,1016,396379.3,4.507309949,2,0,0
2025-09-27 18:17:53,1016.812084,1016,396379.3,4.507309949,2,0,0
2025-09-27 18:17:53,1017.558896,1017,396379.3,4.507309949,2,0,0
2025-09-27 18:17:53,1017.560906,1017,396379.3,4.507309949,2,0,0
2025-09-27 18:17:54,1018.134106,1018,396379.3,4.507309949,2,0,0
2025-09-27 18:17:54,1018.134106,1018,396379.3,4.507309949,2,0,0
2025-09-27 18:17:55,1019.009771,1019,396379.3,4.507309949,2,0,0
2025-09-27 18:17:55,1019.009771,1019,396379.3,4.507309949,2,0,0
2025-09-27 18:17:56,1019.754899,1019,396379.3,4.507309949,2,0,0
2025-09-27 18:17:56,1019.755898,1019,396379.3,4.507309949,2,0,0
2025-09-27 18:17:56,1020.273913,1020,396379.3,4.507309949,2,0,0
2025-09-27 18:17:56,1020.274923,1020,396379.3,4.507309949,2,0,0
2025-09-27 18:17:57,1020.855941,1020,396379.3,4.507309949,2,0,0
2025-09-27 18:17:57,1020.855941,1020,396379.3,4.507309949,2,0,0
2025-09-27 18:17:57,1021.485237,1021,396379.3,4.507309949,2,0,0
2025-09-27 18:17:57,1021.485237,1021,396379.3,4.507309949,2,0,0
2025-09-27 18:17:58,1022.194309,1022,396379.3,4.507309949,2,0,0
2025-09-27 18:17:58,1022.194309,1022,396379.3,4.507309949,2,0,0
2025-09-27 18:17:59,1023.228281,1023,396379.3,4.507309949,2,0,0
2025-09-27 18:17:59,1023.228281,1023,396379.3,4.507309949,2,0,0
2025-09-27 18:18:00,1024.023608,1024,396339.12,4.496717236,2,0,0
2025-09-27 18:18:00,1024.023608,1024,396379.3,4.507309949,2,0,0
2025-09-27 18:18:00,1024.686938,1024,396339.12,4.496717236,2,0,0
2025-09-27 18:18:00,1024.688892,1024,396379.3,4.507309949,2,0,0
2025-09-27 18:18:02,1025.848271,1025,396339.12,4.496717236,2,0,0
2025-09-27 18:18:02,1025.848271,1025,396339.12,4.496717236,2,0,0
2025-09-27 18:18:02,1026.650792,1026,396339.12,4.496717236,2,0,0
2025-09-27 18:18:02,1026.650792,1026,396339.12,4.496717236,2,0,0
2025-09-27 18:18:03,1027.222927,1027,396339.12,4.496717236,2,0,0
2025-09-27 18:18:03,1027.228076,1027,396339.12,4.496717236,2,0,0
2025-09-27 18:18:04,1028.464824,1028,396339.12,4.496717236,2,0,0
2025-09-27 18:18:04,1028.464824,1028,396339.12,4.496717236,2,0,0
2025-09-27 18:18:05,1029.221691,1029,396339.12,4.496717236,2,0,0
2025-09-27 18:18:05,1029.221691,1029,396339.12,4.496717236,2,0,0
2025-09-27 18:18:06,1029.857038,1029,396339.12,4.496717236,2,0,0
2025-09-27 18:18:06,1029.857038,1029,396339.12,4.496717236,2,0,0
2025-09-27 18:18:07,1031.145439,1031,396242,4.471109848,2,0,0
2025-09-27 18:18:07,1031.145439,1031,396339.12,4.496717236,2,0,0
2025-09-27 18:18:08,1032.243194,1032,396077.23,4.427669495,2,0,0
2025-09-27 18:18:08,1032.243194,1032,396242,4.471109848,2,0,0
2025-09-27 18:18:09,1033.469061,1033,396077.23,4.427669495,2,0,0
2025-09-27 18:18:09,1033.469061,1033,396242,4.471109848,2,0,0
2025-09-27 18:18:10,1034.172622,1034,396077.23,4.427669495,2,0,0
2025-09-27 18:18:10,1034.172622,1034,396193.49,4.458320579,2,0,0
2025-09-27 18:18:11,1035.015982,1035,396077.23,4.427669495,2,0,0
2025-09-27 18:18:11,1035.015982,1035,396077.23,4.427669495,2,0,0
2025-09-27 18:18:12,1035.841723,1035,396077.23,4.427669495,2,0,0
2025-09-27 18:18:12,1035.843732,1035,396077.23,4.427669495,2,0,0
2025-09-27 18:18:12,1036.415053,1036,396077.23,4.427669495,2,0,0
2025-09-27 18:18:12,1036.415053,1036,396077.23,4.427669495,2,0,0
2025-09-27 18:18:14,1038.029573,1038,396073.65,4.426724898,2,0,0
2025-09-27 18:18:14,1038.029573,1038,396077.23,4.427669495,2,0,0
2025-09-27 18:18:14,1038.610836,1038,396073.65,4.426724898,2,0,0
2025-09-27 18:18:14,1038.610836,1038,396077.23,4.427669495,2,0,0
2025-09-27 18:18:16,1039.867604,1039,396073.65,4.426724898,2,0,0
2025-09-27 18:18:16,1039.867604,1039,396077.23,4.427669495,2,0,0
2025-09-27 18:18:17,1040.886197,1040,396073.65,4.426724898,2,0,0
2025-09-27 18:18:17,1040.886197,1040,396073.65,4.426724898,2,0,0
2025-09-27 18:18:17,1041.504068,1041,394988.24,4.140551105,2,0,0
2025-09-27 18:18:17,1041.505075,1041,396073.65,4.426724898,2,0,0
2025-09-27 18:18:18,1042.286352,1042,394988.24,4.140551105,2,0,0
2025-09-27 18:18:18,1042.286352,1042,395273.94,4.215876728,2,0,0
2025-09-27 18:18:19,1043.297574,1043,394988.24,4.140551105,2,0,0
2025-09-27 18:18:19,1043.313288,1043,394988.24,4.140551105,2,0,0
2025-09-27 18:18:20,1043.894484,1043,394988.24,4.140551105,2,0,0
2025-09-27 18:18:20,1043.894484,1043,394988.24,4.140551105,2,0,0
2025-09-27 18:18:21,1044.849747,1044,394680.14,4.059319412,2,0,0
2025-09-27 18:18:21,1044.849747,1044,394988.24,4.140551105,2,0,0
2025-09-27 18:18:22,1045.788647,1045,394680.14,4.059319412,2,0,0
2025-09-27 18:18:22,1045.788647,1045,394694.73,4.063166559,2,0,0
2025-09-27 18:18:24,1048.611714,1048,394680.14,4.059319412,2,0,0
2025-09-27 18:18:24,1048.627582,1048,394694.59,4.063129237,2,0,0
2025-09-27 18:18:25,1049.646645,1049,394680.14,4.059319412,2,0,0
2025-09-27 18:18:25,1049.648655,1049,394694.59,4.063129237,2,0,0
2025-09-27 18:18:26,1050.402686,1050,394680.14,4.059319412,2,0,0
2025-09-27 18:18:26,1050.402686,1050,394694.59,4.063129237,2,0,0
2025-09-27 18:18:27,1051.35773,1051,394656.51,4.053089062,2,0,0
2025-09-27 18:18:27,1051.35773,1051,394680.14,4.059319412,2,0,0
2025-09-27 18:18:28,1052.050158,1052,394656.51,4.053089062,2,0,0
2025-09-27 18:18:28,1052.050158,1052,394680.14,4.059319412,2,0,0
2025-09-27 18:18:29,1053.459145,1053,394656.51,4.053089062,2,0,0
2025-09-27 18:18:29,1053.459145,1053,394680.14,4.059319412,2,0,0
2025-09-27 18:18:30,1054.558105,1054,394656.51,4.053089062,2,0,0
2025-09-27 18:18:30,1054.558105,1054,394668.19,4.056168518,2,0,0
2025-09-27 18:18:32,1055.840028,1055,394656.51,4.053089062,2,0,0
2025-09-27 18:18:32,1055.840028,1055,394656.51,4.053089062,2,0,0
2025-09-27 18:18:32,1056.556686,1056,394656.51,4.053089062,2,0,0
2025-09-27 18:18:32,1056.558695,1056,394656.51,4.053089062,2,0,0
2025-09-27 18:18:34,1058.600956,1058,394656.51,4.053089062,2,0,0
2025-09-27 18:18:34,1058.616751,1058,394656.51,4.053089062,2,0,0
2025-09-27 18:18:36,1059.906726,1059,394656.51,4.053089062,2,0,0
2025-09-27 18:18:36,1059.906726,1059,394656.51,4.053089062,2,0,0
2025-09-27 18:18:36,1060.686204,1060,394656.51,4.053089062,2,0,0
2025-09-27 18:18:36,1060.686204,1060,394656.51,4.053089062,2,0,0
2025-09-27 18:18:37,1061.299196,1061,394656.51,4.053089062,2,0,0
2025-09-27 18:18:37,1061.299196,1061,394656.51,4.053089062,2,0,0
2025-09-27 18:18:38,1062.301544,1062,394656.51,4.053089062,2,0,0
2025-09-27 18:18:38,1062.301544,1062,394656.51,4.053089062,2,0,0
2025-09-27 18:18:39,1063.131612,1063,394656.51,4.053089062,2,0,0
2025-09-27 18:18:39,1063.132613,1063,394656.51,4.053089062,2,0,0
2025-09-27 18:18:39,1063.702135,1063,394553.88,4.02603002,2,0,0
2025-09-27 18:18:39,1063.717919,1063,394656.51,4.053089062,2,0,0
2025-09-27 18:18:40,1064.354473,1064,394553.88,4.02603002,2,0,0
2025-09-27 18:18:40,1064.354473,1064,394595.8,4.037081504,2,0,0
2025-09-27 18:18:42,1066.049129,1066,394553.88,4.02603002,2,0,0
2025-09-27 18:18:42,1066.049129,1066,394553.88,4.02603002,2,0,0
2025-09-27 18:18:43,1067.056749,1067,394553.88,4.02603002,2,0,0
2025-09-27 18:18:43,1067.056749,1067,394553.88,4.02603002,2,0,0
2025-09-27 18:18:44,1067.924094,1067,394553.88,4.02603002,2,0,0
2025-09-27 18:18:44,1067.924094,1067,394553.88,4.02603002,2,0,0
2025-09-27 18:18:45,1068.778061,1068,394553.88,4.02603002,2,0,0
2025-09-27 18:18:45,1068.778061,1068,394553.88,4.02603002,2,0,0
2025-09-27 18:18:46,1069.942372,1069,394553.88,4.02603002,2,0,0
2025-09-27 18:18:46,1069.942372,1069,394553.88,4.02603002,2,0,0
2025-09-27 18:18:46,1070.617334,1070,394553.88,4.02603002,2,0,0
2025-09-27 18:18:46,1070.617334,1070,394553.88,4.02603002,2,0,0
2025-09-27 18:18:47,1071.270118,1071,394553.88,4.02603002,2,0,0
2025-09-27 18:18:47,1071.270118,1071,394553.88,4.02603002,2,0,0
2025-09-27 18:18:48,1071.978014,1071,394553.88,4.02603002,2,0,0
2025-09-27 18:18:48,1071.978014,1071,394553.88,4.02603002,2,0,0
2025-09-27 18:18:48,1072.506675,1072,394553.88,4.02603002,2,0,0
2025-09-27 18:18:48,1072.506675,1072,394553.88,4.02603002,2,0,0
2025-09-27 18:18:49,1073.339112,1073,394553.88,4.02603002,2,0,0
2025-09-27 18:18:49,1073.339112,1073,394553.88,4.02603002,2,0,0
2025-09-27 18:18:50,1073.890691,1073,394553.88,4.02603002,2,0,0
2025-09-27 18:18:50,1073.890691,1073,394553.88,4.02603002,2,0,0
2025-09-27 18:18:50,1074.501967,1074,394553.88,4.02603002,2,0,0
2025-09-27 18:18:50,1074.501967,1074,394553.88,4.02603002,2,0,0
2025-09-27 18:18:51,1075.146939,1075,394553.88,4.02603002,2,0,0
2025-09-27 18:18:51,1075.148947,1075,394553.88,4.02603002,2,0,0
2025-09-27 18:18:52,1075.852501,1075,394553.88,4.02603002,2,0,0
2025-09-27 18:18:52,1075.852501,1075,394553.88,4.02603002,2,0,0
2025-09-27 18:18:52,1076.403283,1076,394553.88,4.02603002,2,0,0
2025-09-27 18:18:52,1076.403283,1076,394553.88,4.02603002,2,0,0
2025-09-27 18:18:53,1077.075156,1077,394528.34,4.019297343,2,0,0
2025-09-27 18:18:53,1077.075156,1077,394553.88,4.02603002,2,0,0
2025-09-27 18:18:53,1077.703961,1077,394441.68,3.996448599,2,0,0
2025-09-27 18:18:53,1077.703961,1077,394528.34,4.019297343,2,0,0
2025-09-27 18:18:54,1078.441228,1078,394441.68,3.996448599,2,0,0
2025-09-27 18:18:54,1078.441228,1078,394528.34,4.019297343,2,0,0
2025-09-27 18:18:55,1079.156392,1079,394441.68,3.996448599,2,0,0
2025-09-27 18:18:55,1079.156392,1079,394468.97,4.003642411,2,0,0
2025-09-27 18:18:56,1079.817559,1079,394441.68,3.996448599,2,0,0
2025-09-27 18:18:56,1079.833345,1079,394468.97,4.003642411,2,0,0
2025-09-27 18:18:56,1080.587134,1080,394377.62,3.979558973,2,0,0
2025-09-27 18:18:56,1080.587134,1080,394441.68,3.996448599,2,0,0
2025-09-27 18:18:57,1081.199508,1081,394232.53,3.941304975,2,0,0
2025-09-27 18:18:57,1081.199508,1081,394317.07,3.963592813,2,0,0
2025-09-27 18:18:58,1082.41925,1082,394217.18,3.937258831,2,0,0
2025-09-27 18:18:58,1082.41925,1082,394232.53,3.941304975,2,0,0
2025-09-27 18:18:59,1083.144284,1083,394217.18,3.937258831,2,0,0
2025-09-27 18:18:59,1083.144284,1083,394232.53,3.941304975,2,0,0
2025-09-27 18:19:00,1083.818781,1083,394217.18,3.937258831,2,0,0
2025-09-27 18:19:00,1083.818781,1083,394232.53,3.941304975,2,0,0
2025-09-27 18:19:01,1085.227632,1085,394217.18,3.937258831,2,0,0
2025-09-27 18:19:01,1085.227632,1085,394232.53,3.941304975,2,0,0
2025-09-27 18:19:02,1086.278067,1086,394217.18,3.937258831,2,0,0
2025-09-27 18:19:02,1086.278067,1086,394217.18,3.937258831,2,0,0
2025-09-27 18:19:03,1087.218065,1087,394217.18,3.937258831,2,0,0
2025-09-27 18:19:03,1087.218065,1087,394217.18,3.937258831,2,0,0
2025-09-27 18:19:03,1087.720302,1087,394217.18,3.937258831,2,0,0
2025-09-27 18:19:03,1087.720302,1087,394217.18,3.937258831,2,0,0
2025-09-27 18:19:05,1089.381532,1089,394217.18,3.937258831,2,0,0
2025-09-27 18:19:05,1089.381532,1089,394217.18,3.937258831,2,0,0
2025-09-27 18:19:06,1090.078434,1090,394217.18,3.937258831,2,0,0
2025-09-27 18:19:06,1090.078434,1090,394217.18,3.937258831,2,0,0
2025-09-27 18:19:07,1090.773051,1090,394210.31,3.93544621,2,0,0
2025-09-27 18:19:07,1090.773557,1090,394217.18,3.937258831,2,0,0
2025-09-27 18:19:07,1091.419486,1091,394191.65,3.930526154,2,0,0
2025-09-27 18:19:07,1091.419486,1091,394210.31,3.93544621,2,0,0
2025-09-27 18:19:08,1092.13662,1092,394191.65,3.930526154,2,0,0
2025-09-27 18:19:08,1092.13662,1092,394210.31,3.93544621,2,0,0
2025-09-27 18:19:09,1092.789759,1092,394191.65,3.930526154,2,0,0
2025-09-27 18:19:09,1092.805583,1092,394210.31,3.93544621,2,0,0
2025-09-27 18:19:09,1093.696149,1093,394108.77,3.908673947,2,0,0
2025-09-27 18:19:09,1093.696149,1093,394191.65,3.930526154,2,0,0
2025-09-27 18:19:10,1094.522781,1094,394108.77,3.908673947,2,0,0
2025-09-27 18:19:10,1094.522781,1094,394191.65,3.930526154,2,0,0
2025-09-27 18:19:11,1095.280122,1095,394108.77,3.908673947,2,0,0
2025-09-27 18:19:11,1095.296128,1095,394191.65,3.930526154,2,0,0
2025-09-27 18:19:12,1095.895106,1095,394108.77,3.908673947,2,0,0
2025-09-27 18:19:12,1095.896855,1095,394108.77,3.908673947,2,0,0
2025-09-27 18:19:12,1096.490363,1096,394108.77,3.908673947,2,0,0
2025-09-27 18:19:12,1096.490363,1096,394108.77,3.908673947,2,0,0
2025-09-27 18:19:13,1097.285857,1097,394108.77,3.908673947,2,0,0
2025-09-27 18:19:13,1097.285857,1097,394108.77,3.908673947,2,0,0
2025-09-27 18:19:14,1098.464075,1098,394108.77,3.908673947,2,0,0
2025-09-27 18:19:14,1098.464075,1098,394108.77,3.908673947,2,0,0
2025-09-27 18:19:15,1099.290333,1099,394108.77,3.908673947,2,0,0
2025-09-27 18:19:15,1099.290333,1099,394108.77,3.908673947,2,0,0
2025-09-27 18:19:16,1100.498975,1100,394108.77,3.908673947,2,0,0
2025-09-27 18:19:16,1100.498975,1100,394108.77,3.908673947,2,0,0
2025-09-27 18:19:17,1101.082205,1101,394108.77,3.908673947,2,0,0
2025-09-27 18:19:17,1101.082205,1101,394108.77,3.908673947,2,0,0
2025-09-27 18:19:18,1102.045883,1102,394108.77,3.908673947,2,0,0
2025-09-27 18:19:18,1102.047633,1102,394108.77,3.908673947,2,0,0
2025-09-27 18:19:18,1102.55262,1102,394108.77,3.908673947,2,0,0
2025-09-27 18:19:18,1102.55262,1102,394108.77,3.908673947,2,0,0
2025-09-27 18:19:19,1103.149393,1103,394108.77,3.908673947,2,0,0
2025-09-27 18:19:19,1103.149393,1103,394108.77,3.908673947,2,0,0
2025-09-27 18:19:20,1104.606119,1104,394108.77,3.908673947,2,0,0
2025-09-27 18:19:20,1104.606119,1104,394108.77,3.908673947,2,0,0
2025-09-27 18:19:21,1105.40871,1105,394108.77,3.908673947,2,0,0
2025-09-27 18:19:21,1105.40871,1105,394108.77,3.908673947,2,0,0
2025-09-27 18:19:22,1106.422042,1106,394108.77,3.908673947,2,0,0
2025-09-27 18:19:22,1106.428447,1106,394108.77,3.908673947,2,0,0
2025-09-27 18:19:23,1106.978518,1106,394108.77,3.908673947,2,0,0
2025-09-27 18:19:23,1106.978518,1106,394108.77,3.908673947,2,0,0
2025-09-27 18:19:24,1107.773691,1107,394108.77,3.908673947,2,0,0
2025-09-27 18:19:24,1107.773691,1107,394108.77,3.908673947,2,0,0
2025-09-27 18:19:24,1108.340526,1108,394108.77,3.908673947,2,0,0
2025-09-27 18:19:24,1108.340526,1108,394108.77,3.908673947,2,0,0
2025-09-27 18:19:25,1109.535715,1109,394064.4,3.896976035,2,0,0
2025-09-27 18:19:25,1109.535715,1109,394108.77,3.908673947,2,0,0
2025-09-27 18:19:27,1111.019059,1111,394064.4,3.896976035,2,0,0
2025-09-27 18:19:27,1111.019059,1111,394064.95,3.897122091,2,0,0
2025-09-27 18:19:28,1112.1937,1112,394064.4,3.896976035,2,0,0
2025-09-27 18:19:28,1112.1937,1112,394064.4,3.896976035,2,0,0
2025-09-27 18:19:29,1112.844014,1112,394064.4,3.896976035,2,0,0
2025-09-27 18:19:29,1112.844014,1112,394064.4,3.896976035,2,0,0
2025-09-27 18:19:29,1113.550736,1113,394035.83,3.889442651,2,0,0
2025-09-27 18:19:29,1113.550736,1113,394064.4,3.896976035,2,0,0
2025-09-27 18:19:30,1114.314915,1114,394035.83,3.889442651,2,0,0
2025-09-27 18:19:30,1114.314915,1114,394035.86,3.889452941,2,0,0
2025-09-27 18:19:31,1115.577432,1115,393888.9,3.850705056,2,0,0
2025-09-27 18:19:31,1115.577432,1115,394035.83,3.889442651,2,0,0
2025-09-27 18:19:32,1116.336302,1116,393888.9,3.850705056,2,0,0
2025-09-27 18:19:32,1116.336302,1116,393888.9,3.850705056,2,0,0
2025-09-27 18:19:34,1117.731795,1117,393888.9,3.850705056,2,0,0
2025-09-27 18:19:34,1117.733808,1117,393888.9,3.850705056,2,0,0
2025-09-27 18:19:35,1118.804752,1118,393888.9,3.850705056,2,0,0
2025-09-27 18:19:35,1118.804752,1118,393888.9,3.850705056,2,0,0
2025-09-27 18:19:35,1119.45632,1119,393888.9,3.850705056,2,0,0
2025-09-27 18:19:35,1119.45632,1119,393888.9,3.850705056,2,0,0
2025-09-27 18:19:36,1120.040198,1120,393888.9,3.850705056,2,0,0
2025-09-27 18:19:36,1120.040198,1120,393888.9,3.850705056,2,0,0
2025-09-27 18:19:37,1120.843538,1120,393888.9,3.850705056,2,0,0
2025-09-27 18:19:37,1120.843538,1120,393888.9,3.850705056,2,0,0
2025-09-27 18:19:37,1121.589781,1121,393840.78,3.838017662,2,0,0
2025-09-27 18:19:37,1121.589781,1121,393888.9,3.850705056,2,0,0
2025-09-27 18:19:39,1122.816623,1122,393816.87,3.831712942,2,0,0
2025-09-27 18:19:39,1122.816623,1122,393840.78,3.838017662,2,0,0
2025-09-27 18:19:39,1123.475444,1123,393816.87,3.831712942,2,0,0
2025-09-27 18:19:39,1123.475444,1123,393816.87,3.831712942,2,0,0
2025-09-27 18:19:40,1124.135668,1124,393816.87,3.831712942,2,0,0
2025-09-27 18:19:40,1124.135668,1124,393816.87,3.831712942,2,0,0
2025-09-27 18:19:41,1125.060402,1125,393760.38,3.816819235,2,0,0
2025-09-27 18:19:41,1125.060402,1125,393816.87,3.831712942,2,0,0
2025-09-27 18:19:42,1125.964132,1125,393760.38,3.816819235,2,0,0
2025-09-27 18:19:42,1125.964132,1125,393816.87,3.831712942,2,0,0
2025-09-27 18:19:42,1126.585223,1126,393760.38,3.816819235,2,0,0
2025-09-27 18:19:42,1126.586972,1126,393816.87,3.831712942,2,0,0
2025-09-27 18:19:43,1127.209461,1127,393760.38,3.816819235,2,0,0
2025-09-27 18:19:43,1127.209461,1127,393816.87,3.831712942,2,0,0
2025-09-27 18:19:44,1128.176368,1128,393760.38,3.816819235,2,0,0
2025-09-27 18:19:44,1128.178375,1128,393793.63,3.825586665,2,0,0
2025-09-27 18:19:45,1129.021747,1129,393760.38,3.816819235,2,0,0
2025-09-27 18:19:45,1129.021747,1129,393760.38,3.816819235,2,0,0
2025-09-27 18:19:46,1130.409641,1130,393760.38,3.816819235,2,0,0
2025-09-27 18:19:46,1130.409641,1130,393760.38,3.816819235,2,0,0
2025-09-27 18:19:47,1131.171011,1131,393760.38,3.816819235,2,0,0
2025-09-27 18:19:47,1131.171011,1131,393760.38,3.816819235,2,0,0
2025-09-27 18:19:48,1131.784927,1131,393760.38,3.816819235,2,0,0
2025-09-27 18:19:48,1131.784927,1131,393760.38,3.816819235,2,0,0
2025-09-27 18:19:48,1132.494102,1132,393760.38,3.816819235,2,0,0
2025-09-27 18:19:48,1132.494102,1132,393760.38,3.816819235,2,0,0
2025-09-27 18:19:49,1133.165751,1133,393760.38,3.816819235,2,0,0
2025-09-27 18:19:49,1133.165751,1133,393760.38,3.816819235,2,0,0
2025-09-27 18:19:50,1133.883027,1133,393760.38,3.816819235,2,0,0
2025-09-27 18:19:50,1133.883027,1133,393760.38,3.816819235,2,0,0
2025-09-27 18:19:50,1134.558903,1134,393760.38,3.816819235,2,0,0
2025-09-27 18:19:50,1134.558903,1134,393760.38,3.816819235,2,0,0
2025-09-27 18:19:51,1135.218753,1135,393760.38,3.816819235,2,0,0
2025-09-27 18:19:51,1135.234547,1135,393760.38,3.816819235,2,0,0
2025-09-27 18:19:52,1135.874262,1135,393760.38,3.816819235,2,0,0
2025-09-27 18:19:52,1135.874262,1135,393760.38,3.816819235,2,0,0
2025-09-27 18:19:52,1136.453561,1136,393760.38,3.816819235,2,0,0
2025-09-27 18:19:52,1136.453561,1136,393760.38,3.816819235,2,0,0
2025-09-27 18:19:53,1137.115804,1137,393760.38,3.816819235,2,0,0
2025-09-27 18:19:53,1137.115804,1137,393760.38,3.816819235,2,0,0
2025-09-27 18:19:54,1137.943438,1137,393760.38,3.816819235,2,0,0
2025-09-27 18:19:54,1137.944446,1137,393760.38,3.816819235,2,0,0
2025-09-27 18:19:54,1138.507066,1138,393760.38,3.816819235,2,0,0
2025-09-27 18:19:54,1138.507066,1138,393760.38,3.816819235,2,0,0
2025-09-27 18:19:55,1139.168505,1139,393760.38,3.816819235,2,0,0
2025-09-27 18:19:55,1139.168505,1139,393760.38,3.816819235,2,0,0
2025-09-27 18:19:55,1139.716336,1139,393760.38,3.816819235,2,0,0
2025-09-27 18:19:55,1139.716336,1139,393760.38,3.816819235,2,0,0
2025-09-27 18:19:57,1140.878688,1140,393760.38,3.816819235,2,0,0
2025-09-27 18:19:57,1140.878688,1140,393760.38,3.816819235,2,0,0
2025-09-27 18:19:58,1142.432062,1142,393760.38,3.816819235,2,0,0
2025-09-27 18:19:58,1142.432062,1142,393760.38,3.816819235,2,0,0
2025-09-27 18:19:59,1143.026603,1143,393760.38,3.816819235,2,0,0
2025-09-27 18:19:59,1143.026603,1143,393760.38,3.816819235,2,0,0
2025-09-27 18:19:59,1143.632287,1143,393760.38,3.816819235,2,0,0
2025-09-27 18:19:59,1143.632287,1143,393760.38,3.816819235,2,0,0
2025-09-27 18:20:00,1144.11019,1144,393760.38,3.816819235,2,0,0
2025-09-27 18:20:00,1144.11019,1144,393760.38,3.816819235,2,0,0
2025-09-27 18:20:01,1144.804709,1144,393760.38,3.816819235,2,0,0
2025-09-27 18:20:01,1144.804709,1144,393760.38,3.816819235,2,0,0
2025-09-27 18:20:02,1146.157023,1146,393760.38,3.816819235,2,0,0
2025-09-27 18:20:02,1146.159022,1146,393760.38,3.816819235,2,0,0
2025-09-27 18:20:03,1146.98002,1146,393760.38,3.816819235,2,0,0
2025-09-27 18:20:03,1146.981023,1146,393760.38,3.816819235,2,0,0
2025-09-27 18:20:04,1148.250265,1148,393760.38,3.816819235,2,0,0
2025-09-27 18:20:04,1148.250265,1148,393760.38,3.816819235,2,0,0
2025-09-27 18:20:05,1148.84775,1148,393760.38,3.816819235,2,0,0
2025-09-27 18:20:05,1148.863459,1148,393760.38,3.816819235,2,0,0
2025-09-27 18:20:05,1149.661372,1149,393760.38,3.816819235,2,0,0
2025-09-27 18:20:05,1149.661372,1149,393760.38,3.816819235,2,0,0
2025-09-27 18:20:06,1150.258129,1150,393760.38,3.816819235,2,0,0
2025-09-27 18:20:06,1150.258129,1150,393760.38,3.816819235,2,0,0
2025-09-27 18:20:07,1150.957314,1150,393760.38,3.816819235,2,0,0
2025-09-27 18:20:07,1150.957314,1150,393760.38,3.816819235,2,0,0
2025-09-27 18:20:07,1151.63734,1151,393760.38,3.816819235,2,0,0
2025-09-27 18:20:07,1151.63734,1151,393760.38,3.816819235,2,0,0
2025-09-27 18:20:08,1152.484031,1152,393760.38,3.816819235,2,0,0
2025-09-27 18:20:08,1152.484031,1152,393760.38,3.816819235,2,0,0
2025-09-27 18:20:09,1153.052513,1153,393760.38,3.816819235,2,0,0
2025-09-27 18:20:09,1153.054523,1153,393760.38,3.816819235,2,0,0
2025-09-27 18:20:09,1153.723214,1153,393760.38,3.816819235,2,0,0
2025-09-27 18:20:09,1153.723214,1153,393760.38,3.816819235,2,0,0
2025-09-27 18:20:11,1154.728558,1154,393760.38,3.816819235,2,0,0
2025-09-27 18:20:11,1154.728558,1154,393760.38,3.816819235,2,0,0
2025-09-27 18:20:11,1155.407247,1155,393760.38,3.816819235,2,0,0
2025-09-27 18:20:11,1155.407247,1155,393760.38,3.816819235,2,0,0
2025-09-27 18:20:12,1156.071388,1156,393760.38,3.816819235,2,0,0
2025-09-27 18:20:12,1156.071388,1156,393760.38,3.816819235,2,0,0
2025-09-27 18:20:12,1156.637033,1156,393760.38,3.816819235,2,0,0
2025-09-27 18:20:12,1156.637033,1156,393760.38,3.816819235,2,0,0
2025-09-27 18:20:13,1157.29628,1157,393760.38,3.816819235,2,0,0
2025-09-27 18:20:13,1157.298289,1157,393760.38,3.816819235,2,0,0
2025-09-27 18:20:14,1158.093669,1158,393760.38,3.816819235,2,0,0
2025-09-27 18:20:14,1158.094668,1158,393760.38,3.816819235,2,0,0
2025-09-27 18:20:15,1159.040675,1159,393581.96,3.769780028,2,0,0
2025-09-27 18:20:15,1159.040675,1159,393760.38,3.816819235,2,0,0
2025-09-27 18:20:16,1159.823141,1159,393581.96,3.769780028,2,0,0
2025-09-27 18:20:16,1159.823141,1159,393760.38,3.816819235,2,0,0
2025-09-27 18:20:16,1160.687552,1160,393581.96,3.769780028,2,0,0
2025-09-27 18:20:16,1160.687552,1160,393760.38,3.816819235,2,0,0
2025-09-27 18:20:17,1161.306926,1161,393581.96,3.769780028,2,0,0
2025-09-27 18:20:17,1161.306926,1161,393760.38,3.816819235,2,0,0
2025-09-27 18:20:18,1161.952904,1161,393581.96,3.769780028,2,0,0
2025-09-27 18:20:18,1161.952904,1161,393581.96,3.769780028,2,0,0
2025-09-27 18:20:18,1162.636288,1162,393581.96,3.769780028,2,0,0
2025-09-27 18:20:18,1162.636798,1162,393581.96,3.769780028,2,0,0
2025-09-27 18:20:19,1163.472074,1163,393581.96,3.769780028,2,0,0
2025-09-27 18:20:19,1163.472074,1163,393581.96,3.769780028,2,0,0
2025-09-27 18:20:20,1164.133758,1164,393581.96,3.769780028,2,0,0
2025-09-27 18:20:20,1164.133758,1164,393581.96,3.769780028,2,0,0
2025-09-27 18:20:21,1164.725063,1164,393581.96,3.769780028,2,0,0
2025-09-27 18:20:21,1164.725063,1164,393581.96,3.769780028,2,0,0
2025-09-27 18:20:21,1165.42338,1165,393581.96,3.769780028,2,0,0
2025-09-27 18:20:21,1165.42338,1165,393581.96,3.769780028,2,0,0
2025-09-27 18:20:22,1166.460628,1166,393581.96,3.769780028,2,0,0
2025-09-27 18:20:22,1166.460628,1166,393581.96,3.769780028,2,0,0
2025-09-27 18:20:23,1167.283294,1167,393581.96,3.769780028,2,0,0
2025-09-27 18:20:23,1167.283294,1167,393581.96,3.769780028,2,0,0
2025-09-27 18:20:24,1168.060665,1168,393534.22,3.757191617,2,0,0
2025-09-27 18:20:24,1168.060665,1168,393581.96,3.769780028,2,0,0
2025-09-27 18:20:25,1168.803005,1168,393534.22,3.757191617,2,0,0
2025-09-27 18:20:25,1168.803005,1168,393534.22,3.757191617,2,0,0
2025-09-27 18:20:25,1169.544994,1169,393534.22,3.757191617,2,0,0
2025-09-27 18:20:25,1169.544994,1169,393534.22,3.757191617,2,0,0
2025-09-27 18:20:26,1170.188965,1170,393534.22,3.757191617,2,0,0
2025-09-27 18:20:26,1170.188965,1170,393534.22,3.757191617,2,0,0
2025-09-27 18:20:27,1171.167536,1171,393534.22,3.757191617,2,0,0
2025-09-27 18:20:27,1171.167536,1171,393534.22,3.757191617,2,0,0
2025-09-27 18:20:28,1172.130715,1172,393534.22,3.757191617,2,0,0
2025-09-27 18:20:28,1172.130715,1172,393534.22,3.757191617,2,0,0
2025-09-27 18:20:29,1173.554554,1173,393306.25,3.697087536,2,0,0
2025-09-27 18:20:29,1173.554554,1173,393534.22,3.757191617,2,0,0
2025-09-27 18:20:30,1174.357225,1174,393306.25,3.697087536,2,0,0
2025-09-27 18:20:30,1174.357225,1174,393534.22,3.757191617,2,0,0
2025-09-27 18:20:31,1175.250986,1175,393306.25,3.697087536,2,0,0
2025-09-27 18:20:31,1175.250986,1175,393306.25,3.697087536,2,0,0
2025-09-27 18:20:32,1175.958202,1175,393306.25,3.697087536,2,0,0
2025-09-27 18:20:32,1175.958202,1175,393306.25,3.697087536,2,0,0
2025-09-27 18:20:33,1177.241836,1177,393264.28,3.686021583,2,0,0
2025-09-27 18:20:33,1177.241836,1177,393306.25,3.697087536,2,0,0
2025-09-27 18:20:34,1178.511746,1178,393189.83,3.666390777,2,0,0
2025-09-27 18:20:34,1178.511746,1178,393232.51,3.677643349,2,0,0
2025-09-27 18:20:35,1179.154896,1179,393189.83,3.666390777,2,0,0
2025-09-27 18:20:35,1179.171023,1179,393232.51,3.677643349,2,0,0
2025-09-27 18:20:36,1180.343498,1180,393189.83,3.666390777,2,0,0
2025-09-27 18:20:36,1180.34449,1180,393189.83,3.666390777,2,0,0
2025-09-27 18:20:37,1181.003461,1181,393189.83,3.666390777,2,0,0
2025-09-27 18:20:37,1181.003461,1181,393189.83,3.666390777,2,0,0
2025-09-27 18:20:37,1181.710534,1181,393189.83,3.666390777,2,0,0
2025-09-27 18:20:38,1181.726338,1181,393189.83,3.666390777,2,0,0
2025-09-27 18:20:38,1182.290491,1182,393189.83,3.666390777,2,0,0
2025-09-27 18:20:38,1182.290491,1182,393189.83,3.666390777,2,0,0
2025-09-27 18:20:39,1182.919679,1182,393189.83,3.666390777,2,0,0
2025-09-27 18:20:39,1182.919679,1182,393189.83,3.666390777,2,0,0
2025-09-27 18:20:40,1183.885736,1183,393189.83,3.666390777,2,0,0
2025-09-27 18:20:40,1183.885736,1183,393189.83,3.666390777,2,0,0
2025-09-27 18:20:41,1184.735487,1184,393189.83,3.666390777,2,0,0
2025-09-27 18:20:41,1184.735487,1184,393189.83,3.666390777,2,0,0
2025-09-27 18:20:42,1186.369025,1186,393189.83,3.666390777,2,0,0
2025-09-27 18:20:42,1186.384825,1186,393189.83,3.666390777,2,0,0
2025-09-27 18:20:43,1187.226984,1187,393189.83,3.666390777,2,0,0
2025-09-27 18:20:43,1187.227928,1187,393189.83,3.666390777,2,0,0
2025-09-27 18:20:44,1187.807879,1187,393189.83,3.666390777,2,0,0
2025-09-27 18:20:44,1187.807879,1187,393189.83,3.666390777,2,0,0
2025-09-27 18:20:44,1188.419898,1188,393189.83,3.666390777,2,0,0
2025-09-27 18:20:44,1188.419898,1188,393189.83,3.666390777,2,0,0
2025-09-27 18:20:45,1189.033032,1189,393189.83,3.666390777,2,0,0
2025-09-27 18:20:45,1189.033032,1189,393189.83,3.666390777,2,0,0
2025-09-27 18:20:46,1189.771257,1189,393189.83,3.666390777,2,0,0
2025-09-27 18:20:46,1189.771257,1189,393189.83,3.666390777,2,0,0
2025-09-27 18:20:47,1191.014821,1191,393167.33,3.660460691,2,0,0
2025-09-27 18:20:47,1191.014821,1191,393189.83,3.666390777,2,0,0
2025-09-27 18:20:48,1191.868479,1191,393167.33,3.660460691,2,0,0
2025-09-27 18:20:48,1191.868479,1191,393189.83,3.666390777,2,0,0
2025-09-27 18:20:48,1192.4355,1192,393167.33,3.660460691,2,0,0
2025-09-27 18:20:48,1192.4355,1192,393189.83,3.666390777,2,0,0
2025-09-27 18:20:49,1193.034144,1193,393167.33,3.660460691,2,0,0
2025-09-27 18:20:49,1193.050489,1193,393189.83,3.666390777,2,0,0
2025-09-27 18:20:50,1193.736173,1193,393167.33,3.660460691,2,0,0
2025-09-27 18:20:50,1193.736173,1193,393167.33,3.660460691,2,0,0
2025-09-27 18:20:51,1194.786445,1194,393167.33,3.660460691,2,0,0
2025-09-27 18:20:51,1194.802148,1194,393167.33,3.660460691,2,0,0
2025-09-27 18:20:52,1195.805474,1195,392780.06,3.558352778,2,0,0
2025-09-27 18:20:52,1195.805474,1195,393167.33,3.660460691,2,0,0
2025-09-27 18:20:52,1196.481211,1196,392780.06,3.558352778,2,0,0
2025-09-27 18:20:52,1196.481211,1196,392781.74,3.558797992,2,0,0
2025-09-27 18:20:53,1197.078663,1197,392780.06,3.558352778,2,0,0
2025-09-27 18:20:53,1197.084445,1197,392780.06,3.558352778,2,0,0
2025-09-27 18:20:53,1197.659795,1197,392780.06,3.558352778,2,0,0
2025-09-27 18:20:53,1197.659795,1197,392780.06,3.558352778,2,0,0
2025-09-27 18:20:54,1198.224293,1198,392780.06,3.558352778,2,0,0
2025-09-27 18:20:54,1198.224293,1198,392780.06,3.558352778,2,0,0
2025-09-27 18:20:55,1199.005476,1199,392780.06,3.558352778,2,0,0
2025-09-27 18:20:55,1199.005476,1199,392780.06,3.558352778,2,0,0
2025-09-27 18:20:56,1199.810267,1199,392780.06,3.558352778,2,0,0
2025-09-27 18:20:56,1199.810267,1199,392780.06,3.558352778,2,0,0
2025-09-27 18:20:56,1200.666474,1200,392780.06,3.558352778,2,0,0
2025-09-27 18:20:56,1200.666474,1200,392780.06,3.558352778,2,0,0
2025-09-27 18:20:57,1201.27894,1201,392780.06,3.558352778,2,0,0
2025-09-27 18:20:57,1201.281019,1201,392780.06,3.558352778,2,0,0
2025-09-27 18:20:58,1201.988266,1201,392780.06,3.558352778,2,0,0
2025-09-27 18:20:58,1201.988266,1201,392780.06,3.558352778,2,0,0
2025-09-27 18:20:58,1202.600317,1202,392773.18,3.556540158,2,0,0
2025-09-27 18:20:58,1202.601316,1202,392780.06,3.558352778,2,0,0
2025-09-27 18:20:59,1203.271531,1203,392773.18,3.556540158,2,0,0
2025-09-27 18:20:59,1203.287659,1203,392779.71,3.558261819,2,0,0
2025-09-27 18:21:00,1204.090034,1204,392773.18,3.556540158,2,0,0
2025-09-27 18:21:00,1204.090034,1204,392779.71,3.558261819,2,0,0
2025-09-27 18:21:00,1204.709792,1204,392773.18,3.556540158,2,0,0
2025-09-27 18:21:00,1204.709792,1204,392773.18,3.556540158,2,0,0
2025-09-27 18:21:01,1205.690414,1205,392773.18,3.556540158,2,0,0
2025-09-27 18:21:01,1205.690414,1205,392773.18,3.556540158,2,0,0
2025-09-27 18:21:02,1206.550412,1206,392773.18,3.556540158,2,0,0
2025-09-27 18:21:02,1206.550412,1206,392773.18,3.556540158,2,0,0
2025-09-27 18:21:03,1207.3207,1207,392773.18,3.556540158,2,0,0
2025-09-27 18:21:03,1207.3207,1207,392773.18,3.556540158,2,0,0
2025-09-27 18:21:04,1208.228724,1208,392773.18,3.556540158,2,0,0
2025-09-27 18:21:04,1208.228724,1208,392773.18,3.556540158,2,0,0
2025-09-27 18:21:05,1208.963884,1208,392773.18,3.556540158,2,0,0
2025-09-27 18:21:05,1208.964795,1208,392773.18,3.556540158,2,0,0
2025-09-27 18:21:06,1209.905713,1209,392773.18,3.556540158,2,0,0
2025-09-27 18:21:06,1209.905713,1209,392773.18,3.556540158,2,0,0
2025-09-27 18:21:06,1210.51953,1210,392773.18,3.556540158,2,0,0
2025-09-27 18:21:06,1210.51953,1210,392773.18,3.556540158,2,0,0
2025-09-27 18:21:07,1211.139239,1211,392773.18,3.556540158,2,0,0
2025-09-27 18:21:07,1211.139239,1211,392773.18,3.556540158,2,0,0
2025-09-27 18:21:08,1211.912574,1211,392773.18,3.556540158,2,0,0
2025-09-27 18:21:08,1211.912574,1211,392773.18,3.556540158,2,0,0
2025-09-27 18:21:09,1213.073631,1213,392773.18,3.556540158,2,0,0
2025-09-27 18:21:09,1213.074641,1213,392773.18,3.556540158,2,0,0
2025-09-27 18:21:10,1214.219604,1214,392761.48,3.553456063,2,0,0
2025-09-27 18:21:10,1214.219604,1214,392773.18,3.556540158,2,0,0
2025-09-27 18:21:11,1214.909096,1214,392761.48,3.553456063,2,0,0
2025-09-27 18:21:11,1214.909096,1214,392773.18,3.556540158,2,0,0
2025-09-27 18:21:11,1215.59129,1215,392761.48,3.553456063,2,0,0
2025-09-27 18:21:11,1215.59129,1215,392761.48,3.553456063,2,0,0
2025-09-27 18:21:12,1216.287975,1216,392761.48,3.553456063,2,0,0
2025-09-27 18:21:12,1216.287975,1216,392761.48,3.553456063,2,0,0
2025-09-27 18:21:13,1217.469006,1217,392761.48,3.553456063,2,0,0
2025-09-27 18:21:13,1217.470915,1217,392761.48,3.553456063,2,0,0
2025-09-27 18:21:14,1218.406674,1218,392761.48,3.553456063,2,0,0
2025-09-27 18:21:14,1218.406674,1218,392761.48,3.553456063,2,0,0
2025-09-27 18:21:15,1218.985511,1218,392761.48,3.553456063,2,0,0
2025-09-27 18:21:15,1218.985511,1218,392761.48,3.553456063,2,0,0
2025-09-27 18:21:16,1219.914813,1219,392761.48,3.553456063,2,0,0
2025-09-27 18:21:16,1219.916587,1219,392761.48,3.553456063,2,0,0
2025-09-27 18:21:17,1221.524645,1221,392662.88,3.527458539,2,0,0
2025-09-27 18:21:17,1221.524645,1221,392761.48,3.553456063,2,0,0
2025-09-27 18:21:18,1222.354086,1222,392662.88,3.527458539,2,0,0
2025-09-27 18:21:18,1222.354086,1222,392761.48,3.553456063,2,0,0
2025-09-27 18:21:19,1223.12032,1223,392662.88,3.527458539,2,0,0
2025-09-27 18:21:19,1223.12233,1223,392761.48,3.553456063,2,0,0
2025-09-27 18:21:20,1224.093858,1224,392662.88,3.527458539,2,0,0
2025-09-27 18:21:20,1224.093858,1224,392761.48,3.553456063,2,0,0
2025-09-27 18:21:21,1224.787273,1224,392662.88,3.527458539,2,0,0
2025-09-27 18:21:21,1224.787273,1224,392761.48,3.553456063,2,0,0
2025-09-27 18:21:21,1225.386159,1225,392662.88,3.527458539,2,0,0
2025-09-27 18:21:21,1225.393557,1225,392662.88,3.527458539,2,0,0
2025-09-27 18:21:22,1226.327534,1226,392662.88,3.527458539,2,0,0
2025-09-27 18:21:22,1226.328126,1226,392662.88,3.527458539,2,0,0
2025-09-27 18:21:23,1227.152731,1227,392662.88,3.527458539,2,0,0
2025-09-27 18:21:23,1227.152731,1227,392662.88,3.527458539,2,0,0
2025-09-27 18:21:24,1227.793531,1227,392662.88,3.527458539,2,0,0
2025-09-27 18:21:24,1227.793531,1227,392662.88,3.527458539,2,0,0
2025-09-27 18:21:25,1228.780216,1228,392662.88,3.527458539,2,0,0
2025-09-27 18:21:25,1228.782224,1228,392662.88,3.527458539,2,0,0
2025-09-27 18:21:26,1229.786597,1229,392662.88,3.527458539,2,0,0
2025-09-27 18:21:26,1229.786597,1229,392662.88,3.527458539,2,0,0
2025-09-27 18:21:27,1230.725497,1230,392662.88,3.527458539,2,0,0
2025-09-27 18:21:27,1230.725497,1230,392662.88,3.527458539,2,0,0
2025-09-27 18:21:27,1231.275225,1231,392662.88,3.527458539,2,0,0
2025-09-27 18:21:27,1231.275225,1231,392662.88,3.527458539,2,0,0
2025-09-27 18:21:28,1232.486327,1232,392662.88,3.527458539,2,0,0
2025-09-27 18:21:28,1232.488068,1232,392662.88,3.527458539,2,0,0
2025-09-27 18:21:29,1233.17488,1233,392662.88,3.527458539,2,0,0
2025-09-27 18:21:29,1233.17488,1233,392662.88,3.527458539,2,0,0
2025-09-27 18:21:30,1234.259687,1234,392662.88,3.527458539,2,0,0
2025-09-27 18:21:30,1234.259687,1234,392662.88,3.527458539,2,0,0
2025-09-27 18:21:31,1234.959307,1234,392662.88,3.527458539,2,0,0
2025-09-27 18:21:31,1234.959307,1234,392662.88,3.527458539,2,0,0
2025-09-27 18:21:32,1236.040811,1236,392662.88,3.527458539,2,0,0
2025-09-27 18:21:32,1236.040811,1236,392662.88,3.527458539,2,0,0
2025-09-27 18:21:33,1237.15537,1237,392662.88,3.527458539,2,0,0
2025-09-27 18:21:33,1237.171163,1237,392662.88,3.527458539,2,0,0
2025-09-27 18:21:34,1238.142584,1238,392662.88,3.527458539,2,0,0
2025-09-27 18:21:34,1238.142584,1238,392662.88,3.527458539,2,0,0
2025-09-27 18:21:35,1238.962102,1238,392662.88,3.527458539,2,0,0
2025-09-27 18:21:35,1238.962102,1238,392662.88,3.527458539,2,0,0
2025-09-27 18:21:35,1239.505864,1239,392662.88,3.527458539,2,0,0
2025-09-27 18:21:35,1239.507872,1239,392662.88,3.527458539,2,0,0
2025-09-27 18:21:36,1240.135343,1240,392662.41,3.527334165,2,0,0
2025-09-27 18:21:36,1240.135343,1240,392662.88,3.527458539,2,0,0
2025-09-27 18:21:37,1240.840311,1240,392662.41,3.527334165,2,0,0
2025-09-27 18:21:37,1240.840311,1240,392662.88,3.527458539,2,0,0
2025-09-27 18:21:38,1241.873911,1241,392662.41,3.527334165,2,0,0
2025-09-27 18:21:38,1241.873911,1241,392662.41,3.527334165,2,0,0
2025-09-27 18:21:38,1242.527134,1242,392662.41,3.527334165,2,0,0
2025-09-27 18:21:38,1242.527134,1242,392662.41,3.527334165,2,0,0
2025-09-27 18:21:39,1243.286091,1243,392662.41,3.527334165,2,0,0
2025-09-27 18:21:39,1243.287838,1243,392662.41,3.527334165,2,0,0
2025-09-27 18:21:40,1244.038934,1244,392662.41,3.527334165,2,0,0
2025-09-27 18:21:40,1244.038934,1244,392662.41,3.527334165,2,0,0
2025-09-27 18:21:41,1245.233711,1245,392662.41,3.527334165,2,0,0
2025-09-27 18:21:41,1245.233711,1245,392662.41,3.527334165,2,0,0
2025-09-27 18:21:42,1246.356788,1246,392662.41,3.527334165,2,0,0
2025-09-27 18:21:42,1246.356788,1246,392662.41,3.527334165,2,0,0
2025-09-27 18:21:43,1247.28313,1247,392662.41,3.527334165,2,0,0
2025-09-27 18:21:43,1247.28313,1247,392662.41,3.527334165,2,0,0
2025-09-27 18:21:44,1247.94683,1247,392662.41,3.527334165,2,0,0
2025-09-27 18:21:44,1247.94683,1247,392662.41,3.527334165,2,0,0
2025-09-27 18:21:45,1248.958907,1248,392662.41,3.527334165,2,0,0
2025-09-27 18:21:45,1248.960916,1248,392662.41,3.527334165,2,0,0
2025-09-27 18:21:46,1249.937098,1249,392662.41,3.527334165,2,0,0
2025-09-27 18:21:46,1249.937098,1249,392662.41,3.527334165,2,0,0
2025-09-27 18:21:47,1250.896217,1250,392662.41,3.527334165,2,0,0
2025-09-27 18:21:47,1250.896217,1250,392662.41,3.527334165,2,0,0
2025-09-27 18:21:48,1251.726747,1251,392662.41,3.527334165,2,0,0
2025-09-27 18:21:48,1251.726747,1251,392662.41,3.527334165,2,0,0
2025-09-27 18:21:48,1252.307716,1252,392662.41,3.527334165,2,0,0
2025-09-27 18:21:48,1252.307716,1252,392662.41,3.527334165,2,0,0
2025-09-27 18:21:49,1252.903418,1252,392662.41,3.527334165,2,0,0
2025-09-27 18:21:49,1252.903418,1252,392662.41,3.527334165,2,0,0
2025-09-27 18:21:49,1253.557171,1253,392662.41,3.527334165,2,0,0
2025-09-27 18:21:49,1253.572902,1253,392662.41,3.527334165,2,0,0
2025-09-27 18:21:50,1254.331267,1254,392662.41,3.527334165,2,0,0
2025-09-27 18:21:50,1254.331267,1254,392662.41,3.527334165,2,0,0
2025-09-27 18:21:51,1255.024197,1255,392662.41,3.527334165,2,0,0
2025-09-27 18:21:51,1255.024197,1255,392662.41,3.527334165,2,0,0
2025-09-27 18:21:52,1255.929315,1255,392662.41,3.527334165,2,0,0
2025-09-27 18:21:52,1255.929315,1255,392662.41,3.527334165,2,0,0
2025-09-27 18:21:53,1256.8627,1256,392662.41,3.527334165,2,0,0
2025-09-27 18:21:53,1256.864709,1256,392662.41,3.527334165,2,0,0
2025-09-27 18:21:53,1257.480895,1257,392662.41,3.527334165,2,0,0
2025-09-27 18:21:53,1257.480895,1257,392662.41,3.527334165,2,0,0
2025-09-27 18:21:54,1258.419021,1258,392662.41,3.527334165,2,0,0
2025-09-27 18:21:54,1258.419021,1258,392662.41,3.527334165,2,0,0
2025-09-27 18:21:55,1259.058568,1259,392662.41,3.527334165,2,0,0
2025-09-27 18:21:55,1259.058568,1259,392662.41,3.527334165,2,0,0
2025-09-27 18:21:56,1259.849304,1259,392662.41,3.527334165,2,0,0
2025-09-27 18:21:56,1259.851196,1259,392662.41,3.527334165,2,0,0
2025-09-27 18:21:56,1260.56907,1260,392641.8,3.521901333,2,0,0
2025-09-27 18:21:56,1260.585285,1260,392662.41,3.527334165,2,0,0
2025-09-27 18:21:58,1262.184722,1262,392641.8,3.521901333,2,0,0
2025-09-27 18:21:58,1262.184722,1262,392641.8,3.521901333,2,0,0
2025-09-27 18:21:59,1263.273693,1263,392641.8,3.521901333,2,0,0
2025-09-27 18:21:59,1263.275376,1263,392641.8,3.521901333,2,0,0
2025-09-27 18:22:00,1264.44312,1264,392641.8,3.521901333,2,0,0
2025-09-27 18:22:00,1264.44312,1264,392641.8,3.521901333,2,0,0
2025-09-27 18:22:01,1265.680041,1265,392641.8,3.521901333,2,0,0
2025-09-27 18:22:01,1265.682041,1265,392641.8,3.521901333,2,0,0
2025-09-27 18:22:02,1266.711025,1266,392641.8,3.521901333,2,0,0
2025-09-27 18:22:02,1266.711025,1266,392641.8,3.521901333,2,0,0
2025-09-27 18:22:03,1267.324013,1267,392641.8,3.521901333,2,0,0
2025-09-27 18:22:03,1267.324013,1267,392641.8,3.521901333,2,0,0
2025-09-27 18:22:04,1268.452843,1268,392641.8,3.521901333,2,0,0
2025-09-27 18:22:04,1268.452843,1268,392641.8,3.521901333,2,0,0
2025-09-27 18:22:05,1269.097927,1269,392641.8,3.521901333,2,0,0
2025-09-27 18:22:05,1269.097927,1269,392641.8,3.521901333,2,0,0
2025-09-27 18:22:05,1269.696607,1269,392641.8,3.521901333,2,0,0
2025-09-27 18:22:05,1269.698614,1269,392641.8,3.521901333,2,0,0
2025-09-27 18:22:06,1270.275827,1270,392641.8,3.521901333,2,0,0
2025-09-27 18:22:06,1270.275827,1270,392641.8,3.521901333,2,0,0
2025-09-27 18:22:07,1270.841726,1270,392641.8,3.521901333,2,0,0
2025-09-27 18:22:07,1270.841726,1270,392641.8,3.521901333,2,0,0
2025-09-27 18:22:07,1271.573331,1271,392641.8,3.521901333,2,0,0
2025-09-27 18:22:07,1271.573331,1271,392641.8,3.521901333,2,0,0
2025-09-27 18:22:09,1273.103949,1273,392641.8,3.521901333,2,0,0
2025-09-27 18:22:09,1273.105861,1273,392641.8,3.521901333,2,0,0
2025-09-27 18:22:09,1273.708859,1273,392636.21,3.520426051,2,0,0
2025-09-27 18:22:09,1273.708859,1273,392641.8,3.521901333,2,0,0
2025-09-27 18:22:11,1274.916223,1274,392591.61,3.508667367,2,0,0
2025-09-27 18:22:11,1274.916223,1274,392635.51,3.520242974,2,0,0
2025-09-27 18:22:11,1275.658873,1275,392591.61,3.508667367,2,0,0
2025-09-27 18:22:11,1275.658873,1275,392591.61,3.508667367,2,0,0
2025-09-27 18:22:12,1276.374847,1276,392591.61,3.508667367,2,0,0
2025-09-27 18:22:12,1276.374847,1276,392591.61,3.508667367,2,0,0
2025-09-27 18:22:13,1276.969787,1276,392591.61,3.508667367,2,0,0
2025-09-27 18:22:13,1276.969787,1276,392591.61,3.508667367,2,0,0
2025-09-27 18:22:14,1277.740538,1277,392591.61,3.508667367,2,0,0
2025-09-27 18:22:14,1277.740538,1277,392591.61,3.508667367,2,0,0
2025-09-27 18:22:14,1278.335292,1278,392591.36,3.508601276,2,0,0
2025-09-27 18:22:14,1278.335292,1278,392591.61,3.508667367,2,0,0
2025-09-27 18:22:15,1279.037507,1279,392591.36,3.508601276,2,0,0
2025-09-27 18:22:15,1279.037507,1279,392591.61,3.508667367,2,0,0
2025-09-27 18:22:16,1279.994408,1279,392591.36,3.508601276,2,0,0
2025-09-27 18:22:16,1279.99742,1279,392591.61,3.508667367,2,0,0
2025-09-27 18:22:17,1280.846202,1280,392591.36,3.508601276,2,0,0
2025-09-27 18:22:17,1280.846202,1280,392591.61,3.508667367,2,0,0
2025-09-27 18:22:17,1281.673087,1281,392591.36,3.508601276,2,0,0
2025-09-27 18:22:17,1281.673087,1281,392591.36,3.508601276,2,0,0
2025-09-27 18:22:18,1282.342526,1282,392591.36,3.508601276,2,0,0
2025-09-27 18:22:18,1282.342526,1282,392591.36,3.508601276,2,0,0
2025-09-27 18:22:19,1283.071991,1283,392591.36,3.508601276,2,0,0
2025-09-27 18:22:19,1283.071991,1283,392591.36,3.508601276,2,0,0
2025-09-27 18:22:20,1284.38587,1284,392591.36,3.508601276,2,0,0
2025-09-27 18:22:20,1284.38587,1284,392591.36,3.508601276,2,0,0
2025-09-27 18:22:21,1284.981611,1284,392591.36,3.508601276,2,0,0
2025-09-27 18:22:21,1284.981611,1284,392591.36,3.508601276,2,0,0
2025-09-27 18:22:21,1285.689154,1285,392591.36,3.508601276,2,0,0
2025-09-27 18:22:21,1285.689154,1285,392591.36,3.508601276,2,0,0
2025-09-27 18:22:22,1286.321766,1286,392591.36,3.508601276,2,0,0
2025-09-27 18:22:22,1286.321766,1286,392591.36,3.508601276,2,0,0
2025-09-27 18:22:23,1286.957119,1286,392591.36,3.508601276,2,0,0
2025-09-27 18:22:23,1286.972872,1286,392591.36,3.508601276,2,0,0
2025-09-27 18:22:23,1287.506289,1287,392591.36,3.508601276,2,0,0
2025-09-27 18:22:23,1287.506289,1287,392591.36,3.508601276,2,0,0
2025-09-27 18:22:24,1288.182656,1288,392591.36,3.508601276,2,0,0
2025-09-27 18:22:24,1288.182656,1288,392591.36,3.508601276,2,0,0
2025-09-27 18:22:25,1289.153738,1289,392591.36,3.508601276,2,0,0
2025-09-27 18:22:25,1289.153738,1289,392591.36,3.508601276,2,0,0
2025-09-27 18:22:26,1289.95671,1289,392591.36,3.508601276,2,0,0
2025-09-27 18:22:26,1289.95671,1289,392591.36,3.508601276,2,0,0
2025-09-27 18:22:26,1290.604744,1290,392591.36,3.508601276,2,0,0
2025-09-27 18:22:26,1290.60573,1290,392591.36,3.508601276,2,0,0
2025-09-27 18:22:27,1291.274502,1291,392591.36,3.508601276,2,0,0
2025-09-27 18:22:27,1291.274502,1291,392591.36,3.508601276,2,0,0
2025-09-27 18:22:28,1292.277838,1292,392591.36,3.508601276,2,0,0
2025-09-27 18:22:28,1292.277838,1292,392591.36,3.508601276,2,0,0
2025-09-27 18:22:29,1293.249906,1293,392591.36,3.508601276,2,0,0
2025-09-27 18:22:29,1293.250866,1293,392591.36,3.508601276,2,0,0
2025-09-27 18:22:30,1293.778795,1293,392591.36,3.508601276,2,0,0
2025-09-27 18:22:30,1293.779886,1293,392591.36,3.508601276,2,0,0
2025-09-27 18:22:30,1294.605373,1294,392591.36,3.508601276,2,0,0
2025-09-27 18:22:30,1294.605373,1294,392591.36,3.508601276,2,0,0
2025-09-27 18:22:32,1295.741508,1295,392591.36,3.508601276,2,0,0
2025-09-27 18:22:32,1295.741508,1295,392591.36,3.508601276,2,0,0
2025-09-27 18:22:32,1296.507248,1296,392591.36,3.508601276,2,0,0
2025-09-27 18:22:32,1296.507248,1296,392591.36,3.508601276,2,0,0
2025-09-27 18:22:34,1297.995953,1297,392591.36,3.508601276,2,0,0
2025-09-27 18:22:34,1297.996857,1297,392591.36,3.508601276,2,0,0
2025-09-27 18:22:35,1298.810266,1298,392591.36,3.508601276,2,0,0
2025-09-27 18:22:35,1298.810266,1298,392591.36,3.508601276,2,0,0
2025-09-27 18:22:35,1299.53929,1299,392591.36,3.508601276,2,0,0
2025-09-27 18:22:35,1299.53929,1299,392591.36,3.508601276,2,0,0
2025-09-27 18:22:36,1300.382697,1300,392591.36,3.508601276,2,0,0
2025-09-27 18:22:36,1300.398468,1300,392591.36,3.508601276,2,0,0
2025-09-27 18:22:37,1300.958034,1300,392591.36,3.508601276,2,0,0
2025-09-27 18:22:37,1300.958034,1300,392591.36,3.508601276,2,0,0
2025-09-27 18:22:38,1302.643171,1302,392591.36,3.508601276,2,0,0
2025-09-27 18:22:38,1302.643171,1302,392591.36,3.508601276,2,0,0
2025-09-27 18:22:39,1303.517276,1303,392591.36,3.508601276,2,0,0
2025-09-27 18:22:39,1303.517276,1303,392591.36,3.508601276,2,0,0
2025-09-27 18:22:40,1304.155916,1304,392591.36,3.508601276,2,0,0
2025-09-27 18:22:40,1304.155916,1304,392591.36,3.508601276,2,0,0
2025-09-27 18:22:41,1304.991524,1304,392591.36,3.508601276,2,0,0
2025-09-27 18:22:41,1305.006943,1305,392591.36,3.508601276,2,0,0
2025-09-27 18:22:41,1305.666013,1305,392591.36,3.508601276,2,0,0
2025-09-27 18:22:41,1305.666013,1305,392591.36,3.508601276,2,0,0
2025-09-27 18:22:42,1306.282246,1306,392591.36,3.508601276,2,0,0
2025-09-27 18:22:42,1306.282246,1306,392591.36,3.508601276,2,0,0
2025-09-27 18:22:43,1306.988942,1306,392591.36,3.508601276,2,0,0
2025-09-27 18:22:43,1306.988942,1306,392591.36,3.508601276,2,0,0
2025-09-27 18:22:44,1307.879341,1307,392591.36,3.508601276,2,0,0
2025-09-27 18:22:44,1307.879341,1307,392591.36,3.508601276,2,0,0
2025-09-27 18:22:45,1308.884087,1308,392591.36,3.508601276,2,0,0
2025-09-27 18:22:45,1308.884594,1308,392591.36,3.508601276,2,0,0
2025-09-27 18:22:46,1309.915655,1309,392591.36,3.508601276,2,0,0
2025-09-27 18:22:46,1309.915655,1309,392591.36,3.508601276,2,0,0
2025-09-27 18:22:47,1311.166102,1311,392591.36,3.508601276,2,0,0
2025-09-27 18:22:47,1311.166102,1311,392591.36,3.508601276,2,0,0
2025-09-27 18:22:48,1311.953959,1311,392591.36,3.508601276,2,0,0
2025-09-27 18:22:48,1311.969737,1311,392591.36,3.508601276,2,0,0
2025-09-27 18:22:49,1312.90822,1312,392591.36,3.508601276,2,0,0
2025-09-27 18:22:49,1312.90822,1312,392591.36,3.508601276,2,0,0
2025-09-27 18:22:50,1313.790095,1313,392591.36,3.508601276,2,0,0
2025-09-27 18:22:50,1313.790095,1313,392591.36,3.508601276,2,0,0
2025-09-27 18:22:50,1314.571714,1314,392591.36,3.508601276,2,0,0
2025-09-27 18:22:50,1314.571714,1314,392591.36,3.508601276,2,0,0
2025-09-27 18:22:51,1315.168391,1315,392591.36,3.508601276,2,0,0
2025-09-27 18:22:51,1315.168391,1315,392591.36,3.508601276,2,0,0
2025-09-27 18:22:52,1315.796162,1315,392591.36,3.508601276,2,0,0
2025-09-27 18:22:52,1315.798172,1315,392591.36,3.508601276,2,0,0
2025-09-27 18:22:52,1316.457998,1316,392591.36,3.508601276,2,0,0
2025-09-27 18:22:52,1316.473898,1316,392591.36,3.508601276,2,0,0
2025-09-27 18:22:53,1317.286073,1317,392591.36,3.508601276,2,0,0
2025-09-27 18:22:53,1317.302211,1317,392591.36,3.508601276,2,0,0
2025-09-27 18:22:54,1318.630448,1318,392591.36,3.508601276,2,0,0
2025-09-27 18:22:54,1318.630448,1318,392591.36,3.508601276,2,0,0
2025-09-27 18:22:55,1319.274327,1319,392591.36,3.508601276,2,0,0
2025-09-27 18:22:55,1319.274327,1319,392591.36,3.508601276,2,0,0
2025-09-27 18:22:56,1319.823311,1319,392591.36,3.508601276,2,0,0
2025-09-27 18:22:56,1319.839326,1319,392591.36,3.508601276,2,0,0
2025-09-27 18:22:56,1320.612922,1320,392591.36,3.508601276,2,0,0
2025-09-27 18:22:56,1320.612922,1320,392591.36,3.508601276,2,0,0
2025-09-27 18:22:57,1321.256267,1321,392591.36,3.508601276,2,0,0
2025-09-27 18:22:57,1321.256267,1321,392591.36,3.508601276,2,0,0
2025-09-27 18:22:58,1322.35737,1322,392591.36,3.508601276,2,0,0
2025-09-27 18:22:58,1322.35737,1322,392591.36,3.508601276,2,0,0
2025-09-27 18:22:59,1323.086409,1323,392591.36,3.508601276,2,0,0
2025-09-27 18:22:59,1323.086409,1323,392591.36,3.508601276,2,0,0
2025-09-27 18:23:00,1323.842509,1323,392591.36,3.508601276,2,0,0
2025-09-27 18:23:00,1323.842509,1323,392591.36,3.508601276,2,0,0
2025-09-27 18:23:00,1324.589986,1324,392591.36,3.508601276,2,0,0
2025-09-27 18:23:00,1324.589986,1324,392591.36,3.508601276,2,0,0
2025-09-27 18:23:01,1325.362834,1325,392591.36,3.508601276,2,0,0
2025-09-27 18:23:01,1325.362834,1325,392591.36,3.508601276,2,0,0
2025-09-27 18:23:02,1326.098582,1326,392591.36,3.508601276,2,0,0
2025-09-27 18:23:02,1326.099491,1326,392591.36,3.508601276,2,0,0
2025-09-27 18:23:03,1327.073852,1327,392565.45,3.501772065,2,0,0
2025-09-27 18:23:03,1327.073852,1327,392591.36,3.508601276,2,0,0
2025-09-27 18:23:04,1327.886014,1327,392565.45,3.501772065,2,0,0
2025-09-27 18:23:04,1327.886014,1327,392590.07,3.508261169,2,0,0
2025-09-27 18:23:04,1328.499532,1328,392565.45,3.501772065,2,0,0
2025-09-27 18:23:04,1328.499532,1328,392565.45,3.501772065,2,0,0
2025-09-27 18:23:05,1329.549017,1329,392565.45,3.501772065,2,0,0
2025-09-27 18:23:05,1329.549017,1329,392565.45,3.501772065,2,0,0
2025-09-27 18:23:06,1330.410335,1330,392565.45,3.501772065,2,0,0
2025-09-27 18:23:06,1330.410335,1330,392565.45,3.501772065,2,0,0
2025-09-27 18:23:07,1331.442533,1331,392565.45,3.501772065,2,0,0
2025-09-27 18:23:07,1331.442533,1331,392565.45,3.501772065,2,0,0
2025-09-27 18:23:08,1332.06995,1332,392565.45,3.501772065,2,0,0
2025-09-27 18:23:08,1332.0717,1332,392565.45,3.501772065,2,0,0
2025-09-27 18:23:09,1333.388469,1333,392565.45,3.501772065,2,0,0
2025-09-27 18:23:09,1333.388469,1333,392565.45,3.501772065,2,0,0
2025-09-27 18:23:10,1334.348383,1334,392565.45,3.501772065,2,0,0
2025-09-27 18:23:10,1334.348383,1334,392565.45,3.501772065,2,0,0
2025-09-27 18:23:11,1335.44515,1335,392565.45,3.501772065,2,0,0
2025-09-27 18:23:11,1335.44515,1335,392565.45,3.501772065,2,0,0
2025-09-27 18:23:12,1336.389361,1336,392565.45,3.501772065,2,0,0
2025-09-27 18:23:12,1336.389361,1336,392565.45,3.501772065,2,0,0
2025-09-27 18:23:13,1337.155946,1337,392565.45,3.501772065,2,0,0
2025-09-27 18:23:13,1337.155946,1337,392565.45,3.501772065,2,0,0
2025-09-27 18:23:15,1338.776342,1338,392565.45,3.501772065,2,0,0
2025-09-27 18:23:15,1338.776342,1338,392565.45,3.501772065,2,0,0
2025-09-27 18:23:15,1339.551735,1339,392565.45,3.501772065,2,0,0
2025-09-27 18:23:15,1339.551735,1339,392565.45,3.501772065,2,0,0
2025-09-27 18:23:16,1340.372027,1340,392565.18,3.501699099,2,0,0
2025-09-27 18:23:16,1340.372027,1340,392565.45,3.501772065,2,0,0
2025-09-27 18:23:17,1341.467511,1341,392565.18,3.501699099,2,0,0
2025-09-27 18:23:17,1341.468509,1341,392565.18,3.501699099,2,0,0
2025-09-27 18:23:18,1342.701595,1342,392558.89,3.500040739,2,0,0
2025-09-27 18:23:18,1342.701595,1342,392565.18,3.501699099,2,0,0
2025-09-27 18:23:20,1343.895741,1343,392558.89,3.500040739,2,0,0
2025-09-27 18:23:20,1343.895741,1343,392565.18,3.501699099,2,0,0
2025-09-27 18:23:21,1344.768386,1344,392558.89,3.500040739,2,0,0
2025-09-27 18:23:21,1344.770395,1344,392558.89,3.500040739,2,0,0
2025-09-27 18:23:21,1345.305975,1345,392558.89,3.500040739,2,0,0
2025-09-27 18:23:21,1345.305975,1345,392558.89,3.500040739,2,0,0
2025-09-27 18:23:22,1345.896498,1345,392558.89,3.500040739,2,0,0
2025-09-27 18:23:22,1345.896498,1345,392558.89,3.500040739,2,0,0
2025-09-27 18:23:23,1346.754467,1346,392457.87,3.473405867,2,0,0
2025-09-27 18:23:23,1346.754467,1346,392558.89,3.500040739,2,0,0
2025-09-27 18:23:23,1347.67264,1347,392457.87,3.473405867,2,0,0
2025-09-27 18:23:23,1347.67264,1347,392457.87,3.473405867,2,0,0
2025-09-27 18:23:24,1348.364635,1348,392457.87,3.473405867,2,0,0
2025-09-27 18:23:24,1348.365632,1348,392457.87,3.473405867,2,0,0
2025-09-27 18:23:25,1349.068895,1349,392457.87,3.473405867,2,0,0
2025-09-27 18:23:25,1349.068895,1349,392457.87,3.473405867,2,0,0
2025-09-27 18:23:26,1349.811412,1349,392457.87,3.473405867,2,0,0
2025-09-27 18:23:26,1349.811412,1349,392457.87,3.473405867,2,0,0
2025-09-27 18:23:26,1350.359928,1350,392457.87,3.473405867,2,0,0
2025-09-27 18:23:26,1350.375913,1350,392457.87,3.473405867,2,0,0
2025-09-27 18:23:27,1351.362206,1351,392457.87,3.473405867,2,0,0
2025-09-27 18:23:27,1351.362206,1351,392457.87,3.473405867,2,0,0
2025-09-27 18:23:28,1352.272788,1352,392457.87,3.473405867,2,0,0
2025-09-27 18:23:28,1352.272788,1352,392457.87,3.473405867,2,0,0
2025-09-27 18:23:29,1353.143808,1353,392457.87,3.473405867,2,0,0
2025-09-27 18:23:29,1353.143808,1353,392457.87,3.473405867,2,0,0
2025-09-27 18:23:30,1353.768576,1353,392457.87,3.473405867,2,0,0
2025-09-27 18:23:30,1353.770324,1353,392457.87,3.473405867,2,0,0
2025-09-27 18:23:31,1354.92027,1354,392457.87,3.473405867,2,0,0
2025-09-27 18:23:31,1354.92027,1354,392457.87,3.473405867,2,0,0
2025-09-27 18:23:31,1355.610479,1355,392457.87,3.473405867,2,0,0
2025-09-27 18:23:31,1355.610479,1355,392457.87,3.473405867,2,0,0
2025-09-27 18:23:32,1356.479273,1356,392457.87,3.473405867,2,0,0
2025-09-27 18:23:32,1356.479781,1356,392457.87,3.473405867,2,0,0
2025-09-27 18:23:33,1357.308613,1357,392457.87,3.473405867,2,0,0
2025-09-27 18:23:33,1357.308613,1357,392457.87,3.473405867,2,0,0
2025-09-27 18:23:34,1357.927233,1357,392457.87,3.473405867,2,0,0
2025-09-27 18:23:34,1357.927233,1357,392457.87,3.473405867,2,0,0
2025-09-27 18:23:34,1358.609608,1358,392457.87,3.473405867,2,0,0
2025-09-27 18:23:34,1358.611357,1358,392457.87,3.473405867,2,0,0
2025-09-27 18:23:36,1359.964186,1359,392457.87,3.473405867,2,0,0
2025-09-27 18:23:36,1359.966196,1359,392457.87,3.473405867,2,0,0
2025-09-27 18:23:37,1361.040517,1361,392457.87,3.473405867,2,0,0
2025-09-27 18:23:37,1361.040517,1361,392457.87,3.473405867,2,0,0
2025-09-27 18:23:38,1361.97479,1361,392446.19,3.470326411,2,0,0
2025-09-27 18:23:38,1361.97479,1361,392457.87,3.473405867,2,0,0
2025-09-27 18:23:38,1362.532661,1362,392446.19,3.470326411,2,0,0
2025-09-27 18:23:38,1362.532661,1362,392457.87,3.473405867,2,0,0
2025-09-27 18:23:39,1363.47859,1363,392446.19,3.470326411,2,0,0
2025-09-27 18:23:39,1363.480599,1363,392457.87,3.473405867,2,0,0
2025-09-27 18:23:40,1364.303246,1364,392446.19,3.470326411,2,0,0
2025-09-27 18:23:40,1364.303246,1364,392457.87,3.473405867,2,0,0
2025-09-27 18:23:41,1364.873788,1364,392446.19,3.470326411,2,0,0
2025-09-27 18:23:41,1364.873788,1364,392457.87,3.473405867,2,0,0
2025-09-27 18:23:41,1365.517951,1365,392446.19,3.470326411,2,0,0
2025-09-27 18:23:41,1365.517951,1365,392457.87,3.473405867,2,0,0
2025-09-27 18:23:42,1366.083843,1366,392446.19,3.470326411,2,0,0
2025-09-27 18:23:42,1366.083843,1366,392446.19,3.470326411,2,0,0
2025-09-27 18:23:43,1367.259819,1367,392446.19,3.470326411,2,0,0
2025-09-27 18:23:43,1367.259819,1367,392446.19,3.470326411,2,0,0
2025-09-27 18:23:44,1368.105667,1368,392446.19,3.470326411,2,0,0
2025-09-27 18:23:44,1368.105667,1368,392446.19,3.470326411,2,0,0
2025-09-27 18:23:45,1369.006613,1369,392446.19,3.470326411,2,0,0
2025-09-27 18:23:45,1369.006613,1369,392446.19,3.470326411,2,0,0
2025-09-27 18:23:47,1370.833608,1370,392446.19,3.470326411,2,0,0
2025-09-27 18:23:47,1370.833608,1370,392446.19,3.470326411,2,0,0
2025-09-27 18:23:47,1371.512135,1371,392446.19,3.470326411,2,0,0
2025-09-27 18:23:47,1371.512135,1371,392446.19,3.470326411,2,0,0
2025-09-27 18:23:48,1372.213263,1372,392446.19,3.470326411,2,0,0
2025-09-27 18:23:48,1372.214246,1372,392446.19,3.470326411,2,0,0
2025-09-27 18:23:50,1374.581233,1374,392446.19,3.470326411,2,0,0
2025-09-27 18:23:50,1374.581233,1374,392446.19,3.470326411,2,0,0
2025-09-27 18:23:51,1375.256343,1375,392446.19,3.470326411,2,0,0
2025-09-27 18:23:51,1375.256343,1375,392446.19,3.470326411,2,0,0
2025-09-27 18:23:52,1376.086042,1376,392446.19,3.470326411,2,0,0
2025-09-27 18:23:52,1376.086042,1376,392446.19,3.470326411,2,0,0
2025-09-27 18:23:53,1376.934981,1376,392446.19,3.470326411,2,0,0
2025-09-27 18:23:53,1376.934981,1376,392446.19,3.470326411,2,0,0
2025-09-27 18:23:54,1378.092033,1378,392446.19,3.470326411,2,0,0
2025-09-27 18:23:54,1378.092033,1378,392446.19,3.470326411,2,0,0
2025-09-27 18:23:54,1378.721247,1378,392446.19,3.470326411,2,0,0
2025-09-27 18:23:54,1378.721247,1378,392446.19,3.470326411,2,0,0
2025-09-27 18:23:55,1379.318685,1379,392446.19,3.470326411,2,0,0
2025-09-27 18:23:55,1379.318685,1379,392446.19,3.470326411,2,0,0
2025-09-27 18:23:56,1380.241248,1380,392446.19,3.470326411,2,0,0
2025-09-27 18:23:56,1380.241248,1380,392446.19,3.470326411,2,0,0
2025-09-27 18:23:58,1381.764483,1381,392446.19,3.470326411,2,0,0
2025-09-27 18:23:58,1381.764483,1381,392446.19,3.470326411,2,0,0
2025-09-27 18:23:58,1382.423476,1382,392446.19,3.470326411,2,0,0
2025-09-27 18:23:58,1382.423476,1382,392446.19,3.470326411,2,0,0
2025-09-27 18:23:59,1383.683459,1383,392446.19,3.470326411,2,0,0
2025-09-27 18:23:59,1383.683459,1383,392446.19,3.470326411,2,0,0
2025-09-27 18:24:00,1384.445308,1384,392446.19,3.470326411,2,0,0
2025-09-27 18:24:00,1384.445308,1384,392446.19,3.470326411,2,0,0
2025-09-27 18:24:01,1385.071351,1385,392446.19,3.470326411,2,0,0
2025-09-27 18:24:01,1385.071351,1385,392446.19,3.470326411,2,0,0
2025-09-27 18:24:02,1386.042593,1386,392446.19,3.470326411,2,0,0
2025-09-27 18:24:02,1386.058482,1386,392446.19,3.470326411,2,0,0
2025-09-27 18:24:03,1387.188278,1387,392446.19,3.470326411,2,0,0
2025-09-27 18:24:03,1387.188278,1387,392446.19,3.470326411,2,0,0
2025-09-27 18:24:04,1388.264224,1388,392446.19,3.470326411,2,0,0
2025-09-27 18:24:04,1388.264224,1388,392446.19,3.470326411,2,0,0
2025-09-27 18:24:05,1389.138749,1389,392446.19,3.470326411,2,0,0
2025-09-27 18:24:05,1389.138749,1389,392446.19,3.470326411,2,0,0
2025-09-27 18:24:06,1389.744076,1389,392446.19,3.470326411,2,0,0
2025-09-27 18:24:06,1389.744076,1389,392446.19,3.470326411,2,0,0
2025-09-27 18:24:07,1391.031791,1391,392446.19,3.470326411,2,0,0
2025-09-27 18:24:07,1391.031791,1391,392446.19,3.470326411,2,0,0
2025-09-27 18:24:08,1391.908245,1391,392446.19,3.470326411,2,0,0
2025-09-27 18:24:08,1391.908751,1391,392446.19,3.470326411,2,0,0
2025-09-27 18:24:09,1392.967996,1392,392446.19,3.470326411,2,0,0
2025-09-27 18:24:09,1392.970005,1392,392446.19,3.470326411,2,0,0
2025-09-27 18:24:09,1393.50186,1393,392446.19,3.470326411,2,0,0
2025-09-27 18:24:09,1393.503869,1393,392446.19,3.470326411,2,0,0
2025-09-27 18:24:10,1394.340615,1394,392446.19,3.470326411,2,0,0
2025-09-27 18:24:10,1394.343419,1394,392446.19,3.470326411,2,0,0
2025-09-27 18:24:11,1395.123497,1395,392446.19,3.470326411,2,0,0
2025-09-27 18:24:11,1395.123497,1395,392446.19,3.470326411,2,0,0
2025-09-27 18:24:12,1396.204424,1396,392446.19,3.470326411,2,0,0
2025-09-27 18:24:12,1396.204424,1396,392446.19,3.470326411,2,0,0
2025-09-27 18:24:13,1397.023041,1397,392446.19,3.470326411,2,0,0
2025-09-27 18:24:13,1397.023041,1397,392446.19,3.470326411,2,0,0
2025-09-27 18:24:14,1397.948472,1397,392446.19,3.470326411,2,0,0
2025-09-27 18:24:14,1397.948472,1397,392446.19,3.470326411,2,0,0
2025-09-27 18:24:15,1398.923572,1398,392311.51,3.434818854,2,0,0
2025-09-27 18:24:15,1398.923572,1398,392446.19,3.470326411,2,0,0
2025-09-27 18:24:16,1399.905352,1399,392311.51,3.434818854,2,0,0
2025-09-27 18:24:16,1399.905352,1399,392311.51,3.434818854,2,0,0
2025-09-27 18:24:17,1401.335737,1401,392311.51,3.434818854,2,0,0
2025-09-27 18:24:17,1401.335737,1401,392311.51,3.434818854,2,0,0
2025-09-27 18:24:18,1402.022278,1402,392311.51,3.434818854,2,0,0
2025-09-27 18:24:18,1402.022278,1402,392311.51,3.434818854,2,0,0
2025-09-27 18:24:19,1402.7311,1402,392311.51,3.434818854,2,0,0
2025-09-27 18:24:19,1402.7311,1402,392311.51,3.434818854,2,0,0
2025-09-27 18:24:19,1403.389663,1403,392311.51,3.434818854,2,0,0
2025-09-27 18:24:19,1403.389663,1403,392311.51,3.434818854,2,0,0
2025-09-27 18:24:20,1404.234408,1404,392311.51,3.434818854,2,0,0
2025-09-27 18:24:20,1404.234408,1404,392311.51,3.434818854,2,0,0
2025-09-27 18:24:21,1404.863821,1404,392311.51,3.434818854,2,0,0
2025-09-27 18:24:21,1404.879888,1404,392311.51,3.434818854,2,0,0
2025-09-27 18:24:21,1405.553167,1405,392311.51,3.434818854,2,0,0
2025-09-27 18:24:21,1405.553167,1405,392311.51,3.434818854,2,0,0
2025-09-27 18:24:22,1406.660668,1406,392311.51,3.434818854,2,0,0
2025-09-27 18:24:22,1406.661799,1406,392311.51,3.434818854,2,0,0
2025-09-27 18:24:23,1407.318274,1407,392311.51,3.434818854,2,0,0
2025-09-27 18:24:23,1407.320284,1407,392311.51,3.434818854,2,0,0
2025-09-27 18:24:24,1407.936924,1407,392311.51,3.434818854,2,0,0
2025-09-27 18:24:24,1407.936924,1407,392311.51,3.434818854,2,0,0
2025-09-27 18:24:25,1408.725194,1408,392311.51,3.434818854,2,0,0
2025-09-27 18:24:25,1408.725194,1408,392311.51,3.434818854,2,0,0
2025-09-27 18:24:25,1409.692669,1409,392311.51,3.434818854,2,0,0
2025-09-27 18:24:25,1409.692669,1409,392311.51,3.434818854,2,0,0
2025-09-27 18:24:26,1410.680747,1410,392311.51,3.434818854,2,0,0
2025-09-27 18:24:26,1410.680747,1410,392311.51,3.434818854,2,0,0
2025-09-27 18:24:27,1411.295921,1411,392311.51,3.434818854,2,0,0
2025-09-27 18:24:27,1411.312068,1411,392311.51,3.434818854,2,0,0
2025-09-27 18:24:28,1411.975733,1411,392311.51,3.434818854,2,0,0
2025-09-27 18:24:28,1411.976715,1411,392311.51,3.434818854,2,0,0
2025-09-27 18:24:29,1412.815799,1412,392311.51,3.434818854,2,0,0
2025-09-27 18:24:29,1412.815799,1412,392311.51,3.434818854,2,0,0
2025-09-27 18:24:29,1413.316113,1413,392311.51,3.434818854,2,0,0
2025-09-27 18:24:29,1413.316113,1413,392311.51,3.434818854,2,0,0
2025-09-27 18:24:30,1414.092545,1414,392311.51,3.434818854,2,0,0
2025-09-27 18:24:30,1414.093543,1414,392311.51,3.434818854,2,0,0
2025-09-27 18:24:30,1414.619956,1414,392311.51,3.434818854,2,0,0
2025-09-27 18:24:30,1414.620959,1414,392311.51,3.434818854,2,0,0
2025-09-27 18:24:31,1415.182308,1415,392311.51,3.434818854,2,0,0
2025-09-27 18:24:31,1415.182308,1415,392311.51,3.434818854,2,0,0
2025-09-27 18:24:32,1415.85352,1415,392311.51,3.434818854,2,0,0
2025-09-27 18:24:32,1415.85352,1415,392311.51,3.434818854,2,0,0
2025-09-27 18:24:33,1417.030138,1417,392311.51,3.434818854,2,0,0
2025-09-27 18:24:33,1417.030138,1417,392311.51,3.434818854,2,0,0
2025-09-27 18:24:34,1418.077326,1418,392311.51,3.434818854,2,0,0
2025-09-27 18:24:34,1418.077326,1418,392311.51,3.434818854,2,0,0
2025-09-27 18:24:35,1419.068563,1419,392311.51,3.434818854,2,0,0
2025-09-27 18:24:35,1419.068563,1419,392311.51,3.434818854,2,0,0
2025-09-27 18:24:35,1419.698932,1419,392311.51,3.434818854,2,0,0
2025-09-27 18:24:35,1419.70094,1419,392311.51,3.434818854,2,0,0
2025-09-27 18:24:36,1420.341681,1420,392311.51,3.434818854,2,0,0
2025-09-27 18:24:36,1420.341681,1420,392311.51,3.434818854,2,0,0
2025-09-27 18:24:37,1421.009406,1421,392311.51,3.434818854,2,0,0
2025-09-27 18:24:37,1421.009406,1421,392311.51,3.434818854,2,0,0
2025-09-27 18:24:38,1421.877091,1421,392311.51,3.434818854,2,0,0
2025-09-27 18:24:38,1421.877091,1421,392311.51,3.434818854,2,0,0
2025-09-27 18:24:39,1422.818965,1422,392311.51,3.434818854,2,0,0
2025-09-27 18:24:39,1422.818965,1422,392311.51,3.434818854,2,0,0
2025-09-27 18:24:40,1423.902161,1423,392311.51,3.434818854,2,0,0
2025-09-27 18:24:40,1423.902161,1423,392311.51,3.434818854,2,0,0
2025-09-27 18:24:40,1424.464957,1424,392311.51,3.434818854,2,0,0
2025-09-27 18:24:40,1424.464957,1424,392311.51,3.434818854,2,0,0
2025-09-27 18:24:41,1425.044785,1425,392311.51,3.434818854,2,0,0
2025-09-27 18:24:41,1425.044785,1425,392311.51,3.434818854,2,0,0
2025-09-27 18:24:42,1425.873097,1425,392311.51,3.434818854,2,0,0
2025-09-27 18:24:42,1425.873097,1425,392311.51,3.434818854,2,0,0
2025-09-27 18:24:43,1427.422985,1427,392311.51,3.434818854,2,0,0
2025-09-27 18:24:43,1427.439027,1427,392311.51,3.434818854,2,0,0
2025-09-27 18:24:44,1428.497243,1428,392311.51,3.434818854,2,0,0
2025-09-27 18:24:44,1428.497243,1428,392311.51,3.434818854,2,0,0
2025-09-27 18:24:45,1429.151776,1429,392311.51,3.434818854,2,0,0
2025-09-27 18:24:45,1429.151776,1429,392311.51,3.434818854,2,0,0
2025-09-27 18:24:46,1429.992726,1429,392311.51,3.434818854,2,0,0
2025-09-27 18:24:46,1429.993707,1429,392311.51,3.434818854,2,0,0
2025-09-27 18:24:47,1431.316463,1431,392311.51,3.434818854,2,0,0
2025-09-27 18:24:47,1431.316463,1431,392311.51,3.434818854,2,0,0
2025-09-27 18:24:48,1432.206933,1432,392311.51,3.434818854,2,0,0
2025-09-27 18:24:48,1432.206933,1432,392311.51,3.434818854,2,0,0
2025-09-27 18:24:49,1433.36848,1433,392311.51,3.434818854,2,0,0
2025-09-27 18:24:49,1433.36848,1433,392311.51,3.434818854,2,0,0
2025-09-27 18:24:50,1434.061315,1434,392311.51,3.434818854,2,0,0
2025-09-27 18:24:50,1434.061315,1434,392311.51,3.434818854,2,0,0
2025-09-27 18:24:50,1434.626756,1434,392311.51,3.434818854,2,0,0
2025-09-27 18:24:50,1434.626756,1434,392311.51,3.434818854,2,0,0
2025-09-27 18:24:51,1435.281394,1435,392311.51,3.434818854,2,0,0
2025-09-27 18:24:51,1435.282394,1435,392311.51,3.434818854,2,0,0
2025-09-27 18:24:52,1436.521157,1436,392311.51,3.434818854,2,0,0
2025-09-27 18:24:52,1436.521157,1436,392311.51,3.434818854,2,0,0
2025-09-27 18:24:54,1438.066178,1438,392311.51,3.434818854,2,0,0
2025-09-27 18:24:54,1438.066178,1438,392311.51,3.434818854,2,0,0
2025-09-27 18:24:55,1438.892475,1438,392311.51,3.434818854,2,0,0
2025-09-27 18:24:55,1438.892475,1438,392311.51,3.434818854,2,0,0
2025-09-27 18:24:55,1439.49257,1439,392311.51,3.434818854,2,0,0
2025-09-27 18:24:55,1439.494581,1439,392311.51,3.434818854,2,0,0
2025-09-27 18:24:56,1440.107538,1440,392311.51,3.434818854,2,0,0
2025-09-27 18:24:56,1440.107538,1440,392311.51,3.434818854,2,0,0
2025-09-27 18:24:56,1440.691862,1440,392311.51,3.434818854,2,0,0
2025-09-27 18:24:56,1440.691862,1440,392311.51,3.434818854,2,0,0
2025-09-27 18:24:57,1441.651674,1441,392311.51,3.434818854,2,0,0
2025-09-27 18:24:57,1441.652672,1441,392311.51,3.434818854,2,0,0
2025-09-27 18:24:58,1442.442553,1442,392311.51,3.434818854,2,0,0
2025-09-27 18:24:58,1442.442553,1442,392311.51,3.434818854,2,0,0
2025-09-27 18:24:59,1443.077062,1443,392311.51,3.434818854,2,0,0
2025-09-27 18:24:59,1443.077062,1443,392311.51,3.434818854,2,0,0
2025-09-27 18:25:00,1443.793479,1443,392311.51,3.434818854,2,0,0
2025-09-27 18:25:00,1443.793479,1443,392311.51,3.434818854,2,0,0
2025-09-27 18:25:00,1444.423007,1444,392311.51,3.434818854,2,0,0
2025-09-27 18:25:00,1444.423007,1444,392311.51,3.434818854,2,0,0
2025-09-27 18:25:01,1445.372198,1445,392311.51,3.434818854,2,0,0
2025-09-27 18:25:01,1445.373214,1445,392311.51,3.434818854,2,0,0
2025-09-27 18:25:02,1446.166655,1446,392311.51,3.434818854,2,0,0
2025-09-27 18:25:02,1446.166655,1446,392311.51,3.434818854,2,0,0
2025-09-27 18:25:03,1446.824486,1446,392311.51,3.434818854,2,0,0
2025-09-27 18:25:03,1446.824486,1446,392311.51,3.434818854,2,0,0
2025-09-27 18:25:04,1447.828446,1447,392311.51,3.434818854,2,0,0
2025-09-27 18:25:04,1447.828446,1447,392311.51,3.434818854,2,0,0
2025-09-27 18:25:04,1448.29579,1448,392311.51,3.434818854,2,0,0
2025-09-27 18:25:04,1448.29579,1448,392311.51,3.434818854,2,0,0
2025-09-27 18:25:05,1449.602467,1449,392311.51,3.434818854,2,0,0
2025-09-27 18:25:05,1449.603458,1449,392311.51,3.434818854,2,0,0
2025-09-27 18:25:06,1450.144677,1450,392311.51,3.434818854,2,0,0
2025-09-27 18:25:06,1450.144677,1450,392311.51,3.434818854,2,0,0
2025-09-27 18:25:07,1451.081939,1451,392311.51,3.434818854,2,0,0
2025-09-27 18:25:07,1451.081939,1451,392311.51,3.434818854,2,0,0
2025-09-27 18:25:08,1452.00047,1452,392311.51,3.434818854,2,0,0
2025-09-27 18:25:08,1452.00047,1452,392311.51,3.434818854,2,0,0
2025-09-27 18:25:09,1453.301999,1453,392227.2,3.412588626,2,0,0
2025-09-27 18:25:09,1453.302874,1453,392311.51,3.434818854,2,0,0
2025-09-27 18:31:42,392.959054,392,420103.17,10.76222356,3,0,0
2025-09-27 18:31:42,392.959054,392,444002.11,17.06329434,3,0,0
2025-09-27 18:33:36,507.18555,507,409595.62,7.991858123,3,0,0
2025-09-27 18:33:36,507.186552,507,420103.17,10.76222356,3,0,0
2025-09-27 18:34:12,542.646852,542,409410.26,7.942985273,3,0,0
2025-09-27 18:34:12,542.647857,542,409595.62,7.991858123,3,0,0
2025-09-27 18:34:12,543.012973,543,408964.31,7.825408736,3,0,0
2025-09-27 18:34:12,543.013942,543,409410.26,7.942985273,3,0,0
2025-09-27 18:34:13,543.376487,543,408964.31,7.825408736,3,0,0
2025-09-27 18:34:13,543.376487,543,408964.31,7.825408736,3,0,0
2025-09-27 18:34:13,543.646697,543,408964.31,7.825408736,3,0,0
2025-09-27 18:34:13,543.646697,543,408964.31,7.825408736,3,0,0
2025-09-27 18:34:13,544.162198,544,408936.64,7.81811355,3,0,0
2025-09-27 18:34:13,544.1632,544,408964.31,7.825408736,3,0,0
2025-09-27 18:34:14,544.519384,544,408936.64,7.81811355,3,0,0
2025-09-27 18:34:14,544.520383,544,408936.64,7.81811355,3,0,0
2025-09-27 18:34:15,546.139434,546,403083.16,6.274815501,3,0,0
2025-09-27 18:34:15,546.140322,546,408936.64,7.81811355,3,0,0
2025-09-27 18:34:16,546.529326,546,402984.17,6.248717291,3,0,0
2025-09-27 18:34:16,546.529326,546,403083.16,6.274815501,3,0,0
2025-09-27 18:34:16,547.170278,547,402984.17,6.248717291,3,0,0
2025-09-27 18:34:16,547.17128,547,402984.17,6.248717291,3,0,0
2025-09-27 18:34:17,547.652099,547,402984.17,6.248717291,3,0,0
2025-09-27 18:34:17,547.653068,547,402984.17,6.248717291,3,0,0
2025-09-27 18:34:17,548.056131,548,402984.17,6.248717291,3,0,0
2025-09-27 18:34:17,548.057137,548,402984.17,6.248717291,3,0,0
2025-09-27 18:34:18,548.614738,548,402355.35,6.082926256,3,0,0
2025-09-27 18:34:18,548.615742,548,402886.89,6.223069512,3,0,0
2025-09-27 18:34:18,549.09525,549,401861.47,5.95271243,3,0,0
2025-09-27 18:34:18,549.09525,549,402355.35,6.082926256,3,0,0
2025-09-27 18:34:19,549.580304,549,401861.47,5.95271243,3,0,0
2025-09-27 18:34:19,549.581272,549,401861.47,5.95271243,3,0,0
2025-09-27 18:34:19,550.22071,550,401849.35,5.949514729,3,0,0
2025-09-27 18:34:19,550.22071,550,401861.47,5.95271243,3,0,0
2025-09-27 18:34:20,550.885104,550,401746.98,5.922526658,3,0,0
2025-09-27 18:34:20,550.885104,550,401849.35,5.949514729,3,0,0
2025-09-27 18:34:20,551.222454,551,401746.98,5.922526658,3,0,0
2025-09-27 18:34:20,551.22344,551,401849.35,5.949514729,3,0,0
2025-09-27 18:34:21,551.815768,551,401746.98,5.922526658,3,0,0
2025-09-27 18:34:21,551.816757,551,401849.35,5.949514729,3,0,0
2025-09-27 18:34:22,552.424772,552,401746.98,5.922526658,3,0,0
2025-09-27 18:34:22,552.424772,552,401746.98,5.922526658,3,0,0
2025-09-27 18:34:22,552.765922,552,401746.98,5.922526658,3,0,0
2025-09-27 18:34:22,552.765922,552,401746.98,5.922526658,3,0,0
2025-09-27 18:34:23,553.65604,553,401105.31,5.753346364,3,0,0
2025-09-27 18:34:23,553.65604,553,401746.98,5.922526658,3,0,0
2025-09-27 18:34:23,554.144403,554,400754.42,5.660831447,3,0,0
2025-09-27 18:34:23,554.145387,554,401105.31,5.753346364,3,0,0
2025-09-27 18:34:24,554.813822,554,400754.42,5.660831447,3,0,0
2025-09-27 18:34:24,554.813822,554,400754.42,5.660831447,3,0,0
2025-09-27 18:34:24,555.326367,555,400727.13,5.653637635,3,0,0
2025-09-27 18:34:24,555.326367,555,400754.42,5.660831447,3,0,0
2025-09-27 18:34:25,555.621984,555,400727.13,5.653637635,3,0,0
2025-09-27 18:34:25,555.621984,555,400754.42,5.660831447,3,0,0
2025-09-27 18:34:26,556.509327,556,400727.13,5.653637635,3,0,0
2025-09-27 18:34:26,556.509327,556,400739.33,5.656854647,3,0,0
2025-09-27 18:34:26,557.077776,557,400727.13,5.653637635,3,0,0
2025-09-27 18:34:26,557.077776,557,400739.33,5.656854647,3,0,0
2025-09-27 18:34:27,557.694935,557,400572.21,5.612792421,3,0,0
2025-09-27 18:34:27,557.695939,557,400727.13,5.653637635,3,0,0
2025-09-27 18:34:27,558.052854,558,400572.21,5.612792421,3,0,0
2025-09-27 18:34:27,558.052854,558,400727.13,5.653637635,3,0,0
2025-09-27 18:34:28,558.367119,558,400572.21,5.612792421,3,0,0
2025-09-27 18:34:28,558.367119,558,400637.87,5.630102434,3,0,0
2025-09-27 18:34:28,559.116462,559,400572.21,5.612792421,3,0,0
2025-09-27 18:34:28,559.117462,559,400622.8,5.626130729,3,0,0
2025-09-27 18:34:29,559.479595,559,400572.21,5.612792421,3,0,0
2025-09-27 18:34:29,559.480594,559,400572.21,5.612792421,3,0,0
2025-09-27 18:34:29,559.889811,559,400572.21,5.612792421,3,0,0
2025-09-27 18:34:29,559.889811,559,400572.21,5.612792421,3,0,0
2025-09-27 18:34:29,560.213733,560,400566.62,5.611317139,3,0,0
2025-09-27 18:34:29,560.213733,560,400572.21,5.612792421,3,0,0
2025-09-27 18:34:30,560.657232,560,400566.62,5.611317139,3,0,0
2025-09-27 18:34:30,560.658251,560,400566.62,5.611317139,3,0,0
2025-09-27 18:34:30,561.09992,561,399434.88,5.312928474,3,0,0
2025-09-27 18:34:30,561.100924,561,400566.62,5.611317139,3,0,0
2025-09-27 18:34:31,561.764776,561,399434.88,5.312928474,3,0,0
2025-09-27 18:34:31,561.765776,561,399817.44,5.413793172,3,0,0
2025-09-27 18:34:31,562.244828,562,399434.88,5.312928474,3,0,0
2025-09-27 18:34:31,562.245842,562,399487.11,5.326699479,3,0,0
2025-09-27 18:34:32,562.757749,562,399434.88,5.312928474,3,0,0
2025-09-27 18:34:32,562.758731,562,399487.11,5.326699479,3,0,0
2025-09-27 18:34:33,563.43047,563,399403.62,5.304687225,3,0,0
2025-09-27 18:34:33,563.43047,563,399434.88,5.312928474,3,0,0
2025-09-27 18:34:33,563.773689,563,399403.62,5.304687225,3,0,0
2025-09-27 18:34:33,563.773689,563,399404.73,5.3049793,3,0,0
2025-09-27 18:34:33,564.246833,564,399381.95,5.298973902,3,0,0
2025-09-27 18:34:33,564.246833,564,399403.62,5.304687225,3,0,0
2025-09-27 18:34:34,564.712368,564,399335.27,5.286667731,3,0,0
2025-09-27 18:34:34,564.712368,564,399381.95,5.298973902,3,0,0
2025-09-27 18:34:35,565.365944,565,399335.27,5.286667731,3,0,0
2025-09-27 18:34:35,565.366944,565,399381.95,5.298973902,3,0,0
2025-09-27 18:34:35,565.933884,565,399277.06,5.271318764,3,0,0
2025-09-27 18:34:35,565.933884,565,399335.27,5.286667731,3,0,0
2025-09-27 18:34:36,566.559501,566,399179.76,5.245666262,3,0,0
2025-09-27 18:34:36,566.559501,566,399277.06,5.271318764,3,0,0
2025-09-27 18:34:36,566.930261,566,399179.76,5.245666262,3,0,0
2025-09-27 18:34:36,566.931267,566,399277.06,5.271318764,3,0,0
2025-09-27 18:34:37,567.537876,567,399179.76,5.245666262,3,0,0
2025-09-27 18:34:37,567.537876,567,399179.76,5.245666262,3,0,0
2025-09-27 18:34:37,567.985117,567,399179.76,5.245666262,3,0,0
2025-09-27 18:34:37,567.985117,567,399179.76,5.245666262,3,0,0
2025-09-27 18:34:38,568.465294,568,399179.76,5.245666262,3,0,0
2025-09-27 18:34:38,568.4663,568,399179.76,5.245666262,3,0,0
2025-09-27 18:34:38,569.125874,569,399179.76,5.245666262,3,0,0
2025-09-27 18:34:38,569.125874,569,399179.76,5.245666262,3,0,0
2025-09-27 18:34:39,569.616952,569,399179.76,5.245666262,3,0,0
2025-09-27 18:34:39,569.617956,569,399179.76,5.245666262,3,0,0
2025-09-27 18:34:39,570.113824,570,398947.2,5.184351019,3,0,0
2025-09-27 18:34:39,570.113824,570,399179.76,5.245666262,3,0,0
2025-09-27 18:34:40,570.586379,570,398947.2,5.184351019,3,0,0
2025-09-27 18:34:40,570.587385,570,399179.76,5.245666262,3,0,0
2025-09-27 18:34:40,570.970226,570,398947.2,5.184351019,3,0,0
2025-09-27 18:34:40,570.97126,570,399179.76,5.245666262,3,0,0
2025-09-27 18:34:41,571.805935,571,398947.2,5.184351019,3,0,0
2025-09-27 18:34:41,571.806882,571,398947.2,5.184351019,3,0,0
2025-09-27 18:34:41,572.313414,572,398947.2,5.184351019,3,0,0
2025-09-27 18:34:41,572.313414,572,398947.2,5.184351019,3,0,0
2025-09-27 18:34:43,574.104828,574,398936.93,5.181642258,3,0,0
2025-09-27 18:34:43,574.104828,574,398947.2,5.184351019,3,0,0
2025-09-27 18:34:44,574.727665,574,398924.8,5.178444557,3,0,0
2025-09-27 18:34:44,574.727665,574,398936.93,5.181642258,3,0,0
2025-09-27 18:34:44,575.328972,575,398924.8,5.178444557,3,0,0
2025-09-27 18:34:44,575.32997,575,398936.93,5.181642258,3,0,0
2025-09-27 18:34:45,575.765367,575,398924.8,5.178444557,3,0,0
2025-09-27 18:34:45,575.766369,575,398936.93,5.181642258,3,0,0
2025-09-27 18:34:46,576.479254,576,398923.43,5.178084156,3,0,0
2025-09-27 18:34:46,576.480253,576,398924.8,5.178444557,3,0,0
2025-09-27 18:34:47,577.444891,577,398908.65,5.17418735,3,0,0
2025-09-27 18:34:47,577.444891,577,398923.43,5.178084156,3,0,0
2025-09-27 18:34:47,577.804598,577,398856.42,5.160416345,3,0,0
2025-09-27 18:34:47,577.805612,577,398908.65,5.17418735,3,0,0
2025-09-27 18:34:48,578.443102,578,398856.42,5.160416345,3,0,0
2025-09-27 18:34:48,578.444108,578,398856.42,5.160416345,3,0,0
2025-09-27 18:34:48,579.007473,579,398836.52,5.155167531,3,0,0
2025-09-27 18:34:48,579.007473,579,398856.42,5.160416345,3,0,0
2025-09-27 18:34:48,579.352902,579,398836.52,5.155167531,3,0,0
2025-09-27 18:34:48,579.352902,579,398856.42,5.160416345,3,0,0
2025-09-27 18:34:49,579.841849,579,398836.52,5.155167531,3,0,0
2025-09-27 18:34:49,579.841849,579,398856.42,5.160416345,3,0,0
2025-09-27 18:34:50,580.41213,580,398836.52,5.155167531,3,0,0
2025-09-27 18:34:50,580.413092,580,398856.42,5.160416345,3,0,0
2025-09-27 18:34:50,581.127446,581,398836.52,5.155167531,3,0,0
2025-09-27 18:34:50,581.127446,581,398836.52,5.155167531,3,0,0
2025-09-27 18:34:51,581.560508,581,398814.89,5.149465256,3,0,0
2025-09-27 18:34:51,581.561417,581,398836.52,5.155167531,3,0,0
2025-09-27 18:34:51,581.972516,581,398814.89,5.149465256,3,0,0
2025-09-27 18:34:51,581.973514,581,398836.52,5.155167531,3,0,0
2025-09-27 18:34:52,582.978313,582,398814.89,5.149465256,3,0,0
2025-09-27 18:34:52,582.978313,582,398836.52,5.155167531,3,0,0
2025-09-27 18:34:53,583.397983,583,398570.73,5.085090721,3,0,0
2025-09-27 18:34:53,583.397983,583,398814.89,5.149465256,3,0,0
2025-09-27 18:34:53,583.862345,583,398570.73,5.085090721,3,0,0
2025-09-27 18:34:53,583.863346,583,398570.73,5.085090721,3,0,0
2025-09-27 18:34:54,584.488128,584,398432.49,5.048644765,3,0,0
2025-09-27 18:34:54,584.488128,584,398570.73,5.085090721,3,0,0
2025-09-27 18:34:54,585.352626,585,398432.49,5.048644765,3,0,0
2025-09-27 18:34:54,585.353629,585,398432.49,5.048644765,3,0,0
2025-09-27 18:34:55,586.222191,586,398316.74,5.018126486,3,0,0
2025-09-27 18:34:55,586.223106,586,398432.49,5.048644765,3,0,0
2025-09-27 18:34:56,586.927515,586,398316.74,5.018126486,3,0,0
2025-09-27 18:34:56,586.928516,586,398432.49,5.048644765,3,0,0
2025-09-27 18:34:57,587.522792,587,398316.74,5.018126486,3,0,0
2025-09-27 18:34:57,587.523792,587,398384.08,5.035880545,3,0,0
2025-09-27 18:34:57,588.037447,588,398316.74,5.018126486,3,0,0
2025-09-27 18:34:57,588.037447,588,398316.74,5.018126486,3,0,0
2025-09-27 18:34:58,588.62585,588,398312.25,5.016942132,3,0,0
2025-09-27 18:34:58,588.62585,588,398316.74,5.018126486,3,0,0
2025-09-27 18:34:58,589.102199,589,398312.25,5.016942132,3,0,0
2025-09-27 18:34:58,589.103213,589,398312.25,5.016942132,3,0,0
2025-09-27 18:34:59,589.752165,589,398312.25,5.016942132,3,0,0
2025-09-27 18:34:59,589.752165,589,398312.25,5.016942132,3,0,0
2025-09-27 18:35:00,590.474748,590,398312.25,5.016942132,3,0,0
2025-09-27 18:35:00,590.474748,590,398312.25,5.016942132,3,0,0
2025-09-27 18:35:00,590.948504,590,398312.25,5.016942132,3,0,0
2025-09-27 18:35:00,590.949608,590,398312.25,5.016942132,3,0,0
2025-09-27 18:35:00,591.278539,591,398312.25,5.016942132,3,0,0
2025-09-27 18:35:00,591.278539,591,398312.25,5.016942132,3,0,0
2025-09-27 18:35:01,591.897602,591,398312.25,5.016942132,3,0,0
2025-09-27 18:35:01,591.897602,591,398312.25,5.016942132,3,0,0
2025-09-27 18:35:01,592.22756,592,398312.25,5.016942132,3,0,0
2025-09-27 18:35:01,592.228563,592,398312.25,5.016942132,3,0,0
2025-09-27 18:35:02,592.874956,592,397949.36,4.921265258,3,0,0
2025-09-27 18:35:02,592.875958,592,398312.25,5.016942132,3,0,0
2025-09-27 18:35:03,593.549875,593,397834.86,4.89107532,3,0,0
2025-09-27 18:35:03,593.55086,593,397949.36,4.921265258,3,0,0
2025-09-27 18:35:03,594.030105,594,397834.86,4.89107532,3,0,0
2025-09-27 18:35:03,594.031078,594,397944.93,4.920095489,3,0,0
2025-09-27 18:35:04,594.483152,594,397834.86,4.89107532,3,0,0
2025-09-27 18:35:04,594.483152,594,397834.86,4.89107532,3,0,0
2025-09-27 18:35:04,594.849928,594,397796.88,4.881062164,3,0,0
2025-09-27 18:35:04,594.850937,594,397834.86,4.89107532,3,0,0
2025-09-27 18:35:05,595.551846,595,397625.87,4.835974061,3,0,0
2025-09-27 18:35:05,595.551846,595,397796.88,4.881062164,3,0,0
2025-09-27 18:35:05,595.984421,595,397625.87,4.835974061,3,0,0
2025-09-27 18:35:05,595.985424,595,397796.88,4.881062164,3,0,0
2025-09-27 18:35:06,596.551472,596,397625.87,4.835974061,3,0,0
2025-09-27 18:35:06,596.551472,596,397681.82,4.850726913,3,0,0
2025-09-27 18:35:06,597.116435,597,397625.87,4.835974061,3,0,0
2025-09-27 18:35:06,597.117359,597,397681.82,4.850726913,3,0,0
2025-09-27 18:35:07,597.590482,597,397513.67,4.80639264,3,0,0
2025-09-27 18:35:07,597.591482,597,397528.65,4.810341426,3,0,0
2025-09-27 18:35:07,598.124999,598,397167.98,4.71525011,3,0,0
2025-09-27 18:35:07,598.124999,598,397513.67,4.80639264,3,0,0
2025-09-27 18:35:08,598.737562,598,397167.98,4.71525011,3,0,0
2025-09-27 18:35:08,598.738565,598,397167.98,4.71525011,3,0,0
2025-09-27 18:35:08,599.236984,599,397167.98,4.71525011,3,0,0
2025-09-27 18:35:08,599.237984,599,397167.98,4.71525011,3,0,0
2025-09-27 18:35:09,599.821359,599,397167.98,4.71525011,3,0,0
2025-09-27 18:35:09,599.822345,599,397167.98,4.71525011,3,0,0
2025-09-27 18:35:09,600.191009,600,397167.98,4.71525011,3,0,0
2025-09-27 18:35:09,600.191009,600,397167.98,4.71525011,3,0,0
2025-09-27 18:35:10,600.983546,600,397012.49,4.674254612,3,0,0
2025-09-27 18:35:10,600.984549,600,397167.98,4.71525011,3,0,0
2025-09-27 18:35:11,601.520196,601,397012.49,4.674254612,3,0,0
2025-09-27 18:35:11,601.520196,601,397094.16,4.695788305,3,0,0
2025-09-27 18:35:11,601.927221,601,397012.49,4.674254612,3,0,0
2025-09-27 18:35:11,601.928223,601,397094.16,4.695788305,3,0,0
2025-09-27 18:35:11,602.273554,602,397012.49,4.674254612,3,0,0
2025-09-27 18:35:11,602.274616,602,397094.16,4.695788305,3,0,0
2025-09-27 18:35:12,602.771668,602,397012.49,4.674254612,3,0,0
2025-09-27 18:35:12,602.772651,602,397094.16,4.695788305,3,0,0
2025-09-27 18:35:12,603.143081,603,397012.49,4.674254612,3,0,0
2025-09-27 18:35:12,603.144081,603,397094.16,4.695788305,3,0,0
2025-09-27 18:35:13,603.662802,603,396935.49,4.653953431,3,0,0
2025-09-27 18:35:13,603.662802,603,397012.49,4.674254612,3,0,0
2025-09-27 18:35:13,604.16697,604,396935.49,4.653953431,3,0,0
2025-09-27 18:35:13,604.16697,604,397012.49,4.674254612,3,0,0
2025-09-27 18:35:14,604.488136,604,396935.49,4.653953431,3,0,0
2025-09-27 18:35:14,604.489034,604,396935.49,4.653953431,3,0,0
2025-09-27 18:35:14,605.079441,605,396935.49,4.653953431,3,0,0
2025-09-27 18:35:14,605.079441,605,396935.49,4.653953431,3,0,0
2025-09-27 18:35:15,605.555193,605,396935.49,4.653953431,3,0,0
2025-09-27 18:35:15,605.556198,605,396935.49,4.653953431,3,0,0
2025-09-27 18:35:15,606.118999,606,396935.49,4.653953431,3,0,0
2025-09-27 18:35:15,606.119992,606,396935.49,4.653953431,3,0,0
2025-09-27 18:35:16,606.663711,606,396935.49,4.653953431,3,0,0
2025-09-27 18:35:16,606.664714,606,396935.49,4.653953431,3,0,0
2025-09-27 18:35:16,607.098894,607,396935.49,4.653953431,3,0,0
2025-09-27 18:35:16,607.09988,607,396935.49,4.653953431,3,0,0
2025-09-27 18:35:17,607.559712,607,396926.5,4.651582731,3,0,0
2025-09-27 18:35:17,607.560689,607,396935.49,4.653953431,3,0,0
2025-09-27 18:35:17,608.196891,608,396926.5,4.651582731,3,0,0
2025-09-27 18:35:17,608.196891,608,396926.5,4.651582731,3,0,0
2025-09-27 18:35:18,608.705201,608,396901.12,4.644891092,3,0,0
2025-09-27 18:35:18,608.705201,608,396926.5,4.651582731,3,0,0
2025-09-27 18:35:18,609.288841,609,396901.12,4.644891092,3,0,0
2025-09-27 18:35:18,609.288841,609,396926.5,4.651582731,3,0,0
2025-09-27 18:35:19,609.58636,609,396901.12,4.644891092,3,0,0
2025-09-27 18:35:19,609.587363,609,396901.12,4.644891092,3,0,0
2025-09-27 18:35:19,610.195986,610,396769.55,4.610201235,3,0,0
2025-09-27 18:35:19,610.196988,610,396901.12,4.644891092,3,0,0
2025-09-27 18:35:20,610.651408,610,396769.55,4.610201235,3,0,0
2025-09-27 18:35:20,610.651408,610,396901.12,4.644891092,3,0,0
2025-09-27 18:35:20,611.039095,611,396769.55,4.610201235,3,0,0
2025-09-27 18:35:20,611.039095,611,396901.12,4.644891092,3,0,0
2025-09-27 18:35:21,611.389639,611,396769.55,4.610201235,3,0,0
2025-09-27 18:35:21,611.390728,611,396901.12,4.644891092,3,0,0
2025-09-27 18:35:21,611.805541,611,396769.55,4.610201235,3,0,0
2025-09-27 18:35:21,611.80656,611,396901.12,4.644891092,3,0,0
2025-09-27 18:35:21,612.282295,612,396769.55,4.610201235,3,0,0
2025-09-27 18:35:21,612.283299,612,396885.8,4.640852319,3,0,0
2025-09-27 18:35:22,612.749803,612,396769.55,4.610201235,3,0,0
2025-09-27 18:35:22,612.749803,612,396769.55,4.610201235,3,0,0
2025-09-27 18:35:22,613.037006,613,396769.55,4.610201235,3,0,0
2025-09-27 18:35:22,613.037006,613,396769.55,4.610201235,3,0,0
2025-09-27 18:35:23,613.673754,613,396769.55,4.610201235,3,0,0
2025-09-27 18:35:23,613.674698,613,396769.55,4.610201235,3,0,0
2025-09-27 18:35:23,614.073613,614,396725.9,4.598692561,3,0,0
2025-09-27 18:35:23,614.073613,614,396769.55,4.610201235,3,0,0
2025-09-27 18:35:24,614.552926,614,396658.83,4.581011504,3,0,0
2025-09-27 18:35:24,614.552926,614,396725.9,4.598692561,3,0,0
2025-09-27 18:35:24,615.293497,615,396546.64,4.551430083,3,0,0
2025-09-27 18:35:24,615.294499,615,396658.83,4.581011504,3,0,0
2025-09-27 18:35:25,615.979205,615,396326.04,4.493269623,3,0,0
2025-09-27 18:35:25,615.980204,615,396546.64,4.551430083,3,0,0
2025-09-27 18:35:26,616.388409,616,396326.04,4.493269623,3,0,0
2025-09-27 18:35:26,616.389413,616,396354.49,4.500769598,3,0,0
2025-09-27 18:35:27,617.416587,617,396326.04,4.493269623,3,0,0
2025-09-27 18:35:27,617.417586,617,396354.49,4.500769598,3,0,0
2025-09-27 18:35:27,617.692411,617,396326.04,4.493269623,3,0,0
2025-09-27 18:35:27,617.693412,617,396326.04,4.493269623,3,0,0
2025-09-27 18:35:28,618.436053,618,396326.04,4.493269623,3,0,0
2025-09-27 18:35:28,618.437054,618,396326.04,4.493269623,3,0,0
2025-09-27 18:35:28,618.771911,618,396326.04,4.493269623,3,0,0
2025-09-27 18:35:28,618.771911,618,396326.04,4.493269623,3,0,0
2025-09-27 18:35:28,619.087,619,396326.04,4.493269623,3,0,0
2025-09-27 18:35:28,619.087,619,396326.04,4.493269623,3,0,0
2025-09-27 18:35:29,619.559039,619,396326.04,4.493269623,3,0,0
2025-09-27 18:35:29,619.560037,619,396326.04,4.493269623,3,0,0
2025-09-27 18:35:29,620.142022,620,396304.42,4.487567348,3,0,0
2025-09-27 18:35:29,620.142022,620,396326.04,4.493269623,3,0,0
2025-09-27 18:35:30,620.608992,620,396304.42,4.487567348,3,0,0
2025-09-27 18:35:30,620.608992,620,396326.04,4.493269623,3,0,0
2025-09-27 18:35:30,621.143643,621,396304.42,4.487567348,3,0,0
2025-09-27 18:35:30,621.143643,621,396326.04,4.493269623,3,0,0
2025-09-27 18:35:31,621.597759,621,396304.42,4.487567348,3,0,0
2025-09-27 18:35:31,621.597759,621,396326.04,4.493269623,3,0,0
2025-09-27 18:35:31,622.054178,622,396304.42,4.487567348,3,0,0
2025-09-27 18:35:31,622.055148,622,396326.04,4.493269623,3,0,0
2025-09-27 18:35:32,622.787462,622,396304.42,4.487567348,3,0,0
2025-09-27 18:35:32,622.788497,622,396326.04,4.493269623,3,0,0
2025-09-27 18:35:33,623.675797,623,396286.95,4.482962839,3,0,0
2025-09-27 18:35:33,623.676801,623,396304.42,4.487567348,3,0,0
2025-09-27 18:35:33,624.153654,624,396286.95,4.482962839,3,0,0
2025-09-27 18:35:33,624.153654,624,396286.95,4.482962839,3,0,0
2025-09-27 18:35:34,624.617607,624,396286.22,4.482770042,3,0,0
2025-09-27 18:35:34,624.617607,624,396286.95,4.482962839,3,0,0
2025-09-27 18:35:34,625.164104,625,396286.22,4.482770042,3,0,0
2025-09-27 18:35:34,625.164104,625,396286.22,4.482770042,3,0,0
2025-09-27 18:35:35,625.555882,625,396282.4,4.481763759,3,0,0
2025-09-27 18:35:35,625.556883,625,396286.22,4.482770042,3,0,0
2025-09-27 18:35:35,625.890025,625,396282.4,4.481763759,3,0,0
2025-09-27 18:35:35,625.890025,625,396286.22,4.482770042,3,0,0
2025-09-27 18:35:35,626.349297,626,396282.4,4.481763759,3,0,0
2025-09-27 18:35:35,626.349297,626,396282.4,4.481763759,3,0,0
2025-09-27 18:35:36,626.888838,626,396282.4,4.481763759,3,0,0
2025-09-27 18:35:36,626.888838,626,396282.4,4.481763759,3,0,0
2025-09-27 18:35:37,627.403312,627,396282.4,4.481763759,3,0,0
2025-09-27 18:35:37,627.404318,627,396282.4,4.481763759,3,0,0
2025-09-27 18:35:37,627.76844,627,396282.4,4.481763759,3,0,0
2025-09-27 18:35:37,627.769338,627,396282.4,4.481763759,3,0,0
2025-09-27 18:35:38,628.433085,628,396282.4,4.481763759,3,0,0
2025-09-27 18:35:38,628.433982,628,396282.4,4.481763759,3,0,0
2025-09-27 18:35:39,629.483108,629,396282.4,4.481763759,3,0,0
2025-09-27 18:35:39,629.483108,629,396282.4,4.481763759,3,0,0
2025-09-27 18:35:39,629.817549,629,396282.4,4.481763759,3,0,0
2025-09-27 18:35:39,629.818549,629,396282.4,4.481763759,3,0,0
2025-09-27 18:35:40,630.387268,630,396282.4,4.481763759,3,0,0
2025-09-27 18:35:40,630.387268,630,396282.4,4.481763759,3,0,0
2025-09-27 18:35:40,630.925949,630,396282.4,4.481763759,3,0,0
2025-09-27 18:35:40,630.925949,630,396282.4,4.481763759,3,0,0
2025-09-27 18:35:40,631.347332,631,396282.4,4.481763759,3,0,0
2025-09-27 18:35:40,631.347332,631,396282.4,4.481763759,3,0,0
2025-09-27 18:35:41,631.896619,631,396282.4,4.481763759,3,0,0
2025-09-27 18:35:41,631.896619,631,396282.4,4.481763759,3,0,0
2025-09-27 18:35:42,632.433811,632,396282.4,4.481763759,3,0,0
2025-09-27 18:35:42,632.434811,632,396282.4,4.481763759,3,0,0
2025-09-27 18:35:42,633.114547,633,396048.37,4.420059497,3,0,0
2025-09-27 18:35:42,633.114547,633,396282.4,4.481763759,3,0,0
2025-09-27 18:35:43,633.43067,633,396048.37,4.420059497,3,0,0
2025-09-27 18:35:43,633.43067,633,396282.4,4.481763759,3,0,0
2025-09-27 18:35:43,633.806052,633,396048.37,4.420059497,3,0,0
2025-09-27 18:35:43,633.806052,633,396048.37,4.420059497,3,0,0
2025-09-27 18:35:43,634.300294,634,396048.37,4.420059497,3,0,0
2025-09-27 18:35:43,634.300294,634,396048.37,4.420059497,3,0,0
2025-09-27 18:35:44,635.098713,635,396048.37,4.420059497,3,0,0
2025-09-27 18:35:44,635.098713,635,396048.37,4.420059497,3,0,0
2025-09-27 18:35:45,635.434282,635,395992.41,4.405306646,3,0,0
2025-09-27 18:35:45,635.435285,635,396048.37,4.420059497,3,0,0
2025-09-27 18:35:45,635.767746,635,395992.41,4.405306646,3,0,0
2025-09-27 18:35:45,635.767746,635,396048.37,4.420059497,3,0,0
2025-09-27 18:35:45,636.038804,636,395992.41,4.405306646,3,0,0
2025-09-27 18:35:45,636.03979,636,396048.37,4.420059497,3,0,0
2025-09-27 18:35:46,636.76728,636,395957.67,4.396144889,3,0,0
2025-09-27 18:35:46,636.76728,636,395992.41,4.405306646,3,0,0
2025-09-27 18:35:47,637.664782,637,395957.67,4.396144889,3,0,0
2025-09-27 18:35:47,637.664782,637,395957.67,4.396144889,3,0,0
2025-09-27 18:35:50,640.504751,640,395957.67,4.396144889,3,0,0
2025-09-27 18:35:50,640.505755,640,395957.67,4.396144889,3,0,0
2025-09-27 18:35:50,640.994451,640,395957.67,4.396144889,3,0,0
2025-09-27 18:35:50,640.995355,640,395957.67,4.396144889,3,0,0
2025-09-27 18:35:51,641.5998,641,395957.67,4.396144889,3,0,0
2025-09-27 18:35:51,641.5998,641,395957.67,4.396144889,3,0,0
2025-09-27 18:35:52,643.009708,643,395957.67,4.396144889,3,0,0
2025-09-27 18:35:52,643.010708,643,395957.67,4.396144889,3,0,0
2025-09-27 18:35:53,643.447482,643,395957.67,4.396144889,3,0,0
2025-09-27 18:35:53,643.447482,643,395957.67,4.396144889,3,0,0
2025-09-27 18:35:53,644.085042,644,395935.63,4.390335124,3,0,0
2025-09-27 18:35:53,644.085042,644,395957.67,4.396144889,3,0,0
2025-09-27 18:35:54,644.851363,644,395935.63,4.390335124,3,0,0
2025-09-27 18:35:54,644.852262,644,395935.63,4.390335124,3,0,0
2025-09-27 18:35:55,645.520318,645,395935.63,4.390335124,3,0,0
2025-09-27 18:35:55,645.521322,645,395935.63,4.390335124,3,0,0
2025-09-27 18:35:55,645.92054,645,395935.63,4.390335124,3,0,0
2025-09-27 18:35:55,645.92054,645,395935.63,4.390335124,3,0,0
2025-09-27 18:35:56,646.395154,646,395935.63,4.390335124,3,0,0
2025-09-27 18:35:56,646.395154,646,395935.63,4.390335124,3,0,0
2025-09-27 18:35:56,646.889084,646,395935.63,4.390335124,3,0,0
2025-09-27 18:35:56,646.889084,646,395935.63,4.390335124,3,0,0
2025-09-27 18:35:57,648.080577,648,395935.63,4.390335124,3,0,0
2025-09-27 18:35:57,648.08158,648,395935.63,4.390335124,3,0,0
2025-09-27 18:35:58,648.689613,648,395907.17,4.382832542,3,0,0
2025-09-27 18:35:58,648.690613,648,395935.63,4.390335124,3,0,0
2025-09-27 18:35:59,649.480274,649,395907.17,4.382832542,3,0,0
2025-09-27 18:35:59,649.481257,649,395935.63,4.390335124,3,0,0
2025-09-27 18:35:59,649.885262,649,395907.17,4.382832542,3,0,0
2025-09-27 18:35:59,649.886263,649,395935.63,4.390335124,3,0,0
2025-09-27 18:36:00,650.54054,650,395907.17,4.382832542,3,0,0
2025-09-27 18:36:00,650.54054,650,395935.63,4.390335124,3,0,0
2025-09-27 18:36:01,651.481933,651,395907.17,4.382832542,3,0,0
2025-09-27 18:36:01,651.481933,651,395935.63,4.390335124,3,0,0
2025-09-27 18:36:01,652.327277,652,395907.17,4.382832542,3,0,0
2025-09-27 18:36:01,652.328167,652,395907.17,4.382832542,3,0,0
2025-09-27 18:36:02,652.640736,652,395907.17,4.382832542,3,0,0
2025-09-27 18:36:02,652.641627,652,395907.17,4.382832542,3,0,0
2025-09-27 18:36:02,653.056779,653,395907.17,4.382832542,3,0,0
2025-09-27 18:36:02,653.056779,653,395907.17,4.382832542,3,0,0
2025-09-27 18:36:03,653.674268,653,395907.17,4.382832542,3,0,0
2025-09-27 18:36:03,653.675194,653,395907.17,4.382832542,3,0,0
2025-09-27 18:36:03,654.11632,654,395907.17,4.382832542,3,0,0
2025-09-27 18:36:03,654.117324,654,395907.17,4.382832542,3,0,0
2025-09-27 18:36:05,655.42114,655,395907.17,4.382832542,3,0,0
2025-09-27 18:36:05,655.422139,655,395907.17,4.382832542,3,0,0
2025-09-27 18:36:05,655.788729,655,395907.17,4.382832542,3,0,0
2025-09-27 18:36:05,655.789735,655,395907.17,4.382832542,3,0,0
2025-09-27 18:36:05,656.062742,656,395907.17,4.382832542,3,0,0
2025-09-27 18:36:05,656.062742,656,395907.17,4.382832542,3,0,0
2025-09-27 18:36:06,656.788845,656,395907.17,4.382832542,3,0,0
2025-09-27 18:36:06,656.788845,656,395907.17,4.382832542,3,0,0
2025-09-27 18:36:07,657.367806,657,395907.17,4.382832542,3,0,0
2025-09-27 18:36:07,657.368804,657,395907.17,4.382832542,3,0,0
2025-09-27 18:36:07,658.315526,658,395907.17,4.382832542,3,0,0
2025-09-27 18:36:07,658.316524,658,395907.17,4.382832542,3,0,0
2025-09-27 18:36:08,658.693983,658,395907.17,4.382832542,3,0,0
2025-09-27 18:36:08,658.694998,658,395907.17,4.382832542,3,0,0
2025-09-27 18:36:08,659.148537,659,395907.17,4.382832542,3,0,0
2025-09-27 18:36:08,659.149757,659,395907.17,4.382832542,3,0,0
2025-09-27 18:36:09,659.547433,659,395907.17,4.382832542,3,0,0
2025-09-27 18:36:09,659.547433,659,395907.17,4.382832542,3,0,0
2025-09-27 18:36:09,659.909537,659,395907.17,4.382832542,3,0,0
2025-09-27 18:36:09,659.910535,659,395907.17,4.382832542,3,0,0
2025-09-27 18:36:10,660.375669,660,395907.17,4.382832542,3,0,0
2025-09-27 18:36:10,660.376684,660,395907.17,4.382832542,3,0,0
2025-09-27 18:36:10,661.025953,661,395907.17,4.382832542,3,0,0
2025-09-27 18:36:10,661.026958,661,395907.17,4.382832542,3,0,0
2025-09-27 18:36:11,661.726371,661,395907.17,4.382832542,3,0,0
2025-09-27 18:36:11,661.726371,661,395907.17,4.382832542,3,0,0
2025-09-27 18:36:11,662.315642,662,395810.33,4.357299636,3,0,0
2025-09-27 18:36:11,662.315642,662,395907.17,4.382832542,3,0,0
2025-09-27 18:36:12,663.250412,663,395810.33,4.357299636,3,0,0
2025-09-27 18:36:12,663.250412,663,395843.59,4.366067066,3,0,0
2025-09-27 18:36:13,663.770622,663,395810.33,4.357299636,3,0,0
2025-09-27 18:36:13,663.770622,663,395843.59,4.366067066,3,0,0
2025-09-27 18:36:13,664.23348,664,395810.33,4.357299636,3,0,0
2025-09-27 18:36:13,664.23348,664,395843.59,4.366067066,3,0,0
2025-09-27 18:36:14,664.765163,664,395810.33,4.357299636,3,0,0
2025-09-27 18:36:14,664.765163,664,395817,4.359058172,3,0,0
2025-09-27 18:36:14,665.249164,665,395810.33,4.357299636,3,0,0
2025-09-27 18:36:14,665.249164,665,395817,4.359058172,3,0,0
2025-09-27 18:36:15,666.194359,666,395810.33,4.357299636,3,0,0
2025-09-27 18:36:15,666.194359,666,395817,4.359058172,3,0,0
2025-09-27 18:36:16,666.736944,666,395718.69,4.333136787,3,0,0
2025-09-27 18:36:16,666.736944,666,395810.33,4.357299636,3,0,0
2025-09-27 18:36:16,667.157877,667,395718.69,4.333136787,3,0,0
2025-09-27 18:36:16,667.157877,667,395810.33,4.357299636,3,0,0
2025-09-27 18:36:17,667.481133,667,395718.69,4.333136787,3,0,0
2025-09-27 18:36:17,667.482138,667,395718.69,4.333136787,3,0,0
2025-09-27 18:36:17,667.90836,667,395718.69,4.333136787,3,0,0
2025-09-27 18:36:17,667.90836,667,395718.69,4.333136787,3,0,0
2025-09-27 18:36:17,668.20218,668,395718.69,4.333136787,3,0,0
2025-09-27 18:36:17,668.203183,668,395718.69,4.333136787,3,0,0
2025-09-27 18:36:18,668.744844,668,395718.69,4.333136787,3,0,0
2025-09-27 18:36:18,668.744844,668,395718.69,4.333136787,3,0,0
2025-09-27 18:36:18,669.202353,669,395718.69,4.333136787,3,0,0
2025-09-27 18:36:18,669.202353,669,395718.69,4.333136787,3,0,0
2025-09-27 18:36:19,669.573498,669,395596.83,4.30100912,3,0,0
2025-09-27 18:36:19,669.573498,669,395718.69,4.333136787,3,0,0
2025-09-27 18:36:19,670.077049,670,395596.83,4.30100912,3,0,0
2025-09-27 18:36:19,670.077049,670,395718.69,4.333136787,3,0,0
2025-09-27 18:36:20,670.482056,670,395596.83,4.30100912,3,0,0
2025-09-27 18:36:20,670.483057,670,395718.69,4.333136787,3,0,0
2025-09-27 18:36:20,670.831307,670,395596.83,4.30100912,3,0,0
2025-09-27 18:36:20,670.832231,670,395718.69,4.333136787,3,0,0
2025-09-27 18:36:20,671.188025,671,395596.83,4.30100912,3,0,0
2025-09-27 18:36:20,671.188025,671,395614.74,4.305730258,3,0,0
2025-09-27 18:36:21,671.489117,671,395596.83,4.30100912,3,0,0
2025-09-27 18:36:21,671.490088,671,395596.83,4.30100912,3,0,0
2025-09-27 18:36:22,672.525241,672,395596.83,4.30100912,3,0,0
2025-09-27 18:36:22,672.526215,672,395596.83,4.30100912,3,0,0
2025-09-27 18:36:22,672.942894,672,395596.83,4.30100912,3,0,0
2025-09-27 18:36:22,672.943956,672,395596.83,4.30100912,3,0,0
2025-09-27 18:36:23,673.411003,673,395584.11,4.297656433,3,0,0
2025-09-27 18:36:23,673.412003,673,395596.83,4.30100912,3,0,0
2025-09-27 18:36:23,673.889684,673,395584.11,4.297656433,3,0,0
2025-09-27 18:36:23,673.890667,673,395596.83,4.30100912,3,0,0
2025-09-27 18:36:24,674.686889,674,395584.11,4.297656433,3,0,0
2025-09-27 18:36:24,674.686889,674,395584.11,4.297656433,3,0,0
2025-09-27 18:36:24,675.260276,675,395584.11,4.297656433,3,0,0
2025-09-27 18:36:24,675.260276,675,395584.11,4.297656433,3,0,0
2025-09-27 18:36:25,675.642563,675,395584.11,4.297656433,3,0,0
2025-09-27 18:36:25,675.642563,675,395584.11,4.297656433,3,0,0
2025-09-27 18:36:25,676.01028,676,395584.11,4.297656433,3,0,0
2025-09-27 18:36:25,676.011276,676,395584.11,4.297656433,3,0,0
2025-09-27 18:36:26,676.448599,676,395584.11,4.297656433,3,0,0
2025-09-27 18:36:26,676.449596,676,395584.11,4.297656433,3,0,0
2025-09-27 18:36:27,677.467299,677,395584.11,4.297656433,3,0,0
2025-09-27 18:36:27,677.467299,677,395584.11,4.297656433,3,0,0
2025-09-27 18:36:27,677.889492,677,395584.11,4.297656433,3,0,0
2025-09-27 18:36:27,677.890481,677,395584.11,4.297656433,3,0,0
2025-09-27 18:36:27,678.277511,678,395584.11,4.297656433,3,0,0
2025-09-27 18:36:27,678.278516,678,395584.11,4.297656433,3,0,0
2025-09-27 18:36:28,679.336814,679,395584.11,4.297656433,3,0,0
2025-09-27 18:36:28,679.336814,679,395584.11,4.297656433,3,0,0
2025-09-27 18:36:29,679.831064,679,395584.11,4.297656433,3,0,0
2025-09-27 18:36:29,679.831064,679,395584.11,4.297656433,3,0,0
2025-09-27 18:36:29,680.312478,680,395584.11,4.297656433,3,0,0
2025-09-27 18:36:29,680.312478,680,395584.11,4.297656433,3,0,0
2025-09-27 18:36:30,681.0047,681,395584.11,4.297656433,3,0,0
2025-09-27 18:36:30,681.005699,681,395584.11,4.297656433,3,0,0
2025-09-27 18:36:30,681.356939,681,395584.11,4.297656433,3,0,0
2025-09-27 18:36:30,681.357886,681,395584.11,4.297656433,3,0,0
2025-09-27 18:36:31,682.022196,682,395584.11,4.297656433,3,0,0
2025-09-27 18:36:31,682.023198,682,395584.11,4.297656433,3,0,0
2025-09-27 18:36:32,682.444516,682,395584.11,4.297656433,3,0,0
2025-09-27 18:36:32,682.445424,682,395584.11,4.297656433,3,0,0
2025-09-27 18:36:32,682.878241,682,395584.11,4.297656433,3,0,0
2025-09-27 18:36:32,682.878241,682,395584.11,4.297656433,3,0,0
2025-09-27 18:36:33,683.515845,683,395584.11,4.297656433,3,0,0
2025-09-27 18:36:33,683.515845,683,395584.11,4.297656433,3,0,0
2025-09-27 18:36:33,684.019536,684,395584.11,4.297656433,3,0,0
2025-09-27 18:36:33,684.019536,684,395584.11,4.297656433,3,0,0
2025-09-27 18:36:34,684.950427,684,395584.11,4.297656433,3,0,0
2025-09-27 18:36:34,684.950427,684,395584.11,4.297656433,3,0,0
2025-09-27 18:36:34,685.349799,685,395584.11,4.297656433,3,0,0
2025-09-27 18:36:34,685.350801,685,395584.11,4.297656433,3,0,0
2025-09-27 18:36:35,685.989275,685,395584.11,4.297656433,3,0,0
2025-09-27 18:36:35,685.989275,685,395584.11,4.297656433,3,0,0
2025-09-27 18:36:36,686.545713,686,395584.11,4.297656433,3,0,0
2025-09-27 18:36:36,686.545713,686,395584.11,4.297656433,3,0,0
2025-09-27 18:36:36,686.914811,686,395584.11,4.297656433,3,0,0
2025-09-27 18:36:36,686.915821,686,395584.11,4.297656433,3,0,0
2025-09-27 18:36:37,687.44864,687,395584.11,4.297656433,3,0,0
2025-09-27 18:36:37,687.449657,687,395584.11,4.297656433,3,0,0
2025-09-27 18:36:38,688.583462,688,395584.11,4.297656433,3,0,0
2025-09-27 18:36:38,688.584376,688,395584.11,4.297656433,3,0,0
2025-09-27 18:36:38,689.00411,689,395584.11,4.297656433,3,0,0
2025-09-27 18:36:38,689.00411,689,395584.11,4.297656433,3,0,0
2025-09-27 18:36:39,689.817205,689,395584.11,4.297656433,3,0,0
2025-09-27 18:36:39,689.818205,689,395584.11,4.297656433,3,0,0
2025-09-27 18:36:40,690.492338,690,395568.77,4.293610289,3,0,0
2025-09-27 18:36:40,690.492338,690,395584.11,4.297656433,3,0,0
2025-09-27 18:36:40,691.20176,691,395479.33,4.270030407,3,0,0
2025-09-27 18:36:40,691.202761,691,395568.77,4.293610289,3,0,0
2025-09-27 18:36:41,691.904755,691,395479.33,4.270030407,3,0,0
2025-09-27 18:36:41,691.905758,691,395479.33,4.270030407,3,0,0
2025-09-27 18:36:42,692.611769,692,395479.33,4.270030407,3,0,0
2025-09-27 18:36:42,692.611769,692,395479.33,4.270030407,3,0,0
2025-09-27 18:36:42,693.039203,693,395284.85,4.218754806,3,0,0
2025-09-27 18:36:42,693.039203,693,395479.33,4.270030407,3,0,0
2025-09-27 18:36:43,693.491239,693,395284.85,4.218754806,3,0,0
2025-09-27 18:36:43,693.491239,693,395479.33,4.270030407,3,0,0
2025-09-27 18:36:43,693.795828,693,395284.85,4.218754806,3,0,0
2025-09-27 18:36:43,693.796773,693,395479.33,4.270030407,3,0,0
2025-09-27 18:36:43,694.24475,694,395284.85,4.218754806,3,0,0
2025-09-27 18:36:43,694.24475,694,395312.14,4.225948618,3,0,0
2025-09-27 18:36:44,694.71784,694,395284.85,4.218754806,3,0,0
2025-09-27 18:36:44,694.71784,694,395312.14,4.225948618,3,0,0
2025-09-27 18:36:45,695.417656,695,395284.85,4.218754806,3,0,0
2025-09-27 18:36:45,695.417656,695,395284.85,4.218754806,3,0,0
2025-09-27 18:36:45,696.217409,696,395284.85,4.218754806,3,0,0
2025-09-27 18:36:45,696.217409,696,395284.85,4.218754806,3,0,0
2025-09-27 18:36:46,696.594644,696,395284.85,4.218754806,3,0,0
2025-09-27 18:36:46,696.594644,696,395284.85,4.218754806,3,0,0
2025-09-27 18:36:47,697.713441,697,395284.85,4.218754806,3,0,0
2025-09-27 18:36:47,697.713441,697,395284.85,4.218754806,3,0,0
2025-09-27 18:36:47,697.952186,697,395284.85,4.218754806,3,0,0
2025-09-27 18:36:47,697.953186,697,395284.85,4.218754806,3,0,0
2025-09-27 18:36:48,698.565382,698,395284.85,4.218754806,3,0,0
2025-09-27 18:36:48,698.565382,698,395284.85,4.218754806,3,0,0
2025-09-27 18:36:48,698.986128,698,395284.85,4.218754806,3,0,0
2025-09-27 18:36:48,698.986128,698,395284.85,4.218754806,3,0,0
2025-09-27 18:36:49,699.671573,699,395284.85,4.218754806,3,0,0
2025-09-27 18:36:49,699.672578,699,395284.85,4.218754806,3,0,0
2025-09-27 18:36:49,700.214371,700,395284.85,4.218754806,3,0,0
2025-09-27 18:36:49,700.215373,700,395284.85,4.218754806,3,0,0
2025-09-27 18:36:50,700.864938,700,395155.47,4.184642484,3,0,0
2025-09-27 18:36:50,700.864938,700,395212.82,4.199762692,3,0,0
2025-09-27 18:36:51,701.515151,701,395155.47,4.184642484,3,0,0
2025-09-27 18:36:51,701.515151,701,395212.82,4.199762692,3,0,0
2025-09-27 18:36:51,702.034637,702,395155.47,4.184642484,3,0,0
2025-09-27 18:36:51,702.034637,702,395212.82,4.199762692,3,0,0
2025-09-27 18:36:51,702.331965,702,395155.47,4.184642484,3,0,0
2025-09-27 18:36:51,702.331965,702,395212.82,4.199762692,3,0,0
2025-09-27 18:36:52,703.163132,703,395155.47,4.184642484,3,0,0
2025-09-27 18:36:52,703.164084,703,395212.82,4.199762692,3,0,0
2025-09-27 18:36:53,704.045469,704,395155.47,4.184642484,3,0,0
2025-09-27 18:36:53,704.046346,704,395155.47,4.184642484,3,0,0
2025-09-27 18:36:54,704.636088,704,395155.47,4.184642484,3,0,0
2025-09-27 18:36:54,704.637123,704,395155.47,4.184642484,3,0,0
2025-09-27 18:36:54,704.950425,704,395140.12,4.18059634,3,0,0
2025-09-27 18:36:54,704.950425,704,395148.92,4.182914533,3,0,0
2025-09-27 18:36:55,705.699659,705,395140.12,4.18059634,3,0,0
2025-09-27 18:36:55,705.699659,705,395148.92,4.182914533,3,0,0
2025-09-27 18:36:56,706.391956,706,395140.12,4.18059634,3,0,0
2025-09-27 18:36:56,706.392945,706,395148.92,4.182914533,3,0,0
2025-09-27 18:36:56,706.773926,706,395140.12,4.18059634,3,0,0
2025-09-27 18:36:56,706.775186,706,395148.92,4.182914533,3,0,0
2025-09-27 18:36:57,707.376668,707,394882.67,4.112716626,3,0,0
2025-09-27 18:36:57,707.376668,707,395140.12,4.18059634,3,0,0
2025-09-27 18:36:57,708.248226,708,394882.67,4.112716626,3,0,0
2025-09-27 18:36:57,708.248226,708,395140.12,4.18059634,3,0,0
2025-09-27 18:36:58,708.921399,708,394882.67,4.112716626,3,0,0
2025-09-27 18:36:58,708.921399,708,394882.67,4.112716626,3,0,0
2025-09-27 18:36:59,709.588214,709,394882.67,4.112716626,3,0,0
2025-09-27 18:36:59,709.589217,709,394882.67,4.112716626,3,0,0
2025-09-27 18:36:59,710.018614,710,394882.67,4.112716626,3,0,0
2025-09-27 18:36:59,710.019615,710,394882.67,4.112716626,3,0,0
2025-09-27 18:37:00,710.554996,710,394882.67,4.112716626,3,0,0
2025-09-27 18:37:00,710.554996,710,394882.67,4.112716626,3,0,0
2025-09-27 18:37:00,711.065771,711,394882.67,4.112716626,3,0,0
2025-09-27 18:37:00,711.065771,711,394882.67,4.112716626,3,0,0
2025-09-27 18:37:00,711.323162,711,394882.67,4.112716626,3,0,0
2025-09-27 18:37:00,711.324163,711,394882.67,4.112716626,3,0,0
2025-09-27 18:37:01,711.904905,711,394882.67,4.112716626,3,0,0
2025-09-27 18:37:01,711.904905,711,394882.67,4.112716626,3,0,0
2025-09-27 18:37:01,712.265861,712,394882.67,4.112716626,3,0,0
2025-09-27 18:37:01,712.266862,712,394882.67,4.112716626,3,0,0
2025-09-27 18:37:02,712.915518,712,394882.67,4.112716626,3,0,0
2025-09-27 18:37:02,712.915518,712,394882.67,4.112716626,3,0,0
2025-09-27 18:37:03,713.509438,713,394882.67,4.112716626,3,0,0
2025-09-27 18:37:03,713.509438,713,394882.67,4.112716626,3,0,0
2025-09-27 18:37:03,713.904326,713,394882.67,4.112716626,3,0,0
2025-09-27 18:37:03,713.904326,713,394882.67,4.112716626,3,0,0
2025-09-27 18:37:03,714.313734,714,394882.67,4.112716626,3,0,0
2025-09-27 18:37:03,714.313734,714,394882.67,4.112716626,3,0,0
2025-09-27 18:37:04,714.737677,714,394813.02,4.094354648,3,0,0
2025-09-27 18:37:04,714.738664,714,394882.67,4.112716626,3,0,0
2025-09-27 18:37:05,715.498707,715,394813.02,4.094354648,3,0,0
2025-09-27 18:37:05,715.498707,715,394882.67,4.112716626,3,0,0
2025-09-27 18:37:05,715.87061,715,394813.02,4.094354648,3,0,0
2025-09-27 18:37:05,715.871596,715,394882.67,4.112716626,3,0,0
2025-09-27 18:37:06,716.387005,716,394813.02,4.094354648,3,0,0
2025-09-27 18:37:06,716.387005,716,394882.67,4.112716626,3,0,0
2025-09-27 18:37:06,716.770804,716,394813.02,4.094354648,3,0,0
2025-09-27 18:37:06,716.771801,716,394882.67,4.112716626,3,0,0
2025-09-27 18:37:06,717.303844,717,394813.02,4.094354648,3,0,0
2025-09-27 18:37:06,717.304852,717,394813.02,4.094354648,3,0,0
2025-09-27 18:37:07,717.87484,717,394813.02,4.094354648,3,0,0
2025-09-27 18:37:07,717.87484,717,394813.02,4.094354648,3,0,0
2025-09-27 18:37:08,718.424801,718,394813.02,4.094354648,3,0,0
2025-09-27 18:37:08,718.424801,718,394813.02,4.094354648,3,0,0
2025-09-27 18:37:08,718.946098,718,394809.77,4.093497068,3,0,0
2025-09-27 18:37:08,718.946098,718,394813.02,4.094354648,3,0,0
2025-09-27 18:37:09,719.996683,719,394809.77,4.093497068,3,0,0
2025-09-27 18:37:09,719.997676,719,394813.02,4.094354648,3,0,0
2025-09-27 18:37:10,720.678522,720,394809.77,4.093497068,3,0,0
2025-09-27 18:37:10,720.679418,720,394813.02,4.094354648,3,0,0
2025-09-27 18:37:10,721.001497,721,394803.13,4.091747106,3,0,0
2025-09-27 18:37:10,721.002477,721,394809.77,4.093497068,3,0,0
2025-09-27 18:37:11,721.589445,721,394803.13,4.091747106,3,0,0
2025-09-27 18:37:11,721.590432,721,394809.77,4.093497068,3,0,0
2025-09-27 18:37:11,722.023005,722,394803.13,4.091747106,3,0,0
2025-09-27 18:37:11,722.023005,722,394803.13,4.091747106,3,0,0
2025-09-27 18:37:12,722.493606,722,394803.13,4.091747106,3,0,0
2025-09-27 18:37:12,722.494604,722,394803.13,4.091747106,3,0,0
2025-09-27 18:37:12,722.992359,722,394639.5,4.048604705,3,0,0
2025-09-27 18:37:12,722.99338,722,394803.13,4.091747106,3,0,0
2025-09-27 18:37:13,723.378027,723,394639.5,4.048604705,3,0,0
2025-09-27 18:37:13,723.378027,723,394639.5,4.048604705,3,0,0
2025-09-27 18:37:13,723.905347,723,394639.5,4.048604705,3,0,0
2025-09-27 18:37:13,723.905347,723,394639.5,4.048604705,3,0,0
2025-09-27 18:37:14,724.446981,724,394639.5,4.048604705,3,0,0
2025-09-27 18:37:14,724.447988,724,394639.5,4.048604705,3,0,0
2025-09-27 18:37:15,726.110318,726,394639.5,4.048604705,3,0,0
2025-09-27 18:37:15,726.110318,726,394639.5,4.048604705,3,0,0
2025-09-27 18:37:16,726.865855,726,394639.5,4.048604705,3,0,0
2025-09-27 18:37:16,726.865855,726,394639.5,4.048604705,3,0,0
2025-09-27 18:37:16,727.174676,727,394639.5,4.048604705,3,0,0
2025-09-27 18:37:16,727.174676,727,394639.5,4.048604705,3,0,0
2025-09-27 18:37:17,727.661587,727,394639.5,4.048604705,3,0,0
2025-09-27 18:37:17,727.662498,727,394639.5,4.048604705,3,0,0
2025-09-27 18:37:17,727.923717,727,394639.5,4.048604705,3,0,0
2025-09-27 18:37:17,727.923717,727,394639.5,4.048604705,3,0,0
2025-09-27 18:37:18,729.087643,729,394639.5,4.048604705,3,0,0
2025-09-27 18:37:18,729.088641,729,394639.5,4.048604705,3,0,0
2025-09-27 18:37:19,729.374279,729,394639.5,4.048604705,3,0,0
2025-09-27 18:37:19,729.375288,729,394639.5,4.048604705,3,0,0
2025-09-27 18:37:19,729.894978,729,394639.5,4.048604705,3,0,0
2025-09-27 18:37:19,729.894978,729,394639.5,4.048604705,3,0,0
2025-09-27 18:37:20,731.12915,731,394639.5,4.048604705,3,0,0
2025-09-27 18:37:20,731.130151,731,394639.5,4.048604705,3,0,0
2025-09-27 18:37:21,731.843826,731,394639.5,4.048604705,3,0,0
2025-09-27 18:37:21,731.843826,731,394639.5,4.048604705,3,0,0
2025-09-27 18:37:21,732.167161,732,394639.5,4.048604705,3,0,0
2025-09-27 18:37:21,732.167161,732,394639.5,4.048604705,3,0,0
2025-09-27 18:37:22,732.616227,732,394639.5,4.048604705,3,0,0
2025-09-27 18:37:22,732.616227,732,394639.5,4.048604705,3,0,0
2025-09-27 18:37:23,733.532803,733,394639.5,4.048604705,3,0,0
2025-09-27 18:37:23,733.533805,733,394639.5,4.048604705,3,0,0
2025-09-27 18:37:23,734.143917,734,394530.49,4.019861973,3,0,0
2025-09-27 18:37:23,734.144918,734,394639.5,4.048604705,3,0,0
2025-09-27 18:37:24,734.568805,734,394530.49,4.019861973,3,0,0
2025-09-27 18:37:24,734.569807,734,394639.5,4.048604705,3,0,0
2025-09-27 18:37:24,734.97717,734,394530.49,4.019861973,3,0,0
2025-09-27 18:37:24,734.978162,734,394639.5,4.048604705,3,0,0
2025-09-27 18:37:25,735.472621,735,394528.15,4.019247008,3,0,0
2025-09-27 18:37:25,735.472621,735,394530.49,4.019861973,3,0,0
2025-09-27 18:37:25,736.159347,736,394528.15,4.019247008,3,0,0
2025-09-27 18:37:25,736.160293,736,394528.15,4.019247008,3,0,0
2025-09-27 18:37:26,736.682478,736,394528.15,4.019247008,3,0,0
2025-09-27 18:37:26,736.682478,736,394528.15,4.019247008,3,0,0
2025-09-27 18:37:26,737.258966,737,394528.15,4.019247008,3,0,0
2025-09-27 18:37:26,737.258966,737,394528.15,4.019247008,3,0,0
2025-09-27 18:37:27,737.643613,737,394528.15,4.019247008,3,0,0
2025-09-27 18:37:27,737.644602,737,394528.15,4.019247008,3,0,0
2025-09-27 18:37:27,738.025344,738,394528.15,4.019247008,3,0,0
2025-09-27 18:37:27,738.026367,738,394528.15,4.019247008,3,0,0
2025-09-27 18:37:28,738.372954,738,394528.15,4.019247008,3,0,0
2025-09-27 18:37:28,738.373962,738,394528.15,4.019247008,3,0,0
2025-09-27 18:37:28,738.682254,738,394528.15,4.019247008,3,0,0
2025-09-27 18:37:28,738.683243,738,394528.15,4.019247008,3,0,0
2025-09-27 18:37:28,739.19684,739,394528.15,4.019247008,3,0,0
2025-09-27 18:37:28,739.197823,739,394528.15,4.019247008,3,0,0
2025-09-27 18:37:30,740.417233,740,394527.42,4.019052742,3,0,0
2025-09-27 18:37:30,740.417233,740,394528.15,4.019247008,3,0,0
2025-09-27 18:37:30,740.91879,740,394527.42,4.019052742,3,0,0
2025-09-27 18:37:30,740.91879,740,394528.15,4.019247008,3,0,0
2025-09-27 18:37:31,741.415328,741,394508.56,4.014081622,3,0,0
2025-09-27 18:37:31,741.415328,741,394527.42,4.019052742,3,0,0
2025-09-27 18:37:31,741.787795,741,394508.56,4.014081622,3,0,0
2025-09-27 18:37:31,741.787795,741,394527.42,4.019052742,3,0,0
2025-09-27 18:37:31,742.273724,742,394508.56,4.014081622,3,0,0
2025-09-27 18:37:31,742.274719,742,394527.42,4.019052742,3,0,0
2025-09-27 18:37:32,742.762379,742,394508.56,4.014081622,3,0,0
2025-09-27 18:37:32,742.763382,742,394527.42,4.019052742,3,0,0
2025-09-27 18:37:32,743.236788,743,394508.56,4.014081622,3,0,0
2025-09-27 18:37:32,743.237796,743,394527.42,4.019052742,3,0,0
2025-09-27 18:37:33,743.707469,743,394508.56,4.014081622,3,0,0
2025-09-27 18:37:33,743.707469,743,394510.19,4.014512256,3,0,0
2025-09-27 18:37:33,744.276491,744,394508.56,4.014081622,3,0,0
2025-09-27 18:37:33,744.277446,744,394510.19,4.014512256,3,0,0
2025-09-27 18:37:34,744.695712,744,394508.56,4.014081622,3,0,0
2025-09-27 18:37:34,744.696618,744,394510.19,4.014512256,3,0,0
2025-09-27 18:37:35,745.760193,745,394508.56,4.014081622,3,0,0
2025-09-27 18:37:35,745.760193,745,394510.19,4.014512256,3,0,0
2025-09-27 18:37:36,746.426822,746,394508.56,4.014081622,3,0,0
2025-09-27 18:37:36,746.427801,746,394510.19,4.014512256,3,0,0
2025-09-27 18:37:36,747.068909,747,394484.52,4.007742123,3,0,0
2025-09-27 18:37:36,747.068909,747,394508.56,4.014081622,3,0,0
2025-09-27 18:37:37,747.968369,747,394484.52,4.007742123,3,0,0
2025-09-27 18:37:37,747.968369,747,394508.56,4.014081622,3,0,0
2025-09-27 18:37:38,748.536633,748,394484.52,4.007742123,3,0,0
2025-09-27 18:37:38,748.537533,748,394508.56,4.014081622,3,0,0
2025-09-27 18:37:38,749.279593,749,394484.52,4.007742123,3,0,0
2025-09-27 18:37:38,749.280589,749,394484.52,4.007742123,3,0,0
2025-09-27 18:37:39,749.836611,749,394484.52,4.007742123,3,0,0
2025-09-27 18:37:39,749.837612,749,394484.52,4.007742123,3,0,0
2025-09-27 18:37:40,750.53475,750,394484.52,4.007742123,3,0,0
2025-09-27 18:37:40,750.53475,750,394484.52,4.007742123,3,0,0
2025-09-27 18:37:40,751.256911,751,394484.52,4.007742123,3,0,0
2025-09-27 18:37:40,751.257932,751,394484.52,4.007742123,3,0,0
2025-09-27 18:37:41,751.59843,751,394484.52,4.007742123,3,0,0
2025-09-27 18:37:41,751.599587,751,394484.52,4.007742123,3,0,0
2025-09-27 18:37:41,752.340147,752,394484.52,4.007742123,3,0,0
2025-09-27 18:37:41,752.341129,752,394484.52,4.007742123,3,0,0
2025-09-27 18:37:42,752.684872,752,394484.52,4.007742123,3,0,0
2025-09-27 18:37:42,752.684872,752,394484.52,4.007742123,3,0,0
2025-09-27 18:37:42,753.053895,753,394467.15,4.003164161,3,0,0
2025-09-27 18:37:42,753.053895,753,394484.52,4.007742123,3,0,0
2025-09-27 18:37:43,754.319845,754,394467.15,4.003164161,3,0,0
2025-09-27 18:37:43,754.320854,754,394481.79,4.007023915,3,0,0
2025-09-27 18:37:44,754.946073,754,394467.15,4.003164161,3,0,0
2025-09-27 18:37:44,754.946073,754,394467.15,4.003164161,3,0,0
2025-09-27 18:37:45,755.632801,755,394467.15,4.003164161,3,0,0
2025-09-27 18:37:45,755.633803,755,394467.15,4.003164161,3,0,0
2025-09-27 18:37:46,756.523519,756,394467.15,4.003164161,3,0,0
2025-09-27 18:37:46,756.523519,756,394467.15,4.003164161,3,0,0
2025-09-27 18:37:46,756.914188,756,394467.15,4.003164161,3,0,0
2025-09-27 18:37:46,756.914188,756,394467.15,4.003164161,3,0,0
2025-09-27 18:37:47,757.40363,757,394467.15,4.003164161,3,0,0
2025-09-27 18:37:47,757.40363,757,394467.15,4.003164161,3,0,0
2025-09-27 18:37:47,757.942299,757,394467.15,4.003164161,3,0,0
2025-09-27 18:37:47,757.943182,757,394467.15,4.003164161,3,0,0
2025-09-27 18:37:48,758.670782,758,394467.15,4.003164161,3,0,0
2025-09-27 18:37:48,758.670782,758,394467.15,4.003164161,3,0,0
2025-09-27 18:37:48,759.174809,759,394467.15,4.003164161,3,0,0
2025-09-27 18:37:48,759.175813,759,394467.15,4.003164161,3,0,0
2025-09-27 18:37:49,759.942242,759,394467.15,4.003164161,3,0,0
2025-09-27 18:37:49,759.943196,759,394467.15,4.003164161,3,0,0
2025-09-27 18:37:50,760.427254,760,394463.57,4.002219564,3,0,0
2025-09-27 18:37:50,760.428266,760,394467.15,4.003164161,3,0,0
2025-09-27 18:37:50,761.010394,761,394463.57,4.002219564,3,0,0
2025-09-27 18:37:50,761.011402,761,394463.57,4.002219564,3,0,0
2025-09-27 18:37:50,761.365229,761,394463.57,4.002219564,3,0,0
2025-09-27 18:37:50,761.365229,761,394463.57,4.002219564,3,0,0
2025-09-27 18:37:51,761.996247,761,394463.57,4.002219564,3,0,0
2025-09-27 18:37:51,761.997272,761,394463.57,4.002219564,3,0,0
2025-09-27 18:37:52,762.49821,762,394463.57,4.002219564,3,0,0
2025-09-27 18:37:52,762.49821,762,394463.57,4.002219564,3,0,0
2025-09-27 18:37:52,763.051016,763,394463.57,4.002219564,3,0,0
2025-09-27 18:37:52,763.051016,763,394463.57,4.002219564,3,0,0
2025-09-27 18:37:53,763.625815,763,394463.57,4.002219564,3,0,0
2025-09-27 18:37:53,763.62683,763,394463.57,4.002219564,3,0,0
2025-09-27 18:37:53,764.098512,764,394463.57,4.002219564,3,0,0
2025-09-27 18:37:53,764.099514,764,394463.57,4.002219564,3,0,0
2025-09-27 18:37:54,764.67702,764,394463.57,4.002219564,3,0,0
2025-09-27 18:37:54,764.678023,764,394463.57,4.002219564,3,0,0
2025-09-27 18:37:54,765.063583,765,394463.57,4.002219564,3,0,0
2025-09-27 18:37:54,765.063583,765,394463.57,4.002219564,3,0,0
2025-09-27 18:37:55,765.441496,765,394463.57,4.002219564,3,0,0
2025-09-27 18:37:55,765.441496,765,394463.57,4.002219564,3,0,0
2025-09-27 18:37:55,766.010482,766,394463.57,4.002219564,3,0,0
2025-09-27 18:37:55,766.011483,766,394463.57,4.002219564,3,0,0
2025-09-27 18:37:56,766.853128,766,394448.79,3.998322758,3,0,0
2025-09-27 18:37:56,766.854066,766,394463.57,4.002219564,3,0,0
2025-09-27 18:37:56,767.240824,767,394448.79,3.998322758,3,0,0
2025-09-27 18:37:56,767.24182,767,394463.57,4.002219564,3,0,0
2025-09-27 18:37:57,767.682918,767,394448.79,3.998322758,3,0,0
2025-09-27 18:37:57,767.682918,767,394448.79,3.998322758,3,0,0
2025-09-27 18:37:58,768.447,768,394448.79,3.998322758,3,0,0
2025-09-27 18:37:58,768.447948,768,394448.79,3.998322758,3,0,0
2025-09-27 18:37:58,768.802196,768,394448.79,3.998322758,3,0,0
2025-09-27 18:37:58,768.802196,768,394448.79,3.998322758,3,0,0
2025-09-27 18:37:58,769.150204,769,394448.79,3.998322758,3,0,0
2025-09-27 18:37:58,769.150204,769,394448.79,3.998322758,3,0,0
2025-09-27 18:37:59,770.237353,770,394448.79,3.998322758,3,0,0
2025-09-27 18:37:59,770.238355,770,394448.79,3.998322758,3,0,0
2025-09-27 18:38:00,770.697539,770,394448.79,3.998322758,3,0,0
2025-09-27 18:38:00,770.697539,770,394448.79,3.998322758,3,0,0
2025-09-27 18:38:00,771.041252,771,394448.79,3.998322758,3,0,0
2025-09-27 18:38:00,771.041252,771,394448.79,3.998322758,3,0,0
2025-09-27 18:38:01,771.527826,771,394448.79,3.998322758,3,0,0
2025-09-27 18:38:01,771.528827,771,394448.79,3.998322758,3,0,0
2025-09-27 18:38:01,771.948024,771,394448.79,3.998322758,3,0,0
2025-09-27 18:38:01,771.948024,771,394448.79,3.998322758,3,0,0
2025-09-27 18:38:02,772.674216,772,394448.79,3.998322758,3,0,0
2025-09-27 18:38:02,772.674216,772,394448.79,3.998322758,3,0,0
2025-09-27 18:38:03,773.394901,773,394448.79,3.998322758,3,0,0
2025-09-27 18:38:03,773.395905,773,394448.79,3.998322758,3,0,0
2025-09-27 18:38:03,773.74262,773,394448.79,3.998322758,3,0,0
2025-09-27 18:38:03,773.74262,773,394448.79,3.998322758,3,0,0
2025-09-27 18:38:03,774.252437,774,394448.79,3.998322758,3,0,0
2025-09-27 18:38:03,774.252437,774,394448.79,3.998322758,3,0,0
2025-09-27 18:38:04,774.590012,774,394448.79,3.998322758,3,0,0
2025-09-27 18:38:04,774.590012,774,394448.79,3.998322758,3,0,0
2025-09-27 18:38:05,775.664225,775,394440.68,3.996185249,3,0,0
2025-09-27 18:38:05,775.665225,775,394448.79,3.998322758,3,0,0
2025-09-27 18:38:05,775.99607,775,394440.68,3.996185249,3,0,0
2025-09-27 18:38:05,775.996965,775,394440.68,3.996185249,3,0,0
2025-09-27 18:38:05,776.352808,776,394439.95,3.995990984,3,0,0
2025-09-27 18:38:05,776.35381,776,394440.68,3.996185249,3,0,0
2025-09-27 18:38:06,777.087248,777,394439.95,3.995990984,3,0,0
2025-09-27 18:38:06,777.087248,777,394440.68,3.996185249,3,0,0
2025-09-27 18:38:07,777.985662,777,394439.95,3.995990984,3,0,0
2025-09-27 18:38:07,777.985662,777,394440.68,3.996185249,3,0,0
2025-09-27 18:38:07,778.359008,778,394439.95,3.995990984,3,0,0
2025-09-27 18:38:07,778.359962,778,394440.68,3.996185249,3,0,0
2025-09-27 18:38:08,779.121454,779,394439.95,3.995990984,3,0,0
2025-09-27 18:38:08,779.121454,779,394440.68,3.996185249,3,0,0
2025-09-27 18:38:09,780.146997,780,394439.95,3.995990984,3,0,0
2025-09-27 18:38:09,780.146997,780,394440.68,3.996185249,3,0,0
2025-09-27 18:38:10,780.691916,780,394439.95,3.995990984,3,0,0
2025-09-27 18:38:10,780.69292,780,394440.68,3.996185249,3,0,0
2025-09-27 18:38:10,781.196647,781,394439.95,3.995990984,3,0,0
2025-09-27 18:38:10,781.196647,781,394439.95,3.995990984,3,0,0
2025-09-27 18:38:11,781.797194,781,394439.95,3.995990984,3,0,0
2025-09-27 18:38:11,781.798192,781,394439.95,3.995990984,3,0,0
2025-09-27 18:38:12,782.538667,782,394439.95,3.995990984,3,0,0
2025-09-27 18:38:12,782.53967,782,394439.95,3.995990984,3,0,0
2025-09-27 18:38:12,783.25579,783,394439.95,3.995990984,3,0,0
2025-09-27 18:38:12,783.256792,783,394439.95,3.995990984,3,0,0
2025-09-27 18:38:13,783.829936,783,394439.95,3.995990984,3,0,0
2025-09-27 18:38:13,783.829936,783,394439.95,3.995990984,3,0,0
2025-09-27 18:38:13,784.311562,784,394439.95,3.995990984,3,0,0
2025-09-27 18:38:13,784.312559,784,394439.95,3.995990984,3,0,0
2025-09-27 18:38:15,785.526232,785,394439.95,3.995990984,3,0,0
2025-09-27 18:38:15,785.52718,785,394439.95,3.995990984,3,0,0
2025-09-27 18:38:15,786.146429,786,394439.95,3.995990984,3,0,0
2025-09-27 18:38:15,786.146429,786,394439.95,3.995990984,3,0,0
2025-09-27 18:38:16,786.633931,786,394439.95,3.995990984,3,0,0
2025-09-27 18:38:16,786.634934,786,394439.95,3.995990984,3,0,0
2025-09-27 18:38:16,787.129355,787,394439.95,3.995990984,3,0,0
2025-09-27 18:38:16,787.129355,787,394439.95,3.995990984,3,0,0
2025-09-27 18:38:17,787.729306,787,394439.95,3.995990984,3,0,0
2025-09-27 18:38:17,787.729306,787,394439.95,3.995990984,3,0,0
2025-09-27 18:38:17,788.260636,788,394439.95,3.995990984,3,0,0
2025-09-27 18:38:17,788.260636,788,394439.95,3.995990984,3,0,0
2025-09-27 18:38:18,788.591289,788,394439.95,3.995990984,3,0,0
2025-09-27 18:38:18,788.591289,788,394439.95,3.995990984,3,0,0
2025-09-27 18:38:18,788.98626,788,394439.95,3.995990984,3,0,0
2025-09-27 18:38:18,788.98726,788,394439.95,3.995990984,3,0,0
2025-09-27 18:38:18,789.319243,789,394439.95,3.995990984,3,0,0
2025-09-27 18:38:18,789.319243,789,394439.95,3.995990984,3,0,0
2025-09-27 18:38:19,789.728335,789,394439.95,3.995990984,3,0,0
2025-09-27 18:38:19,789.729306,789,394439.95,3.995990984,3,0,0
2025-09-27 18:38:20,790.443235,790,394439.95,3.995990984,3,0,0
2025-09-27 18:38:20,790.443235,790,394439.95,3.995990984,3,0,0
2025-09-27 18:38:20,790.821247,790,394439.95,3.995990984,3,0,0
2025-09-27 18:38:20,790.822154,790,394439.95,3.995990984,3,0,0
2025-09-27 18:38:20,791.241768,791,394439.95,3.995990984,3,0,0
2025-09-27 18:38:20,791.241768,791,394439.95,3.995990984,3,0,0
2025-09-27 18:38:21,791.623993,791,394439.95,3.995990984,3,0,0
2025-09-27 18:38:21,791.623993,791,394439.95,3.995990984,3,0,0
2025-09-27 18:38:21,791.994927,791,394439.95,3.995990984,3,0,0
2025-09-27 18:38:21,791.995927,791,394439.95,3.995990984,3,0,0
2025-09-27 18:38:22,792.664966,792,394439.95,3.995990984,3,0,0
2025-09-27 18:38:22,792.664966,792,394439.95,3.995990984,3,0,0
2025-09-27 18:38:22,793.099441,793,394439.95,3.995990984,3,0,0
2025-09-27 18:38:22,793.099441,793,394439.95,3.995990984,3,0,0
2025-09-27 18:38:23,793.567269,793,394439.95,3.995990984,3,0,0
2025-09-27 18:38:23,793.568265,793,394439.95,3.995990984,3,0,0
2025-09-27 18:38:23,794.205065,794,394439.95,3.995990984,3,0,0
2025-09-27 18:38:23,794.206064,794,394439.95,3.995990984,3,0,0
2025-09-27 18:38:24,794.687939,794,394439.95,3.995990984,3,0,0
2025-09-27 18:38:24,794.689192,794,394439.95,3.995990984,3,0,0
2025-09-27 18:38:25,795.428025,795,394428.25,3.992906889,3,0,0
2025-09-27 18:38:25,795.429021,795,394439.95,3.995990984,3,0,0
2025-09-27 18:38:26,796.647244,796,394413.8,3.989097064,3,0,0
2025-09-27 18:38:26,796.648246,796,394428.25,3.992906889,3,0,0
2025-09-27 18:38:26,797.111939,797,394413.8,3.989097064,3,0,0
2025-09-27 18:38:26,797.112942,797,394428.25,3.992906889,3,0,0
2025-09-27 18:38:27,797.544804,797,394413.8,3.989097064,3,0,0
2025-09-27 18:38:27,797.54578,797,394428.25,3.992906889,3,0,0
2025-09-27 18:38:27,797.933157,797,394413.8,3.989097064,3,0,0
2025-09-27 18:38:27,797.933157,797,394413.8,3.989097064,3,0,0
2025-09-27 18:38:28,798.371984,798,394413.8,3.989097064,3,0,0
2025-09-27 18:38:28,798.371984,798,394413.8,3.989097064,3,0,0
2025-09-27 18:38:28,798.716285,798,394413.8,3.989097064,3,0,0
2025-09-27 18:38:28,798.717287,798,394413.8,3.989097064,3,0,0
2025-09-27 18:38:28,799.272051,799,394413.8,3.989097064,3,0,0
2025-09-27 18:38:28,799.272051,799,394413.8,3.989097064,3,0,0
2025-09-27 18:38:29,799.546873,799,394413.8,3.989097064,3,0,0
2025-09-27 18:38:29,799.546873,799,394413.8,3.989097064,3,0,0
2025-09-27 18:38:29,800.007532,800,394413.8,3.989097064,3,0,0
2025-09-27 18:38:29,800.007532,800,394413.8,3.989097064,3,0,0
2025-09-27 18:38:30,800.729634,800,394413.8,3.989097064,3,0,0
2025-09-27 18:38:30,800.730632,800,394413.8,3.989097064,3,0,0
2025-09-27 18:38:30,801.077806,801,394413.8,3.989097064,3,0,0
2025-09-27 18:38:30,801.078819,801,394413.8,3.989097064,3,0,0
2025-09-27 18:38:31,801.644305,801,394413.8,3.989097064,3,0,0
2025-09-27 18:38:31,801.645308,801,394413.8,3.989097064,3,0,0
2025-09-27 18:38:31,801.965082,801,394413.8,3.989097064,3,0,0
2025-09-27 18:38:31,801.965082,801,394413.8,3.989097064,3,0,0
2025-09-27 18:38:32,802.551767,802,393670.7,3.793175561,3,0,0
2025-09-27 18:38:32,802.551767,802,394413.8,3.989097064,3,0,0
2025-09-27 18:38:32,802.92282,802,393670.7,3.793175561,3,0,0
2025-09-27 18:38:32,802.923825,802,393770.58,3.819510371,3,0,0
2025-09-27 18:38:33,803.796136,803,393572.89,3.767386721,3,0,0
2025-09-27 18:38:33,803.797137,803,393670.7,3.793175561,3,0,0
2025-09-27 18:38:34,804.458739,804,393572.89,3.767386721,3,0,0
2025-09-27 18:38:34,804.459754,804,393572.89,3.767386721,3,0,0
2025-09-27 18:38:34,804.976159,804,393572.89,3.767386721,3,0,0
2025-09-27 18:38:34,804.977058,804,393572.89,3.767386721,3,0,0
2025-09-27 18:38:34,805.344903,805,393572.89,3.767386721,3,0,0
2025-09-27 18:38:34,805.344903,805,393572.89,3.767386721,3,0,0
2025-09-27 18:38:35,805.889199,805,393512.27,3.751403744,3,0,0
2025-09-27 18:38:35,805.889199,805,393572.89,3.767386721,3,0,0
2025-09-27 18:38:36,806.470899,806,393512.27,3.751403744,3,0,0
2025-09-27 18:38:36,806.471887,806,393572.89,3.767386721,3,0,0
2025-09-27 18:38:36,807.071836,807,392791.3,3.561317482,3,0,0
2025-09-27 18:38:36,807.071836,807,393512.27,3.751403744,3,0,0
2025-09-27 18:38:37,807.412821,807,392791.3,3.561317482,3,0,0
2025-09-27 18:38:37,807.412821,807,392791.3,3.561317482,3,0,0
2025-09-27 18:38:37,807.903011,807,392791.3,3.561317482,3,0,0
2025-09-27 18:38:37,807.904006,807,392791.3,3.561317482,3,0,0
2025-09-27 18:38:38,808.399654,808,392725.21,3.543893284,3,0,0
2025-09-27 18:38:38,808.399654,808,392791.3,3.561317482,3,0,0
2025-09-27 18:38:38,808.910014,808,392725.21,3.543893284,3,0,0
2025-09-27 18:38:38,808.910014,808,392725.21,3.543893284,3,0,0
2025-09-27 18:38:39,809.5104,809,392725.21,3.543893284,3,0,0
2025-09-27 18:38:39,809.5104,809,392725.21,3.543893284,3,0,0
2025-09-27 18:38:39,809.970592,809,392725.21,3.543893284,3,0,0
2025-09-27 18:38:39,809.970592,809,392725.21,3.543893284,3,0,0
2025-09-27 18:38:40,810.566166,810,392725.21,3.543893284,3,0,0
2025-09-27 18:38:40,810.567148,810,392725.21,3.543893284,3,0,0
2025-09-27 18:38:41,811.713102,811,392725.21,3.543893284,3,0,0
2025-09-27 18:38:41,811.714102,811,392725.21,3.543893284,3,0,0
2025-09-27 18:38:41,812.155418,812,392725.21,3.543893284,3,0,0
2025-09-27 18:38:41,812.156418,812,392725.21,3.543893284,3,0,0
2025-09-27 18:38:42,812.637003,812,392725.21,3.543893284,3,0,0
2025-09-27 18:38:42,812.638008,812,392725.21,3.543893284,3,0,0
2025-09-27 18:38:42,813.033961,813,392725.21,3.543893284,3,0,0
2025-09-27 18:38:42,813.034962,813,392725.21,3.543893284,3,0,0
2025-09-27 18:38:43,813.518696,813,392725.21,3.543893284,3,0,0
2025-09-27 18:38:43,813.519696,813,392725.21,3.543893284,3,0,0
2025-09-27 18:38:43,814.020194,814,392725.21,3.543893284,3,0,0
2025-09-27 18:38:43,814.020194,814,392725.21,3.543893284,3,0,0
2025-09-27 18:38:44,814.530271,814,392702.49,3.537902716,3,0,0
2025-09-27 18:38:44,814.530271,814,392725.21,3.543893284,3,0,0
2025-09-27 18:38:44,814.983615,814,392702.49,3.537902716,3,0,0
2025-09-27 18:38:44,814.983615,814,392709.91,3.539858111,3,0,0
2025-09-27 18:38:44,815.291382,815,392702.49,3.537902716,3,0,0
2025-09-27 18:38:44,815.292285,815,392702.49,3.537902716,3,0,0
2025-09-27 18:38:45,815.753967,815,392702.49,3.537902716,3,0,0
2025-09-27 18:38:45,815.755056,815,392702.49,3.537902716,3,0,0
2025-09-27 18:38:45,816.258571,816,392670.35,3.529427949,3,0,0
2025-09-27 18:38:45,816.259573,816,392702.49,3.537902716,3,0,0
2025-09-27 18:38:46,817.163474,817,392670.35,3.529427949,3,0,0
2025-09-27 18:38:46,817.163474,817,392702.49,3.537902716,3,0,0
2025-09-27 18:38:47,817.641667,817,392670.35,3.529427949,3,0,0
2025-09-27 18:38:47,817.642666,817,392702.49,3.537902716,3,0,0
2025-09-27 18:38:47,818.010392,818,392670.35,3.529427949,3,0,0
2025-09-27 18:38:47,818.010392,818,392702.49,3.537902716,3,0,0
2025-09-27 18:38:48,818.477878,818,392670.35,3.529427949,3,0,0
2025-09-27 18:38:48,818.477878,818,392702.49,3.537902716,3,0,0
2025-09-27 18:38:48,818.953665,818,392670.35,3.529427949,3,0,0
2025-09-27 18:38:48,818.953665,818,392702.49,3.537902716,3,0,0
2025-09-27 18:38:48,819.254332,819,392670.35,3.529427949,3,0,0
2025-09-27 18:38:48,819.254332,819,392702.49,3.537902716,3,0,0
2025-09-27 18:38:49,819.689167,819,392670.35,3.529427949,3,0,0
2025-09-27 18:38:49,819.689167,819,392702.49,3.537902716,3,0,0
2025-09-27 18:38:49,820.061262,820,392670.35,3.529427949,3,0,0
2025-09-27 18:38:49,820.06222,820,392670.35,3.529427949,3,0,0
2025-09-27 18:38:50,820.407433,820,392670.35,3.529427949,3,0,0
2025-09-27 18:38:50,820.407433,820,392670.35,3.529427949,3,0,0
2025-09-27 18:38:50,820.904333,820,392670.35,3.529427949,3,0,0
2025-09-27 18:38:50,820.905326,820,392670.35,3.529427949,3,0,0
2025-09-27 18:38:51,821.551427,821,392476.14,3.478224438,3,0,0
2025-09-27 18:38:51,821.551427,821,392670.35,3.529427949,3,0,0
2025-09-27 18:38:51,822.056365,822,392476.14,3.478224438,3,0,0
2025-09-27 18:38:51,822.056365,822,392670.35,3.529427949,3,0,0
2025-09-27 18:38:52,822.672536,822,392476.14,3.478224438,3,0,0
2025-09-27 18:38:52,822.672536,822,392670.35,3.529427949,3,0,0
2025-09-27 18:38:52,823.134244,823,392476.14,3.478224438,3,0,0
2025-09-27 18:38:52,823.135245,823,392670.35,3.529427949,3,0,0
2025-09-27 18:38:53,823.510648,823,392476.14,3.478224438,3,0,0
2025-09-27 18:38:53,823.511645,823,392670.35,3.529427949,3,0,0
2025-09-27 18:38:53,823.937348,823,392476.14,3.478224438,3,0,0
2025-09-27 18:38:53,823.937348,823,392670.35,3.529427949,3,0,0
2025-09-27 18:38:53,824.303996,824,392476.14,3.478224438,3,0,0
2025-09-27 18:38:53,824.303996,824,392497.45,3.483842897,3,0,0
2025-09-27 18:38:54,824.721745,824,392476.14,3.478224438,3,0,0
2025-09-27 18:38:54,824.721745,824,392497.45,3.483842897,3,0,0
2025-09-27 18:38:54,824.996095,824,392476.14,3.478224438,3,0,0
2025-09-27 18:38:54,824.997323,824,392497.45,3.483842897,3,0,0
2025-09-27 18:38:55,825.42879,825,392476.14,3.478224438,3,0,0
2025-09-27 18:38:55,825.42879,825,392476.14,3.478224438,3,0,0
2025-09-27 18:38:56,826.557047,826,392476.14,3.478224438,3,0,0
2025-09-27 18:38:56,826.557047,826,392476.14,3.478224438,3,0,0
2025-09-27 18:38:56,827.153807,827,392476.14,3.478224438,3,0,0
2025-09-27 18:38:56,827.154826,827,392476.14,3.478224438,3,0,0
2025-09-27 18:38:57,827.568931,827,392476.14,3.478224438,3,0,0
2025-09-27 18:38:57,827.569916,827,392476.14,3.478224438,3,0,0
2025-09-27 18:38:57,828.023717,828,392476.14,3.478224438,3,0,0
2025-09-27 18:38:57,828.023717,828,392476.14,3.478224438,3,0,0
2025-09-27 18:38:58,828.527998,828,392476.14,3.478224438,3,0,0
2025-09-27 18:38:58,828.529002,828,392476.14,3.478224438,3,0,0
2025-09-27 18:38:58,828.988906,828,392476.14,3.478224438,3,0,0
2025-09-27 18:38:58,828.988906,828,392476.14,3.478224438,3,0,0
2025-09-27 18:38:59,829.7438,829,392476.14,3.478224438,3,0,0
2025-09-27 18:38:59,829.7438,829,392476.14,3.478224438,3,0,0
2025-09-27 18:38:59,830.243881,830,392476.14,3.478224438,3,0,0
2025-09-27 18:38:59,830.243881,830,392476.14,3.478224438,3,0,0
2025-09-27 18:39:00,830.677323,830,392476.14,3.478224438,3,0,0
2025-09-27 18:39:00,830.678246,830,392476.14,3.478224438,3,0,0
2025-09-27 18:39:00,831.102933,831,392462.59,3.474652557,3,0,0
2025-09-27 18:39:00,831.102933,831,392476.14,3.478224438,3,0,0
2025-09-27 18:39:01,831.942173,831,392462.59,3.474652557,3,0,0
2025-09-27 18:39:01,831.942173,831,392476.14,3.478224438,3,0,0
2025-09-27 18:39:02,832.53772,832,392462.59,3.474652557,3,0,0
2025-09-27 18:39:02,832.538722,832,392476.14,3.478224438,3,0,0
2025-09-27 18:39:02,833.129376,833,392462.59,3.474652557,3,0,0
2025-09-27 18:39:02,833.13038,833,392462.59,3.474652557,3,0,0
2025-09-27 18:39:03,833.62581,833,392462.59,3.474652557,3,0,0
2025-09-27 18:39:03,833.62581,833,392462.59,3.474652557,3,0,0
2025-09-27 18:39:03,834.179834,834,392462.59,3.474652557,3,0,0
2025-09-27 18:39:03,834.179834,834,392462.59,3.474652557,3,0,0
2025-09-27 18:39:04,834.987353,834,392462.59,3.474652557,3,0,0
2025-09-27 18:39:04,834.988255,834,392462.59,3.474652557,3,0,0
2025-09-27 18:39:05,835.418151,835,392462.59,3.474652557,3,0,0
2025-09-27 18:39:05,835.419151,835,392462.59,3.474652557,3,0,0
2025-09-27 18:39:05,835.853088,835,392462.59,3.474652557,3,0,0
2025-09-27 18:39:05,835.854074,835,392462.59,3.474652557,3,0,0
2025-09-27 18:39:05,836.163419,836,392462.59,3.474652557,3,0,0
2025-09-27 18:39:05,836.164421,836,392462.59,3.474652557,3,0,0
2025-09-27 18:39:06,836.683296,836,392462.59,3.474652557,3,0,0
2025-09-27 18:39:06,836.683296,836,392462.59,3.474652557,3,0,0
2025-09-27 18:39:07,837.87735,837,392462.59,3.474652557,3,0,0
2025-09-27 18:39:07,837.878301,837,392462.59,3.474652557,3,0,0
2025-09-27 18:39:07,838.351696,838,392462.59,3.474652557,3,0,0
2025-09-27 18:39:07,838.351696,838,392462.59,3.474652557,3,0,0
2025-09-27 18:39:08,838.883667,838,392462.59,3.474652557,3,0,0
2025-09-27 18:39:08,838.884668,838,392462.59,3.474652557,3,0,0
2025-09-27 18:39:09,839.409879,839,392462.59,3.474652557,3,0,0
2025-09-27 18:39:09,839.410878,839,392462.59,3.474652557,3,0,0
2025-09-27 18:39:09,840.139953,840,392462.59,3.474652557,3,0,0
2025-09-27 18:39:09,840.139953,840,392462.59,3.474652557,3,0,0
2025-09-27 18:39:10,840.552027,840,392462.59,3.474652557,3,0,0
2025-09-27 18:39:10,840.552027,840,392462.59,3.474652557,3,0,0
2025-09-27 18:39:10,840.921231,840,392462.59,3.474652557,3,0,0
2025-09-27 18:39:10,840.922234,840,392462.59,3.474652557,3,0,0
2025-09-27 18:39:11,841.647689,841,392462.59,3.474652557,3,0,0
2025-09-27 18:39:11,841.647689,841,392462.59,3.474652557,3,0,0
2025-09-27 18:39:11,842.210695,842,392447.1,3.47056779,3,0,0
2025-09-27 18:39:11,842.211708,842,392462.59,3.474652557,3,0,0
2025-09-27 18:39:12,843.132476,843,392232.83,3.414075014,3,0,0
2025-09-27 18:39:12,843.133475,843,392447.1,3.47056779,3,0,0
2025-09-27 18:39:13,843.553727,843,392232.83,3.414075014,3,0,0
2025-09-27 18:39:13,843.554712,843,392447.1,3.47056779,3,0,0
2025-09-27 18:39:13,843.959667,843,392232.83,3.414075014,3,0,0
2025-09-27 18:39:13,843.959667,843,392286.75,3.428290671,3,0,0
2025-09-27 18:39:14,844.382835,844,392232.83,3.414075014,3,0,0
2025-09-27 18:39:14,844.382835,844,392232.83,3.414075014,3,0,0
2025-09-27 18:39:14,844.936715,844,392232.83,3.414075014,3,0,0
2025-09-27 18:39:14,844.937723,844,392232.83,3.414075014,3,0,0
2025-09-27 18:39:15,845.637934,845,392232.83,3.414075014,3,0,0
2025-09-27 18:39:15,845.637934,845,392232.83,3.414075014,3,0,0
2025-09-27 18:39:15,846.124314,846,392232.83,3.414075014,3,0,0
2025-09-27 18:39:15,846.125314,846,392232.83,3.414075014,3,0,0
2025-09-27 18:39:16,846.671344,846,392232.83,3.414075014,3,0,0
2025-09-27 18:39:16,846.671344,846,392232.83,3.414075014,3,0,0
2025-09-27 18:39:16,847.186016,847,392232.83,3.414075014,3,0,0
2025-09-27 18:39:16,847.186016,847,392232.83,3.414075014,3,0,0
2025-09-27 18:39:17,847.57738,847,392232.83,3.414075014,3,0,0
2025-09-27 18:39:17,847.57738,847,392232.83,3.414075014,3,0,0
2025-09-27 18:39:17,847.989245,847,392232.83,3.414075014,3,0,0
2025-09-27 18:39:17,847.990227,847,392232.83,3.414075014,3,0,0
2025-09-27 18:39:18,848.561157,848,392232.83,3.414075014,3,0,0
2025-09-27 18:39:18,848.561157,848,392232.83,3.414075014,3,0,0
2025-09-27 18:39:18,849.286771,849,392232.83,3.414075014,3,0,0
2025-09-27 18:39:18,849.286771,849,392232.83,3.414075014,3,0,0
2025-09-27 18:39:19,849.635208,849,392232.83,3.414075014,3,0,0
2025-09-27 18:39:19,849.636211,849,392232.83,3.414075014,3,0,0
2025-09-27 18:39:19,850.146767,850,392232.83,3.414075014,3,0,0
2025-09-27 18:39:19,850.146767,850,392232.83,3.414075014,3,0,0
2025-09-27 18:39:20,850.575317,850,392232.83,3.414075014,3,0,0
2025-09-27 18:39:20,850.575317,850,392232.83,3.414075014,3,0,0
2025-09-27 18:39:21,851.401494,851,392232.83,3.414075014,3,0,0
2025-09-27 18:39:21,851.401494,851,392232.83,3.414075014,3,0,0
2025-09-27 18:39:21,851.873178,851,392232.83,3.414075014,3,0,0
2025-09-27 18:39:21,851.873178,851,392232.83,3.414075014,3,0,0
2025-09-27 18:39:22,852.750953,852,392232.83,3.414075014,3,0,0
2025-09-27 18:39:22,852.751858,852,392232.83,3.414075014,3,0,0
2025-09-27 18:39:22,853.356519,853,392222.63,3.411385085,3,0,0
2025-09-27 18:39:22,853.356519,853,392232.83,3.414075014,3,0,0
2025-09-27 18:39:23,853.789526,853,392222.63,3.411385085,3,0,0
2025-09-27 18:39:23,853.789526,853,392232.83,3.414075014,3,0,0
2025-09-27 18:39:23,854.362571,854,392222.63,3.411385085,3,0,0
2025-09-27 18:39:23,854.363674,854,392232.83,3.414075014,3,0,0
2025-09-27 18:39:24,855.057237,855,392222.63,3.411385085,3,0,0
2025-09-27 18:39:24,855.05822,855,392232.83,3.414075014,3,0,0
2025-09-27 18:39:25,855.896563,855,392222.63,3.411385085,3,0,0
2025-09-27 18:39:25,855.896563,855,392222.63,3.411385085,3,0,0
2025-09-27 18:39:26,856.372637,856,392222.63,3.411385085,3,0,0
2025-09-27 18:39:26,856.373623,856,392222.63,3.411385085,3,0,0
2025-09-27 18:39:26,856.720519,856,392222.63,3.411385085,3,0,0
2025-09-27 18:39:26,856.720519,856,392222.63,3.411385085,3,0,0
2025-09-27 18:39:27,857.504004,857,392222.63,3.411385085,3,0,0
2025-09-27 18:39:27,857.505012,857,392222.63,3.411385085,3,0,0
2025-09-27 18:39:27,857.923581,857,392222.63,3.411385085,3,0,0
2025-09-27 18:39:27,857.92461,857,392222.63,3.411385085,3,0,0
2025-09-27 18:39:27,858.288703,858,392222.63,3.411385085,3,0,0
2025-09-27 18:39:27,858.289703,858,392222.63,3.411385085,3,0,0
2025-09-27 18:39:28,858.68625,858,392222.63,3.411385085,3,0,0
2025-09-27 18:39:28,858.68625,858,392222.63,3.411385085,3,0,0
2025-09-27 18:39:28,859.22715,859,392222.63,3.411385085,3,0,0
2025-09-27 18:39:28,859.228157,859,392222.63,3.411385085,3,0,0
2025-09-27 18:39:29,859.73823,859,392222.63,3.411385085,3,0,0
2025-09-27 18:39:29,859.73823,859,392222.63,3.411385085,3,0,0
2025-09-27 18:39:29,860.305203,860,392222.63,3.411385085,3,0,0
2025-09-27 18:39:29,860.306187,860,392222.63,3.411385085,3,0,0
2025-09-27 18:39:31,861.573827,861,392222.63,3.411385085,3,0,0
2025-09-27 18:39:31,861.574829,861,392222.63,3.411385085,3,0,0
2025-09-27 18:39:31,862.12332,862,392222.63,3.411385085,3,0,0
2025-09-27 18:39:31,862.124323,862,392222.63,3.411385085,3,0,0
2025-09-27 18:39:32,862.77261,862,392222.63,3.411385085,3,0,0
2025-09-27 18:39:32,862.773614,862,392222.63,3.411385085,3,0,0
2025-09-27 18:39:33,863.620909,863,392222.63,3.411385085,3,0,0
2025-09-27 18:39:33,863.620909,863,392222.63,3.411385085,3,0,0
2025-09-27 18:39:33,864.09674,864,392222.63,3.411385085,3,0,0
2025-09-27 18:39:33,864.09674,864,392222.63,3.411385085,3,0,0
2025-09-27 18:39:34,864.577189,864,392222.63,3.411385085,3,0,0
2025-09-27 18:39:34,864.578191,864,392222.63,3.411385085,3,0,0
2025-09-27 18:39:34,864.912714,864,392222.63,3.411385085,3,0,0
2025-09-27 18:39:34,864.913695,864,392222.63,3.411385085,3,0,0
2025-09-27 18:39:34,865.333427,865,392222.63,3.411385085,3,0,0
2025-09-27 18:39:34,865.33433,865,392222.63,3.411385085,3,0,0
2025-09-27 18:39:35,865.809399,865,392222.63,3.411385085,3,0,0
2025-09-27 18:39:35,865.810382,865,392222.63,3.411385085,3,0,0
2025-09-27 18:39:36,866.424304,866,392222.63,3.411385085,3,0,0
2025-09-27 18:39:36,866.424304,866,392222.63,3.411385085,3,0,0
2025-09-27 18:39:36,866.894509,866,392222.63,3.411385085,3,0,0
2025-09-27 18:39:36,866.894509,866,392222.63,3.411385085,3,0,0
2025-09-27 18:39:37,867.464741,867,392222.63,3.411385085,3,0,0
2025-09-27 18:39:37,867.465743,867,392222.63,3.411385085,3,0,0
2025-09-27 18:39:37,868.169058,868,392222.63,3.411385085,3,0,0
2025-09-27 18:39:37,868.170062,868,392222.63,3.411385085,3,0,0
2025-09-27 18:39:38,869.02818,869,392222.63,3.411385085,3,0,0
2025-09-27 18:39:38,869.029185,869,392222.63,3.411385085,3,0,0
2025-09-27 18:39:39,869.499084,869,392222.63,3.411385085,3,0,0
2025-09-27 18:39:39,869.500106,869,392222.63,3.411385085,3,0,0
2025-09-27 18:39:39,869.866362,869,392222.63,3.411385085,3,0,0
2025-09-27 18:39:39,869.867886,869,392222.63,3.411385085,3,0,0
2025-09-27 18:39:40,870.635517,870,392222.63,3.411385085,3,0,0
2025-09-27 18:39:40,870.635517,870,392222.63,3.411385085,3,0,0
2025-09-27 18:39:40,871.365551,871,392222.63,3.411385085,3,0,0
2025-09-27 18:39:41,871.366549,871,392222.63,3.411385085,3,0,0
2025-09-27 18:39:42,873.278067,873,392222.63,3.411385085,3,0,0
2025-09-27 18:39:42,873.278067,873,392222.63,3.411385085,3,0,0
2025-09-27 18:39:43,874.013895,874,392222.63,3.411385085,3,0,0
2025-09-27 18:39:43,874.014789,874,392222.63,3.411385085,3,0,0
2025-09-27 18:39:44,874.597968,874,392222.63,3.411385085,3,0,0
2025-09-27 18:39:44,874.598596,874,392222.63,3.411385085,3,0,0
2025-09-27 18:39:44,874.859089,874,392222.63,3.411385085,3,0,0
2025-09-27 18:39:44,874.859089,874,392222.63,3.411385085,3,0,0
2025-09-27 18:39:45,875.499911,875,392222.63,3.411385085,3,0,0
2025-09-27 18:39:45,875.499911,875,392222.63,3.411385085,3,0,0
2025-09-27 18:39:46,876.395262,876,392222.63,3.411385085,3,0,0
2025-09-27 18:39:46,876.395262,876,392222.63,3.411385085,3,0,0
2025-09-27 18:39:46,876.976175,876,392222.63,3.411385085,3,0,0
2025-09-27 18:39:46,876.976175,876,392222.63,3.411385085,3,0,0
2025-09-27 18:39:47,878.328552,878,392222.63,3.411385085,3,0,0
2025-09-27 18:39:47,878.329551,878,392222.63,3.411385085,3,0,0
2025-09-27 18:39:48,878.656246,878,392222.63,3.411385085,3,0,0
2025-09-27 18:39:48,878.657845,878,392222.63,3.411385085,3,0,0
2025-09-27 18:39:48,879.007859,879,392222.63,3.411385085,3,0,0
2025-09-27 18:39:48,879.008366,879,392222.63,3.411385085,3,0,0
2025-09-27 18:39:49,879.473597,879,392222.63,3.411385085,3,0,0
2025-09-27 18:39:49,879.474599,879,392222.63,3.411385085,3,0,0
2025-09-27 18:39:49,879.787989,879,392222.63,3.411385085,3,0,0
2025-09-27 18:39:49,879.788995,879,392222.63,3.411385085,3,0,0
2025-09-27 18:39:49,880.189559,880,392222.63,3.411385085,3,0,0
2025-09-27 18:39:49,880.189559,880,392222.63,3.411385085,3,0,0
2025-09-27 18:39:50,880.479891,880,392222.63,3.411385085,3,0,0
2025-09-27 18:39:50,880.479891,880,392222.63,3.411385085,3,0,0
2025-09-27 18:39:50,880.967884,880,392222.63,3.411385085,3,0,0
2025-09-27 18:39:50,880.968972,880,392222.63,3.411385085,3,0,0
2025-09-27 18:39:50,881.291711,881,392222.63,3.411385085,3,0,0
2025-09-27 18:39:50,881.291711,881,392222.63,3.411385085,3,0,0
2025-09-27 18:39:51,881.670322,881,392222.63,3.411385085,3,0,0
2025-09-27 18:39:51,881.670322,881,392222.63,3.411385085,3,0,0
2025-09-27 18:39:51,882.282309,882,392222.63,3.411385085,3,0,0
2025-09-27 18:39:51,882.282309,882,392222.63,3.411385085,3,0,0
2025-09-27 18:39:52,882.857025,882,392222.63,3.411385085,3,0,0
2025-09-27 18:39:52,882.857025,882,392222.63,3.411385085,3,0,0
2025-09-27 18:39:52,883.306531,883,392222.63,3.411385085,3,0,0
2025-09-27 18:39:52,883.306531,883,392222.63,3.411385085,3,0,0
2025-09-27 18:39:53,883.829017,883,392222.63,3.411385085,3,0,0
2025-09-27 18:39:53,883.829975,883,392222.63,3.411385085,3,0,0
2025-09-27 18:39:54,884.396926,884,392222.63,3.411385085,3,0,0
2025-09-27 18:39:54,884.396926,884,392222.63,3.411385085,3,0,0
2025-09-27 18:39:54,884.949386,884,392222.63,3.411385085,3,0,0
2025-09-27 18:39:54,884.950387,884,392222.63,3.411385085,3,0,0
2025-09-27 18:39:54,885.265523,885,392222.63,3.411385085,3,0,0
2025-09-27 18:39:54,885.265523,885,392222.63,3.411385085,3,0,0
2025-09-27 18:39:55,885.757639,885,392222.63,3.411385085,3,0,0
2025-09-27 18:39:55,885.757639,885,392222.63,3.411385085,3,0,0
2025-09-27 18:39:56,886.388877,886,392222.63,3.411385085,3,0,0
2025-09-27 18:39:56,886.388877,886,392222.63,3.411385085,3,0,0
2025-09-27 18:39:58,889.251072,889,392222.63,3.411385085,3,0,0
2025-09-27 18:39:58,889.252073,889,392222.63,3.411385085,3,0,0
2025-09-27 18:39:59,889.705835,889,392222.63,3.411385085,3,0,0
2025-09-27 18:39:59,889.705835,889,392222.63,3.411385085,3,0,0
2025-09-27 18:39:59,890.24305,890,392222.63,3.411385085,3,0,0
2025-09-27 18:39:59,890.244053,890,392222.63,3.411385085,3,0,0
2025-09-27 18:40:00,890.69481,890,392222.63,3.411385085,3,0,0
2025-09-27 18:40:00,890.69481,890,392222.63,3.411385085,3,0,0
2025-09-27 18:40:00,891.225941,891,392222.63,3.411385085,3,0,0
2025-09-27 18:40:00,891.225941,891,392222.63,3.411385085,3,0,0
2025-09-27 18:40:01,891.655055,891,392222.63,3.411385085,3,0,0
2025-09-27 18:40:01,891.656057,891,392222.63,3.411385085,3,0,0
2025-09-27 18:40:02,892.382967,892,392222.63,3.411385085,3,0,0
2025-09-27 18:40:02,892.382967,892,392222.63,3.411385085,3,0,0
2025-09-27 18:40:02,892.973235,892,392222.63,3.411385085,3,0,0
2025-09-27 18:40:02,892.974226,892,392222.63,3.411385085,3,0,0
2025-09-27 18:40:03,893.511281,893,392222.63,3.411385085,3,0,0
2025-09-27 18:40:03,893.512291,893,392222.63,3.411385085,3,0,0
2025-09-27 18:40:03,893.991012,893,392222.63,3.411385085,3,0,0
2025-09-27 18:40:03,893.992012,893,392222.63,3.411385085,3,0,0
2025-09-27 18:40:04,894.807056,894,392147.67,3.391620094,3,0,0
2025-09-27 18:40:04,894.807056,894,392222.63,3.411385085,3,0,0
2025-09-27 18:40:04,895.207028,895,392147.67,3.391620094,3,0,0
2025-09-27 18:40:04,895.207028,895,392222.63,3.411385085,3,0,0
2025-09-27 18:40:05,895.675889,895,392147.67,3.391620094,3,0,0
2025-09-27 18:40:05,895.675889,895,392222.63,3.411385085,3,0,0
2025-09-27 18:40:05,896.161567,896,392147.67,3.391620094,3,0,0
2025-09-27 18:40:05,896.161567,896,392147.67,3.391620094,3,0,0
2025-09-27 18:40:06,896.609375,896,392147.67,3.391620094,3,0,0
2025-09-27 18:40:06,896.609375,896,392147.67,3.391620094,3,0,0
2025-09-27 18:40:06,896.966873,896,392147.67,3.391620094,3,0,0
2025-09-27 18:40:06,896.966873,896,392147.67,3.391620094,3,0,0
2025-09-27 18:40:07,897.587165,897,392147.67,3.391620094,3,0,0
2025-09-27 18:40:07,897.587165,897,392147.67,3.391620094,3,0,0
2025-09-27 18:40:07,897.987244,897,392147.67,3.391620094,3,0,0
2025-09-27 18:40:07,897.987244,897,392147.67,3.391620094,3,0,0
2025-09-27 18:40:08,898.486696,898,392147.67,3.391620094,3,0,0
2025-09-27 18:40:08,898.486696,898,392147.67,3.391620094,3,0,0
2025-09-27 18:40:08,899.046024,899,392147.67,3.391620094,3,0,0
2025-09-27 18:40:08,899.04702,899,392147.67,3.391620094,3,0,0
2025-09-27 18:40:09,899.575367,899,392147.67,3.391620094,3,0,0
2025-09-27 18:40:09,899.575367,899,392147.67,3.391620094,3,0,0
2025-09-27 18:40:09,899.879397,899,392147.67,3.391620094,3,0,0
2025-09-27 18:40:09,899.880362,899,392147.67,3.391620094,3,0,0
2025-09-27 18:40:09,900.28622,900,392147.67,3.391620094,3,0,0
2025-09-27 18:40:09,900.287232,900,392147.67,3.391620094,3,0,0
2025-09-27 18:40:10,900.876115,900,392147.67,3.391620094,3,0,0
2025-09-27 18:40:10,900.876115,900,392147.67,3.391620094,3,0,0
2025-09-27 18:40:11,901.376504,901,392147.67,3.391620094,3,0,0
2025-09-27 18:40:11,901.376504,901,392147.67,3.391620094,3,0,0
2025-09-27 18:40:11,902.024413,902,392147.67,3.391620094,3,0,0
2025-09-27 18:40:11,902.02581,902,392147.67,3.391620094,3,0,0
2025-09-27 18:40:12,902.574098,902,392147.67,3.391620094,3,0,0
2025-09-27 18:40:12,902.575102,902,392147.67,3.391620094,3,0,0
2025-09-27 18:40:13,903.860456,903,392147.67,3.391620094,3,0,0
2025-09-27 18:40:13,903.860456,903,392147.67,3.391620094,3,0,0
2025-09-27 18:40:14,904.567027,904,392147.67,3.391620094,3,0,0
2025-09-27 18:40:14,904.568024,904,392147.67,3.391620094,3,0,0
2025-09-27 18:40:15,905.711794,905,392147.67,3.391620094,3,0,0
2025-09-27 18:40:15,905.712758,905,392147.67,3.391620094,3,0,0
2025-09-27 18:40:15,906.104484,906,392147.67,3.391620094,3,0,0
2025-09-27 18:40:15,906.105497,906,392147.67,3.391620094,3,0,0
2025-09-27 18:40:16,906.39515,906,392147.67,3.391620094,3,0,0
2025-09-27 18:40:16,906.396157,906,392147.67,3.391620094,3,0,0
2025-09-27 18:40:16,906.800344,906,392147.67,3.391620094,3,0,0
2025-09-27 18:40:16,906.801361,906,392147.67,3.391620094,3,0,0
2025-09-27 18:40:17,907.4551,907,392147.67,3.391620094,3,0,0
2025-09-27 18:40:17,907.4551,907,392147.67,3.391620094,3,0,0
2025-09-27 18:40:17,907.754774,907,392147.67,3.391620094,3,0,0
2025-09-27 18:40:17,907.755722,907,392147.67,3.391620094,3,0,0
2025-09-27 18:40:17,908.104199,908,392147.67,3.391620094,3,0,0
2025-09-27 18:40:17,908.105192,908,392147.67,3.391620094,3,0,0
2025-09-27 18:40:18,908.522546,908,392147.67,3.391620094,3,0,0
2025-09-27 18:40:18,908.522546,908,392147.67,3.391620094,3,0,0
2025-09-27 18:40:18,908.876811,908,392147.67,3.391620094,3,0,0
2025-09-27 18:40:18,908.877812,908,392147.67,3.391620094,3,0,0
2025-09-27 18:40:19,909.384225,909,392147.67,3.391620094,3,0,0
2025-09-27 18:40:19,909.384225,909,392147.67,3.391620094,3,0,0
2025-09-27 18:40:19,909.85122,909,392147.67,3.391620094,3,0,0
2025-09-27 18:40:19,909.85223,909,392147.67,3.391620094,3,0,0
2025-09-27 18:40:19,910.279789,910,392147.67,3.391620094,3,0,0
2025-09-27 18:40:19,910.279789,910,392147.67,3.391620094,3,0,0
2025-09-27 18:40:20,911.28245,911,392132.32,3.38757395,3,0,0
2025-09-27 18:40:20,911.283364,911,392147.67,3.391620094,3,0,0
2025-09-27 18:40:21,911.596243,911,392132.32,3.38757395,3,0,0
2025-09-27 18:40:21,911.596243,911,392147.67,3.391620094,3,0,0
2025-09-27 18:40:21,912.287526,912,392132.32,3.38757395,3,0,0
2025-09-27 18:40:21,912.288548,912,392132.32,3.38757395,3,0,0
2025-09-27 18:40:22,912.582972,912,392132.32,3.38757395,3,0,0
2025-09-27 18:40:22,912.582972,912,392132.32,3.38757395,3,0,0
2025-09-27 18:40:22,913.153517,913,392132.32,3.38757395,3,0,0
2025-09-27 18:40:22,913.153517,913,392132.32,3.38757395,3,0,0
2025-09-27 18:40:23,913.664622,913,392132.32,3.38757395,3,0,0
2025-09-27 18:40:23,913.665602,913,392132.32,3.38757395,3,0,0
2025-09-27 18:40:23,914.328601,914,392132.32,3.38757395,3,0,0
2025-09-27 18:40:23,914.328601,914,392132.32,3.38757395,3,0,0
2025-09-27 18:40:24,914.956586,914,392132.32,3.38757395,3,0,0
2025-09-27 18:40:24,914.957587,914,392132.32,3.38757395,3,0,0
2025-09-27 18:40:25,915.764507,915,392132.32,3.38757395,3,0,0
2025-09-27 18:40:25,915.765506,915,392132.32,3.38757395,3,0,0
2025-09-27 18:40:26,916.584175,916,392132.32,3.38757395,3,0,0
2025-09-27 18:40:26,916.584175,916,392132.32,3.38757395,3,0,0
2025-09-27 18:40:26,917.150078,917,392132.32,3.38757395,3,0,0
2025-09-27 18:40:26,917.150078,917,392132.32,3.38757395,3,0,0
2025-09-27 18:40:27,917.707469,917,392132.32,3.38757395,3,0,0
2025-09-27 18:40:27,917.707469,917,392132.32,3.38757395,3,0,0
2025-09-27 18:40:27,918.327318,918,392132.32,3.38757395,3,0,0
2025-09-27 18:40:27,918.328211,918,392132.32,3.38757395,3,0,0
2025-09-27 18:40:28,918.637424,918,392132.32,3.38757395,3,0,0
2025-09-27 18:40:28,918.637424,918,392132.32,3.38757395,3,0,0
2025-09-27 18:40:29,919.636892,919,392132.32,3.38757395,3,0,0
2025-09-27 18:40:29,919.638002,919,392132.32,3.38757395,3,0,0
2025-09-27 18:40:29,920.173601,920,392132.32,3.38757395,3,0,0
2025-09-27 18:40:29,920.174551,920,392132.32,3.38757395,3,0,0
2025-09-27 18:40:30,920.766912,920,392132.32,3.38757395,3,0,0
2025-09-27 18:40:30,920.766912,920,392132.32,3.38757395,3,0,0
2025-09-27 18:40:31,921.375384,921,392132.32,3.38757395,3,0,0
2025-09-27 18:40:31,921.375384,921,392132.32,3.38757395,3,0,0
2025-09-27 18:40:31,922.266576,922,392132.32,3.38757395,3,0,0
2025-09-27 18:40:31,922.267559,922,392132.32,3.38757395,3,0,0
2025-09-27 18:40:32,922.61744,922,392132.32,3.38757395,3,0,0
2025-09-27 18:40:32,922.61744,922,392132.32,3.38757395,3,0,0
2025-09-27 18:40:32,923.022717,923,392132.32,3.38757395,3,0,0
2025-09-27 18:40:32,923.022717,923,392132.32,3.38757395,3,0,0
2025-09-27 18:40:33,923.947648,923,392132.32,3.38757395,3,0,0
2025-09-27 18:40:33,923.947648,923,392132.32,3.38757395,3,0,0
2025-09-27 18:40:34,924.541028,924,392132.32,3.38757395,3,0,0
2025-09-27 18:40:34,924.542032,924,392132.32,3.38757395,3,0,0
2025-09-27 18:40:34,924.997205,924,392132.32,3.38757395,3,0,0
2025-09-27 18:40:34,924.997205,924,392132.32,3.38757395,3,0,0
2025-09-27 18:40:35,925.465995,925,392132.32,3.38757395,3,0,0
2025-09-27 18:40:35,925.467002,925,392132.32,3.38757395,3,0,0
2025-09-27 18:40:35,925.95445,925,392132.32,3.38757395,3,0,0
2025-09-27 18:40:35,925.955428,925,392132.32,3.38757395,3,0,0
2025-09-27 18:40:36,926.516224,926,392132.32,3.38757395,3,0,0
2025-09-27 18:40:36,926.516224,926,392132.32,3.38757395,3,0,0
2025-09-27 18:40:37,927.395778,927,392132.32,3.38757395,3,0,0
2025-09-27 18:40:37,927.395778,927,392132.32,3.38757395,3,0,0
2025-09-27 18:40:37,928.121125,928,392132.32,3.38757395,3,0,0
2025-09-27 18:40:37,928.122127,928,392132.32,3.38757395,3,0,0
2025-09-27 18:40:38,928.477661,928,392132.32,3.38757395,3,0,0
2025-09-27 18:40:38,928.477661,928,392132.32,3.38757395,3,0,0
2025-09-27 18:40:38,929.17125,929,392132.32,3.38757395,3,0,0
2025-09-27 18:40:38,929.17125,929,392132.32,3.38757395,3,0,0
2025-09-27 18:40:40,930.442443,930,392132.32,3.38757395,3,0,0
2025-09-27 18:40:40,930.443648,930,392132.32,3.38757395,3,0,0
2025-09-27 18:40:40,930.975054,930,392132.32,3.38757395,3,0,0
2025-09-27 18:40:40,930.975054,930,392132.32,3.38757395,3,0,0
2025-09-27 18:40:41,932.303527,932,392132.32,3.38757395,3,0,0
2025-09-27 18:40:41,932.30453,932,392132.32,3.38757395,3,0,0
2025-09-27 18:40:42,932.745677,932,392132.32,3.38757395,3,0,0
2025-09-27 18:40:42,932.745677,932,392132.32,3.38757395,3,0,0
2025-09-27 18:40:42,933.19865,933,392132.32,3.38757395,3,0,0
2025-09-27 18:40:42,933.19865,933,392132.32,3.38757395,3,0,0
2025-09-27 18:40:43,933.796256,933,392132.32,3.38757395,3,0,0
2025-09-27 18:40:43,933.796256,933,392132.32,3.38757395,3,0,0
2025-09-27 18:40:44,934.422561,934,392132.32,3.38757395,3,0,0
2025-09-27 18:40:44,934.423554,934,392132.32,3.38757395,3,0,0
2025-09-27 18:40:44,935.054853,935,392132.32,3.38757395,3,0,0
2025-09-27 18:40:44,935.054853,935,392132.32,3.38757395,3,0,0
2025-09-27 18:40:45,935.48372,935,392132.32,3.38757395,3,0,0
2025-09-27 18:40:45,935.48372,935,392132.32,3.38757395,3,0,0
2025-09-27 18:40:45,935.840712,935,392132.32,3.38757395,3,0,0
2025-09-27 18:40:45,935.841716,935,392132.32,3.38757395,3,0,0
2025-09-27 18:40:45,936.325031,936,392132.32,3.38757395,3,0,0
2025-09-27 18:40:45,936.325031,936,392132.32,3.38757395,3,0,0
2025-09-27 18:40:46,936.891684,936,392132.32,3.38757395,3,0,0
2025-09-27 18:40:46,936.891684,936,392132.32,3.38757395,3,0,0
2025-09-27 18:40:47,937.508384,937,392132.32,3.38757395,3,0,0
2025-09-27 18:40:47,937.508384,937,392132.32,3.38757395,3,0,0
2025-09-27 18:40:48,938.471278,938,392132.32,3.38757395,3,0,0
2025-09-27 18:40:48,938.472282,938,392132.32,3.38757395,3,0,0
2025-09-27 18:40:48,939.236492,939,392132.32,3.38757395,3,0,0
2025-09-27 18:40:48,939.236492,939,392132.32,3.38757395,3,0,0
2025-09-27 18:40:49,940.031986,940,392132.32,3.38757395,3,0,0
2025-09-27 18:40:49,940.032995,940,392132.32,3.38757395,3,0,0
2025-09-27 18:40:50,940.605627,940,392132.32,3.38757395,3,0,0
2025-09-27 18:40:50,940.606611,940,392132.32,3.38757395,3,0,0
2025-09-27 18:40:50,941.093612,941,392132.32,3.38757395,3,0,0
2025-09-27 18:40:50,941.093612,941,392132.32,3.38757395,3,0,0
2025-09-27 18:40:51,941.639018,941,392132.32,3.38757395,3,0,0
2025-09-27 18:40:51,941.640023,941,392132.32,3.38757395,3,0,0
2025-09-27 18:40:51,942.260473,942,392132.32,3.38757395,3,0,0
2025-09-27 18:40:51,942.260473,942,392132.32,3.38757395,3,0,0
2025-09-27 18:40:52,942.849634,942,392132.32,3.38757395,3,0,0
2025-09-27 18:40:52,942.849634,942,392132.32,3.38757395,3,0,0
2025-09-27 18:40:53,943.886356,943,392132.32,3.38757395,3,0,0
2025-09-27 18:40:53,943.887365,943,392132.32,3.38757395,3,0,0
2025-09-27 18:40:54,944.632041,944,392132.32,3.38757395,3,0,0
2025-09-27 18:40:54,944.632041,944,392132.32,3.38757395,3,0,0
2025-09-27 18:40:54,945.043135,945,392132.32,3.38757395,3,0,0
2025-09-27 18:40:54,945.044132,945,392132.32,3.38757395,3,0,0
2025-09-27 18:40:55,945.648266,945,392132.32,3.38757395,3,0,0
2025-09-27 18:40:55,945.648266,945,392132.32,3.38757395,3,0,0
2025-09-27 18:40:55,946.01427,946,392132.32,3.38757395,3,0,0
2025-09-27 18:40:55,946.01427,946,392132.32,3.38757395,3,0,0
2025-09-27 18:40:56,946.531086,946,392132.32,3.38757395,3,0,0
2025-09-27 18:40:56,946.532092,946,392132.32,3.38757395,3,0,0
2025-09-27 18:40:56,946.924993,946,392132.32,3.38757395,3,0,0
2025-09-27 18:40:56,946.924993,946,392132.32,3.38757395,3,0,0
2025-09-27 18:40:57,947.40684,947,392132.32,3.38757395,3,0,0
2025-09-27 18:40:57,947.40684,947,392132.32,3.38757395,3,0,0
2025-09-27 18:40:57,948.088088,948,392132.32,3.38757395,3,0,0
2025-09-27 18:40:57,948.088088,948,392132.32,3.38757395,3,0,0
2025-09-27 18:40:58,948.550128,948,392132.32,3.38757395,3,0,0
2025-09-27 18:40:58,948.551113,948,392132.32,3.38757395,3,0,0
2025-09-27 18:40:58,949.302519,949,392132.32,3.38757395,3,0,0
2025-09-27 18:40:58,949.30353,949,392132.32,3.38757395,3,0,0
2025-09-27 18:40:59,949.774826,949,392132.32,3.38757395,3,0,0
2025-09-27 18:40:59,949.7758,949,392132.32,3.38757395,3,0,0
2025-09-27 18:40:59,950.188489,950,392132.32,3.38757395,3,0,0
2025-09-27 18:40:59,950.188489,950,392132.32,3.38757395,3,0,0
2025-09-27 18:41:00,950.661647,950,392132.32,3.38757395,3,0,0
2025-09-27 18:41:00,950.661647,950,392132.32,3.38757395,3,0,0
2025-09-27 18:41:00,951.130418,951,392132.32,3.38757395,3,0,0
2025-09-27 18:41:00,951.131418,951,392132.32,3.38757395,3,0,0
2025-09-27 18:41:01,951.59997,951,392132.32,3.38757395,3,0,0
2025-09-27 18:41:01,951.600968,951,392132.32,3.38757395,3,0,0
2025-09-27 18:41:02,952.457701,952,392132.32,3.38757395,3,0,0
2025-09-27 18:41:02,952.458705,952,392132.32,3.38757395,3,0,0
2025-09-27 18:41:02,952.990438,952,392132.32,3.38757395,3,0,0
2025-09-27 18:41:02,952.991443,952,392132.32,3.38757395,3,0,0
2025-09-27 18:41:03,953.373958,953,392132.32,3.38757395,3,0,0
2025-09-27 18:41:03,953.373958,953,392132.32,3.38757395,3,0,0
2025-09-27 18:41:03,953.867465,953,392132.32,3.38757395,3,0,0
2025-09-27 18:41:03,953.868578,953,392132.32,3.38757395,3,0,0
2025-09-27 18:41:04,954.483939,954,392132.32,3.38757395,3,0,0
2025-09-27 18:41:04,954.483939,954,392132.32,3.38757395,3,0,0
2025-09-27 18:41:04,955.073242,955,392132.32,3.38757395,3,0,0
2025-09-27 18:41:04,955.073242,955,392132.32,3.38757395,3,0,0
2025-09-27 18:41:04,955.332739,955,392132.32,3.38757395,3,0,0
2025-09-27 18:41:04,955.333738,955,392132.32,3.38757395,3,0,0
2025-09-27 18:41:05,956.077878,956,392132.32,3.38757395,3,0,0
2025-09-27 18:41:05,956.078884,956,392132.32,3.38757395,3,0,0
2025-09-27 18:41:06,956.532331,956,392132.32,3.38757395,3,0,0
2025-09-27 18:41:06,956.532331,956,392132.32,3.38757395,3,0,0
2025-09-27 18:41:06,957.05603,957,392132.32,3.38757395,3,0,0
2025-09-27 18:41:06,957.05603,957,392132.32,3.38757395,3,0,0
2025-09-27 18:41:07,957.584007,957,392132.32,3.38757395,3,0,0
2025-09-27 18:41:07,957.584007,957,392132.32,3.38757395,3,0,0
2025-09-27 18:41:07,957.86493,957,392132.32,3.38757395,3,0,0
2025-09-27 18:41:07,957.865935,957,392132.32,3.38757395,3,0,0
2025-09-27 18:41:07,958.247868,958,392132.32,3.38757395,3,0,0
2025-09-27 18:41:07,958.248873,958,392132.32,3.38757395,3,0,0
2025-09-27 18:41:09,959.375632,959,391903.83,3.327332206,3,0,0
2025-09-27 18:41:09,959.375632,959,392132.32,3.38757395,3,0,0
2025-09-27 18:41:09,960.2034,960,391903.83,3.327332206,3,0,0
2025-09-27 18:41:09,960.2034,960,391988.48,3.349648936,3,0,0
2025-09-27 18:41:10,960.632905,960,391903.83,3.327332206,3,0,0
2025-09-27 18:41:10,960.632905,960,391988.48,3.349648936,3,0,0
2025-09-27 18:41:10,961.198327,961,391458.15,3.209826566,3,0,0
2025-09-27 18:41:10,961.199332,961,391903.83,3.327332206,3,0,0
2025-09-27 18:41:11,961.819237,961,391458.15,3.209826566,3,0,0
2025-09-27 18:41:11,961.82025,961,391458.15,3.209826566,3,0,0
2025-09-27 18:41:12,962.4875,962,391458.15,3.209826566,3,0,0
2025-09-27 18:41:12,962.4875,962,391458.15,3.209826566,3,0,0
2025-09-27 18:41:12,963.014853,963,391302.37,3.16875313,3,0,0
2025-09-27 18:41:12,963.014853,963,391458.15,3.209826566,3,0,0
2025-09-27 18:41:13,963.546031,963,391302.37,3.16875313,3,0,0
2025-09-27 18:41:13,963.546031,963,391302.37,3.16875313,3,0,0
2025-09-27 18:41:13,964.111924,964,391302.37,3.16875313,3,0,0
2025-09-27 18:41:13,964.111924,964,391302.37,3.16875313,3,0,0
2025-09-27 18:41:14,964.556639,964,391302.37,3.16875313,3,0,0
2025-09-27 18:41:14,964.556639,964,391302.37,3.16875313,3,0,0
2025-09-27 18:41:14,965.35568,965,391302.37,3.16875313,3,0,0
2025-09-27 18:41:14,965.356681,965,391302.37,3.16875313,3,0,0
2025-09-27 18:41:15,965.703747,965,391302.37,3.16875313,3,0,0
2025-09-27 18:41:15,965.704729,965,391302.37,3.16875313,3,0,0
2025-09-27 18:41:15,966.162069,966,391302.37,3.16875313,3,0,0
2025-09-27 18:41:15,966.16307,966,391302.37,3.16875313,3,0,0
2025-09-27 18:41:16,966.562683,966,391302.37,3.16875313,3,0,0
2025-09-27 18:41:16,966.562683,966,391302.37,3.16875313,3,0,0
2025-09-27 18:41:16,967.106185,967,390574.44,2.976832555,3,0,0
2025-09-27 18:41:16,967.106185,967,391302.37,3.16875313,3,0,0
2025-09-27 18:41:17,967.917272,967,390574.44,2.976832555,3,0,0
2025-09-27 18:41:17,967.918276,967,390609.86,2.986170514,3,0,0
2025-09-27 18:41:18,968.391282,968,390574.44,2.976832555,3,0,0
2025-09-27 18:41:18,968.392282,968,390609.86,2.986170514,3,0,0
2025-09-27 18:41:18,968.763661,968,390574.44,2.976832555,3,0,0
2025-09-27 18:41:18,968.763661,968,390609.86,2.986170514,3,0,0
2025-09-27 18:41:18,969.165542,969,390574.44,2.976832555,3,0,0
2025-09-27 18:41:18,969.165542,969,390609.86,2.986170514,3,0,0
2025-09-27 18:41:19,969.526635,969,390574.44,2.976832555,3,0,0
2025-09-27 18:41:19,969.526635,969,390609.86,2.986170514,3,0,0
2025-09-27 18:41:19,969.780763,969,390574.44,2.976832555,3,0,0
2025-09-27 18:41:19,969.780763,969,390580.04,2.978307837,3,0,0
2025-09-27 18:41:20,970.584108,970,390574.44,2.976832555,3,0,0
2025-09-27 18:41:20,970.584108,970,390574.44,2.976832555,3,0,0
2025-09-27 18:41:20,971.109731,971,390574.44,2.976832555,3,0,0
2025-09-27 18:41:20,971.109731,971,390574.44,2.976832555,3,0,0
2025-09-27 18:41:21,971.478721,971,390574.44,2.976832555,3,0,0
2025-09-27 18:41:21,971.479625,971,390574.44,2.976832555,3,0,0
2025-09-27 18:41:21,972.29905,972,390574.44,2.976832555,3,0,0
2025-09-27 18:41:21,972.29905,972,390574.44,2.976832555,3,0,0
2025-09-27 18:41:22,972.7088,972,390574.44,2.976832555,3,0,0
2025-09-27 18:41:22,972.7088,972,390574.44,2.976832555,3,0,0
2025-09-27 18:41:22,973.359039,973,390554.94,2.971690644,3,0,0
2025-09-27 18:41:22,973.360039,973,390574.44,2.976832555,3,0,0
2025-09-27 18:41:23,973.941095,973,390554.94,2.971690644,3,0,0
2025-09-27 18:41:23,973.941969,973,390574.44,2.976832555,3,0,0
2025-09-27 18:41:24,974.448975,974,390554.94,2.971690644,3,0,0
2025-09-27 18:41:24,974.448975,974,390574.44,2.976832555,3,0,0
2025-09-27 18:41:24,974.964681,974,390273.59,2.897509756,3,0,0
2025-09-27 18:41:24,974.964681,974,390554.94,2.971690644,3,0,0
2025-09-27 18:41:25,975.526039,975,390273.59,2.897509756,3,0,0
2025-09-27 18:41:25,975.527039,975,390305.85,2.906016014,3,0,0
2025-09-27 18:41:25,976.302287,976,390229.59,2.885911057,3,0,0
2025-09-27 18:41:25,976.302287,976,390273.59,2.897509756,3,0,0
2025-09-27 18:41:26,976.757027,976,390229.59,2.885911057,3,0,0
2025-09-27 18:41:26,976.757027,976,390273.59,2.897509756,3,0,0
2025-09-27 18:41:27,978.14476,978,390229.59,2.885911057,3,0,0
2025-09-27 18:41:27,978.145764,978,390241.38,2.889019104,3,0,0
2025-09-27 18:41:28,978.684223,978,390229.59,2.885911057,3,0,0
2025-09-27 18:41:28,978.684223,978,390241.38,2.889019104,3,0,0
2025-09-27 18:41:28,979.206407,979,390229.59,2.885911057,3,0,0
2025-09-27 18:41:28,979.20741,979,390241.38,2.889019104,3,0,0
2025-09-27 18:41:29,979.813369,979,390229.59,2.885911057,3,0,0
2025-09-27 18:41:29,979.813369,979,390241.38,2.889019104,3,0,0
2025-09-27 18:41:29,980.225061,980,390229.59,2.885911057,3,0,0
2025-09-27 18:41:29,980.225061,980,390241.38,2.889019104,3,0,0
2025-09-27 18:41:30,980.689163,980,390229.59,2.885911057,3,0,0
2025-09-27 18:41:30,980.689163,980,390241.38,2.889019104,3,0,0
2025-09-27 18:41:30,981.234211,981,390229.59,2.885911057,3,0,0
2025-09-27 18:41:30,981.235197,981,390241.38,2.889019104,3,0,0
2025-09-27 18:41:31,982.008873,982,390229.59,2.885911057,3,0,0
2025-09-27 18:41:31,982.008873,982,390229.59,2.885911057,3,0,0
2025-09-27 18:41:32,982.480845,982,390229.59,2.885911057,3,0,0
2025-09-27 18:41:32,982.480845,982,390229.59,2.885911057,3,0,0
2025-09-27 18:41:32,983.023951,983,390229.59,2.885911057,3,0,0
2025-09-27 18:41:32,983.024955,983,390229.59,2.885911057,3,0,0
2025-09-27 18:41:33,983.81497,983,390229.59,2.885911057,3,0,0
2025-09-27 18:41:33,983.81497,983,390229.59,2.885911057,3,0,0
2025-09-27 18:41:34,984.495023,984,390229.59,2.885911057,3,0,0
2025-09-27 18:41:34,984.495023,984,390229.59,2.885911057,3,0,0
2025-09-27 18:41:34,985.026637,985,390229.59,2.885911057,3,0,0
2025-09-27 18:41:34,985.027637,985,390229.59,2.885911057,3,0,0
2025-09-27 18:41:35,985.586256,985,390229.59,2.885911057,3,0,0
2025-09-27 18:41:35,985.586256,985,390229.59,2.885911057,3,0,0
2025-09-27 18:41:35,986.063602,986,390229.59,2.885911057,3,0,0
2025-09-27 18:41:35,986.063602,986,390229.59,2.885911057,3,0,0
2025-09-27 18:41:35,986.345641,986,390229.59,2.885911057,3,0,0
2025-09-27 18:41:35,986.345641,986,390229.59,2.885911057,3,0,0
2025-09-27 18:41:36,986.68564,986,390229.59,2.885911057,3,0,0
2025-09-27 18:41:36,986.686643,986,390229.59,2.885911057,3,0,0
2025-09-27 18:41:37,987.622024,987,390063.01,2.841989879,3,0,0
2025-09-27 18:41:37,987.622024,987,390229.59,2.885911057,3,0,0
2025-09-27 18:41:37,988.028475,988,390063.01,2.841989879,3,0,0
2025-09-27 18:41:37,988.029478,988,390229.59,2.885911057,3,0,0
2025-09-27 18:41:38,988.840124,988,390063.01,2.841989879,3,0,0
2025-09-27 18:41:38,988.840124,988,390229.59,2.885911057,3,0,0
2025-09-27 18:41:38,989.299691,989,389956.57,2.81392676,3,0,0
2025-09-27 18:41:38,989.299691,989,390058.16,2.840711945,3,0,0
2025-09-27 18:41:39,989.696291,989,389956.57,2.81392676,3,0,0
2025-09-27 18:41:39,989.696291,989,390058.16,2.840711945,3,0,0
2025-09-27 18:41:39,990.216105,990,389956.57,2.81392676,3,0,0
2025-09-27 18:41:39,990.216105,990,390050.36,2.838654129,3,0,0
2025-09-27 18:41:40,990.677061,990,389956.57,2.81392676,3,0,0
2025-09-27 18:41:40,990.678015,990,390050.36,2.838654129,3,0,0
2025-09-27 18:41:40,990.993315,990,389930.63,2.807088311,3,0,0
2025-09-27 18:41:40,990.994227,990,389956.57,2.81392676,3,0,0
2025-09-27 18:41:41,991.434087,991,389930.63,2.807088311,3,0,0
2025-09-27 18:41:41,991.435081,991,389930.63,2.807088311,3,0,0
2025-09-27 18:41:41,991.77894,991,389930.63,2.807088311,3,0,0
2025-09-27 18:41:41,991.780051,991,389930.63,2.807088311,3,0,0
2025-09-27 18:41:41,992.1564,992,389930.63,2.807088311,3,0,0
2025-09-27 18:41:41,992.157402,992,389930.63,2.807088311,3,0,0
2025-09-27 18:41:42,992.522311,992,389930.63,2.807088311,3,0,0
2025-09-27 18:41:42,992.523313,992,389930.63,2.807088311,3,0,0
2025-09-27 18:41:42,992.917631,992,389930.63,2.807088311,3,0,0
2025-09-27 18:41:42,992.917631,992,389930.63,2.807088311,3,0,0
2025-09-27 18:41:43,993.492887,993,389930.63,2.807088311,3,0,0
2025-09-27 18:41:43,993.493884,993,389930.63,2.807088311,3,0,0
2025-09-27 18:41:43,993.784843,993,389910.16,2.801690099,3,0,0
2025-09-27 18:41:43,993.784843,993,389930.63,2.807088311,3,0,0
2025-09-27 18:41:44,994.514788,994,389910.16,2.801690099,3,0,0
2025-09-27 18:41:44,994.515793,994,389915.1,2.802992308,3,0,0
2025-09-27 18:41:45,995.532701,995,389910.16,2.801690099,3,0,0
2025-09-27 18:41:45,995.533583,995,389915.1,2.802992308,3,0,0
2025-09-27 18:41:45,995.974959,995,389910.16,2.801690099,3,0,0
2025-09-27 18:41:45,995.975944,995,389915.1,2.802992308,3,0,0
2025-09-27 18:41:46,996.409528,996,389910.16,2.801690099,3,0,0
2025-09-27 18:41:46,996.410432,996,389915.1,2.802992308,3,0,0
2025-09-27 18:41:46,996.683059,996,389910.16,2.801690099,3,0,0
2025-09-27 18:41:46,996.683059,996,389915.1,2.802992308,3,0,0
2025-09-27 18:41:47,997.41263,997,389910.16,2.801690099,3,0,0
2025-09-27 18:41:47,997.41263,997,389915.1,2.802992308,3,0,0
2025-09-27 18:41:47,998.084191,998,389910.16,2.801690099,3,0,0
2025-09-27 18:41:47,998.084191,998,389915.1,2.802992308,3,0,0
2025-09-27 18:41:48,998.542162,998,389910.16,2.801690099,3,0,0
2025-09-27 18:41:48,998.542162,998,389915.1,2.802992308,3,0,0
2025-09-27 18:41:48,999.024736,999,389910.16,2.801690099,3,0,0
2025-09-27 18:41:48,999.025723,999,389915.1,2.802992308,3,0,0
2025-09-27 18:41:49,999.495723,999,389910.16,2.801690099,3,0,0
2025-09-27 18:41:49,999.496723,999,389915.1,2.802992308,3,0,0
2025-09-27 18:41:49,1000.222819,1000,389910.16,2.801690099,3,0,0
2025-09-27 18:41:49,1000.223821,1000,389915.1,2.802992308,3,0,0
2025-09-27 18:41:50,1000.907507,1000,389910.16,2.801690099,3,0,0
2025-09-27 18:41:50,1000.908409,1000,389915.1,2.802992308,3,0,0
2025-09-27 18:41:51,1001.367237,1001,389910.16,2.801690099,3,0,0
2025-09-27 18:41:51,1001.367237,1001,389915.1,2.802992308,3,0,0
2025-09-27 18:41:51,1001.956026,1001,389910.16,2.801690099,3,0,0
2025-09-27 18:41:51,1001.957027,1001,389915.1,2.802992308,3,0,0
2025-09-27 18:41:51,1002.349202,1002,389910.16,2.801690099,3,0,0
2025-09-27 18:41:51,1002.350198,1002,389915.1,2.802992308,3,0,0
2025-09-27 18:41:52,1002.877095,1002,389910.16,2.801690099,3,0,0
2025-09-27 18:41:52,1002.877972,1002,389915.1,2.802992308,3,0,0
2025-09-27 18:41:52,1003.307198,1003,389910.16,2.801690099,3,0,0
2025-09-27 18:41:52,1003.307198,1003,389915.1,2.802992308,3,0,0
2025-09-27 18:41:53,1003.914016,1003,389905.31,2.800412165,3,0,0
2025-09-27 18:41:53,1003.914016,1003,389910.16,2.801690099,3,0,0
2025-09-27 18:41:53,1004.329236,1004,389905.31,2.800412165,3,0,0
2025-09-27 18:41:53,1004.330201,1004,389910.16,2.801690099,3,0,0
2025-09-27 18:41:54,1005.264274,1005,389905.31,2.800412165,3,0,0
2025-09-27 18:41:54,1005.265279,1005,389905.31,2.800412165,3,0,0
2025-09-27 18:41:55,1005.879141,1005,389905.31,2.800412165,3,0,0
2025-09-27 18:41:55,1005.880141,1005,389905.31,2.800412165,3,0,0
2025-09-27 18:41:55,1006.357723,1006,389905.31,2.800412165,3,0,0
2025-09-27 18:41:55,1006.357723,1006,389905.31,2.800412165,3,0,0
2025-09-27 18:41:56,1006.77016,1006,389905.31,2.800412165,3,0,0
2025-09-27 18:41:56,1006.771163,1006,389905.31,2.800412165,3,0,0
2025-09-27 18:41:56,1007.144235,1007,389905.31,2.800412165,3,0,0
2025-09-27 18:41:56,1007.14513,1007,389905.31,2.800412165,3,0,0
2025-09-27 18:41:57,1007.653316,1007,389905.31,2.800412165,3,0,0
2025-09-27 18:41:57,1007.653316,1007,389905.31,2.800412165,3,0,0
2025-09-27 18:41:57,1008.133032,1008,389905.31,2.800412165,3,0,0
2025-09-27 18:41:57,1008.133032,1008,389905.31,2.800412165,3,0,0
2025-09-27 18:41:58,1008.481998,1008,389905.31,2.800412165,3,0,0
2025-09-27 18:41:58,1008.483498,1008,389905.31,2.800412165,3,0,0
2025-09-27 18:41:58,1009.067152,1009,389905.31,2.800412165,3,0,0
2025-09-27 18:41:58,1009.067152,1009,389905.31,2.800412165,3,0,0
2025-09-27 18:41:59,1009.896878,1009,389893.18,2.797214464,3,0,0
2025-09-27 18:41:59,1009.896878,1009,389905.31,2.800412165,3,0,0
2025-09-27 18:41:59,1010.267201,1010,389893.18,2.797214464,3,0,0
2025-09-27 18:41:59,1010.2682,1010,389905.31,2.800412165,3,0,0
2025-09-27 18:42:00,1010.707781,1010,389893.18,2.797214464,3,0,0
2025-09-27 18:42:00,1010.707781,1010,389905.31,2.800412165,3,0,0
2025-09-27 18:42:01,1011.883218,1011,389893.18,2.797214464,3,0,0
2025-09-27 18:42:01,1011.883218,1011,389905.31,2.800412165,3,0,0
2025-09-27 18:42:02,1012.381198,1012,389893.18,2.797214464,3,0,0
2025-09-27 18:42:02,1012.382199,1012,389905.31,2.800412165,3,0,0
2025-09-27 18:42:02,1012.70498,1012,389893.18,2.797214464,3,0,0
2025-09-27 18:42:02,1012.705981,1012,389905.31,2.800412165,3,0,0
2025-09-27 18:42:03,1013.512455,1013,389893.18,2.797214464,3,0,0
2025-09-27 18:42:03,1013.513464,1013,389905.31,2.800412165,3,0,0
2025-09-27 18:42:03,1013.984724,1013,389893.18,2.797214464,3,0,0
2025-09-27 18:42:03,1013.985726,1013,389905.31,2.800412165,3,0,0
2025-09-27 18:42:04,1014.393669,1014,389893.18,2.797214464,3,0,0
2025-09-27 18:42:04,1014.393669,1014,389905.31,2.800412165,3,0,0
2025-09-27 18:42:04,1015.113704,1015,389893.18,2.797214464,3,0,0
2025-09-27 18:42:04,1015.114726,1015,389893.18,2.797214464,3,0,0
2025-09-27 18:42:05,1015.725435,1015,389893.18,2.797214464,3,0,0
2025-09-27 18:42:05,1015.726439,1015,389893.18,2.797214464,3,0,0
2025-09-27 18:42:06,1016.38515,1016,389893.18,2.797214464,3,0,0
2025-09-27 18:42:06,1016.386146,1016,389893.18,2.797214464,3,0,0
2025-09-27 18:42:06,1016.839762,1016,389893.18,2.797214464,3,0,0
2025-09-27 18:42:06,1016.839762,1016,389893.18,2.797214464,3,0,0
2025-09-27 18:42:07,1017.682208,1017,389893.18,2.797214464,3,0,0
2025-09-27 18:42:07,1017.682208,1017,389893.18,2.797214464,3,0,0
2025-09-27 18:42:07,1018.167815,1018,389893.18,2.797214464,3,0,0
2025-09-27 18:42:07,1018.16882,1018,389893.18,2.797214464,3,0,0
2025-09-27 18:42:08,1018.835092,1018,389893.18,2.797214464,3,0,0
2025-09-27 18:42:08,1018.836053,1018,389893.18,2.797214464,3,0,0
2025-09-27 18:42:09,1019.472501,1019,389893.18,2.797214464,3,0,0
2025-09-27 18:42:09,1019.472501,1019,389893.18,2.797214464,3,0,0
2025-09-27 18:42:09,1020.072374,1020,389893.18,2.797214464,3,0,0
2025-09-27 18:42:09,1020.073378,1020,389893.18,2.797214464,3,0,0
2025-09-27 18:42:10,1021.045191,1021,389893.18,2.797214464,3,0,0
2025-09-27 18:42:10,1021.046203,1021,389893.18,2.797214464,3,0,0
2025-09-27 18:42:11,1021.643114,1021,389893.18,2.797214464,3,0,0
2025-09-27 18:42:11,1021.643114,1021,389893.18,2.797214464,3,0,0
2025-09-27 18:42:11,1022.144516,1022,389893.18,2.797214464,3,0,0
2025-09-27 18:42:11,1022.144516,1022,389893.18,2.797214464,3,0,0
2025-09-27 18:42:12,1022.728129,1022,389893.18,2.797214464,3,0,0
2025-09-27 18:42:12,1022.728129,1022,389893.18,2.797214464,3,0,0
2025-09-27 18:42:12,1023.182817,1023,389893.18,2.797214464,3,0,0
2025-09-27 18:42:12,1023.182817,1023,389893.18,2.797214464,3,0,0
2025-09-27 18:42:13,1023.72569,1023,389893.18,2.797214464,3,0,0
2025-09-27 18:42:13,1023.72569,1023,389893.18,2.797214464,3,0,0
2025-09-27 18:42:13,1024.055051,1024,389893.18,2.797214464,3,0,0
2025-09-27 18:42:13,1024.055051,1024,389893.18,2.797214464,3,0,0
2025-09-27 18:42:14,1024.419302,1024,389893.18,2.797214464,3,0,0
2025-09-27 18:42:14,1024.420306,1024,389893.18,2.797214464,3,0,0
2025-09-27 18:42:14,1024.961284,1024,389893.18,2.797214464,3,0,0
2025-09-27 18:42:14,1024.962271,1024,389893.18,2.797214464,3,0,0
2025-09-27 18:42:15,1025.536907,1025,389893.18,2.797214464,3,0,0
2025-09-27 18:42:15,1025.536907,1025,389893.18,2.797214464,3,0,0
2025-09-27 18:42:15,1026.032778,1026,389893.18,2.797214464,3,0,0
2025-09-27 18:42:15,1026.032778,1026,389893.18,2.797214464,3,0,0
2025-09-27 18:42:16,1026.571409,1026,389893.18,2.797214464,3,0,0
2025-09-27 18:42:16,1026.571409,1026,389893.18,2.797214464,3,0,0
2025-09-27 18:42:16,1027.14452,1027,389893.18,2.797214464,3,0,0
2025-09-27 18:42:16,1027.14452,1027,389893.18,2.797214464,3,0,0
2025-09-27 18:42:17,1027.666638,1027,389893.18,2.797214464,3,0,0
2025-09-27 18:42:17,1027.666638,1027,389893.18,2.797214464,3,0,0
2025-09-27 18:42:17,1028.006434,1028,389893.18,2.797214464,3,0,0
2025-09-27 18:42:17,1028.007329,1028,389893.18,2.797214464,3,0,0
2025-09-27 18:42:18,1028.432817,1028,389893.18,2.797214464,3,0,0
2025-09-27 18:42:18,1028.433797,1028,389893.18,2.797214464,3,0,0
2025-09-27 18:42:18,1029.302196,1029,389893.18,2.797214464,3,0,0
2025-09-27 18:42:18,1029.302196,1029,389893.18,2.797214464,3,0,0
2025-09-27 18:42:19,1029.857796,1029,389893.18,2.797214464,3,0,0
2025-09-27 18:42:19,1029.857796,1029,389893.18,2.797214464,3,0,0
2025-09-27 18:42:20,1030.996063,1030,389893.18,2.797214464,3,0,0
2025-09-27 18:42:20,1030.997042,1030,389893.18,2.797214464,3,0,0
2025-09-27 18:42:21,1031.533874,1031,389893.18,2.797214464,3,0,0
2025-09-27 18:42:21,1031.533874,1031,389893.18,2.797214464,3,0,0
2025-09-27 18:42:21,1032.094197,1032,389893.18,2.797214464,3,0,0
2025-09-27 18:42:21,1032.094197,1032,389893.18,2.797214464,3,0,0
2025-09-27 18:42:22,1033.108844,1033,389893.18,2.797214464,3,0,0
2025-09-27 18:42:22,1033.108844,1033,389893.18,2.797214464,3,0,0
2025-09-27 18:42:23,1033.539424,1033,389893.18,2.797214464,3,0,0
2025-09-27 18:42:23,1033.539424,1033,389893.18,2.797214464,3,0,0
2025-09-27 18:42:23,1034.227706,1034,389893.18,2.797214464,3,0,0
2025-09-27 18:42:23,1034.228709,1034,389893.18,2.797214464,3,0,0
2025-09-27 18:42:24,1034.695971,1034,389893.18,2.797214464,3,0,0
2025-09-27 18:42:24,1034.695971,1034,389893.18,2.797214464,3,0,0
2025-09-27 18:42:24,1035.18453,1035,389893.18,2.797214464,3,0,0
2025-09-27 18:42:24,1035.18453,1035,389893.18,2.797214464,3,0,0
2025-09-27 18:42:25,1035.870081,1035,389893.18,2.797214464,3,0,0
2025-09-27 18:42:25,1035.871075,1035,389893.18,2.797214464,3,0,0
2025-09-27 18:42:26,1036.394607,1036,389893.18,2.797214464,3,0,0
2025-09-27 18:42:26,1036.394607,1036,389893.18,2.797214464,3,0,0
2025-09-27 18:42:27,1037.509556,1037,389893.18,2.797214464,3,0,0
2025-09-27 18:42:27,1037.510557,1037,389893.18,2.797214464,3,0,0
2025-09-27 18:42:27,1037.941126,1037,389893.18,2.797214464,3,0,0
2025-09-27 18:42:27,1037.941126,1037,389893.18,2.797214464,3,0,0
2025-09-27 18:42:28,1038.470642,1038,389893.18,2.797214464,3,0,0
2025-09-27 18:42:28,1038.471638,1038,389893.18,2.797214464,3,0,0
2025-09-27 18:42:28,1038.806662,1038,389893.18,2.797214464,3,0,0
2025-09-27 18:42:28,1038.807648,1038,389893.18,2.797214464,3,0,0
2025-09-27 18:42:29,1039.553625,1039,389893.18,2.797214464,3,0,0
2025-09-27 18:42:29,1039.553625,1039,389893.18,2.797214464,3,0,0
2025-09-27 18:42:29,1040.058934,1040,389893.18,2.797214464,3,0,0
2025-09-27 18:42:29,1040.059938,1040,389893.18,2.797214464,3,0,0
2025-09-27 18:42:30,1041.110017,1041,389893.18,2.797214464,3,0,0
2025-09-27 18:42:30,1041.111026,1041,389893.18,2.797214464,3,0,0
2025-09-27 18:42:31,1041.682796,1041,389893.18,2.797214464,3,0,0
2025-09-27 18:42:31,1041.683949,1041,389893.18,2.797214464,3,0,0
2025-09-27 18:42:31,1042.146258,1042,389893.18,2.797214464,3,0,0
2025-09-27 18:42:31,1042.147259,1042,389893.18,2.797214464,3,0,0
2025-09-27 18:42:32,1042.756729,1042,389893.18,2.797214464,3,0,0
2025-09-27 18:42:32,1042.757729,1042,389893.18,2.797214464,3,0,0
2025-09-27 18:42:33,1043.459538,1043,389893.18,2.797214464,3,0,0
2025-09-27 18:42:33,1043.460434,1043,389893.18,2.797214464,3,0,0
2025-09-27 18:42:33,1043.957744,1043,389893.18,2.797214464,3,0,0
2025-09-27 18:42:33,1043.957744,1043,389893.18,2.797214464,3,0,0
2025-09-27 18:42:34,1044.409568,1044,389893.18,2.797214464,3,0,0
2025-09-27 18:42:34,1044.409568,1044,389893.18,2.797214464,3,0,0
2025-09-27 18:42:34,1044.739848,1044,389893.18,2.797214464,3,0,0
2025-09-27 18:42:34,1044.739848,1044,389893.18,2.797214464,3,0,0
2025-09-27 18:42:35,1045.440289,1045,389893.18,2.797214464,3,0,0
2025-09-27 18:42:35,1045.441271,1045,389893.18,2.797214464,3,0,0
2025-09-27 18:42:35,1046.079219,1046,389893.18,2.797214464,3,0,0
2025-09-27 18:42:35,1046.080221,1046,389893.18,2.797214464,3,0,0
2025-09-27 18:42:36,1046.513356,1046,389893.18,2.797214464,3,0,0
2025-09-27 18:42:36,1046.514356,1046,389893.18,2.797214464,3,0,0
2025-09-27 18:42:36,1046.922761,1046,389893.18,2.797214464,3,0,0
2025-09-27 18:42:36,1046.92377,1046,389893.18,2.797214464,3,0,0
2025-09-27 18:42:36,1047.273525,1047,389893.18,2.797214464,3,0,0
2025-09-27 18:42:36,1047.273525,1047,389893.18,2.797214464,3,0,0
2025-09-27 18:42:37,1047.842701,1047,389893.18,2.797214464,3,0,0
2025-09-27 18:42:37,1047.842701,1047,389893.18,2.797214464,3,0,0
2025-09-27 18:42:37,1048.303775,1048,389893.18,2.797214464,3,0,0
2025-09-27 18:42:37,1048.303775,1048,389893.18,2.797214464,3,0,0
2025-09-27 18:42:38,1048.793191,1048,389893.18,2.797214464,3,0,0
2025-09-27 18:42:38,1048.794191,1048,389893.18,2.797214464,3,0,0
2025-09-27 18:42:38,1049.280915,1049,389893.18,2.797214464,3,0,0
2025-09-27 18:42:38,1049.280915,1049,389893.18,2.797214464,3,0,0
2025-09-27 18:42:39,1049.816923,1049,389893.18,2.797214464,3,0,0
2025-09-27 18:42:39,1049.816923,1049,389893.18,2.797214464,3,0,0
2025-09-27 18:42:40,1050.393286,1050,389893.18,2.797214464,3,0,0
2025-09-27 18:42:40,1050.394288,1050,389893.18,2.797214464,3,0,0
2025-09-27 18:42:40,1050.860802,1050,389893.18,2.797214464,3,0,0
2025-09-27 18:42:40,1050.860802,1050,389893.18,2.797214464,3,0,0
2025-09-27 18:42:40,1051.249604,1051,389893.18,2.797214464,3,0,0
2025-09-27 18:42:40,1051.249604,1051,389893.18,2.797214464,3,0,0
2025-09-27 18:42:41,1051.807964,1051,389893.18,2.797214464,3,0,0
2025-09-27 18:42:41,1051.807964,1051,389893.18,2.797214464,3,0,0
2025-09-27 18:42:42,1052.43137,1052,389893.18,2.797214464,3,0,0
2025-09-27 18:42:42,1052.432372,1052,389893.18,2.797214464,3,0,0
2025-09-27 18:42:42,1052.976555,1052,389893.18,2.797214464,3,0,0
2025-09-27 18:42:42,1052.977543,1052,389893.18,2.797214464,3,0,0
2025-09-27 18:42:42,1053.304208,1053,389893.18,2.797214464,3,0,0
2025-09-27 18:42:42,1053.304208,1053,389893.18,2.797214464,3,0,0
2025-09-27 18:42:43,1054.183433,1054,389893.18,2.797214464,3,0,0
2025-09-27 18:42:43,1054.184443,1054,389893.18,2.797214464,3,0,0
2025-09-27 18:42:44,1054.4926,1054,389893.18,2.797214464,3,0,0
2025-09-27 18:42:44,1054.49357,1054,389893.18,2.797214464,3,0,0
2025-09-27 18:42:44,1054.824882,1054,389893.18,2.797214464,3,0,0
2025-09-27 18:42:44,1054.82588,1054,389893.18,2.797214464,3,0,0
2025-09-27 18:42:44,1055.283015,1055,389885.38,2.795156648,3,0,0
2025-09-27 18:42:44,1055.283015,1055,389893.18,2.797214464,3,0,0
2025-09-27 18:42:45,1055.709699,1055,389885.38,2.795156648,3,0,0
2025-09-27 18:42:45,1055.709699,1055,389893.18,2.797214464,3,0,0
2025-09-27 18:42:45,1056.196918,1056,389885.38,2.795156648,3,0,0
2025-09-27 18:42:45,1056.197863,1056,389893.18,2.797214464,3,0,0
2025-09-27 18:42:46,1056.748339,1056,389885.38,2.795156648,3,0,0
2025-09-27 18:42:46,1056.74934,1056,389893.18,2.797214464,3,0,0
2025-09-27 18:42:46,1057.081849,1057,389885.38,2.795156648,3,0,0
2025-09-27 18:42:46,1057.082846,1057,389893.18,2.797214464,3,0,0
2025-09-27 18:42:47,1057.455152,1057,389885.38,2.795156648,3,0,0
2025-09-27 18:42:47,1057.456086,1057,389893.18,2.797214464,3,0,0
2025-09-27 18:42:47,1058.157542,1058,389885.38,2.795156648,3,0,0
2025-09-27 18:42:47,1058.157542,1058,389893.18,2.797214464,3,0,0
2025-09-27 18:42:48,1058.531731,1058,389885.38,2.795156648,3,0,0
2025-09-27 18:42:48,1058.531731,1058,389885.38,2.795156648,3,0,0
2025-09-27 18:42:48,1058.982923,1058,389885.38,2.795156648,3,0,0
2025-09-27 18:42:48,1058.984237,1058,389885.38,2.795156648,3,0,0
2025-09-27 18:42:49,1059.476861,1059,389885.38,2.795156648,3,0,0
2025-09-27 18:42:49,1059.477857,1059,389885.38,2.795156648,3,0,0
2025-09-27 18:42:49,1059.917703,1059,389885.38,2.795156648,3,0,0
2025-09-27 18:42:49,1059.917703,1059,389885.38,2.795156648,3,0,0
2025-09-27 18:42:50,1060.457894,1060,389885.38,2.795156648,3,0,0
2025-09-27 18:42:50,1060.458802,1060,389885.38,2.795156648,3,0,0
2025-09-27 18:42:50,1060.834213,1060,389885.38,2.795156648,3,0,0
2025-09-27 18:42:50,1060.834213,1060,389885.38,2.795156648,3,0,0
2025-09-27 18:42:50,1061.297768,1061,389885.38,2.795156648,3,0,0
2025-09-27 18:42:50,1061.297768,1061,389885.38,2.795156648,3,0,0
2025-09-27 18:42:51,1061.708447,1061,389885.38,2.795156648,3,0,0
2025-09-27 18:42:51,1061.709381,1061,389885.38,2.795156648,3,0,0
2025-09-27 18:42:51,1062.265349,1062,389885.38,2.795156648,3,0,0
2025-09-27 18:42:51,1062.265349,1062,389885.38,2.795156648,3,0,0
2025-09-27 18:42:52,1062.669386,1062,389885.38,2.795156648,3,0,0
2025-09-27 18:42:52,1062.669386,1062,389885.38,2.795156648,3,0,0
2025-09-27 18:42:52,1062.962602,1062,389885.38,2.795156648,3,0,0
2025-09-27 18:42:52,1062.963604,1062,389885.38,2.795156648,3,0,0
2025-09-27 18:42:53,1063.401521,1063,389885.38,2.795156648,3,0,0
2025-09-27 18:42:53,1063.401521,1063,389885.38,2.795156648,3,0,0
2025-09-27 18:42:53,1063.801878,1063,389885.38,2.795156648,3,0,0
2025-09-27 18:42:53,1063.802866,1063,389885.38,2.795156648,3,0,0
2025-09-27 18:42:53,1064.349221,1064,389885.38,2.795156648,3,0,0
2025-09-27 18:42:53,1064.350222,1064,389885.38,2.795156648,3,0,0
2025-09-27 18:42:54,1065.000885,1065,389885.38,2.795156648,3,0,0
2025-09-27 18:42:54,1065.000885,1065,389885.38,2.795156648,3,0,0
2025-09-27 18:42:55,1065.532009,1065,389885.38,2.795156648,3,0,0
2025-09-27 18:42:55,1065.532009,1065,389885.38,2.795156648,3,0,0
2025-09-27 18:42:56,1066.694222,1066,389885.38,2.795156648,3,0,0
2025-09-27 18:42:56,1066.694222,1066,389885.38,2.795156648,3,0,0
2025-09-27 18:42:56,1067.199473,1067,389885.38,2.795156648,3,0,0
2025-09-27 18:42:56,1067.200476,1067,389885.38,2.795156648,3,0,0
2025-09-27 18:42:57,1067.71038,1067,389885.38,2.795156648,3,0,0
2025-09-27 18:42:57,1067.711387,1067,389885.38,2.795156648,3,0,0
2025-09-27 18:42:57,1068.239068,1068,389885.38,2.795156648,3,0,0
2025-09-27 18:42:57,1068.239068,1068,389885.38,2.795156648,3,0,0
2025-09-27 18:42:58,1068.910843,1068,389885.38,2.795156648,3,0,0
2025-09-27 18:42:58,1068.910843,1068,389885.38,2.795156648,3,0,0
2025-09-27 18:42:59,1070.016029,1070,389885.38,2.795156648,3,0,0
2025-09-27 18:42:59,1070.016029,1070,389885.38,2.795156648,3,0,0
2025-09-27 18:42:59,1070.356037,1070,389885.38,2.795156648,3,0,0
2025-09-27 18:42:59,1070.357037,1070,389885.38,2.795156648,3,0,0
2025-09-27 18:43:00,1070.85598,1070,389885.38,2.795156648,3,0,0
2025-09-27 18:43:00,1070.856991,1070,389885.38,2.795156648,3,0,0
2025-09-27 18:43:01,1071.840178,1071,389885.38,2.795156648,3,0,0
2025-09-27 18:43:01,1071.840178,1071,389885.38,2.795156648,3,0,0
2025-09-27 18:43:01,1072.263556,1072,389885.38,2.795156648,3,0,0
2025-09-27 18:43:01,1072.264671,1072,389885.38,2.795156648,3,0,0
2025-09-27 18:43:02,1072.820295,1072,389885.38,2.795156648,3,0,0
2025-09-27 18:43:02,1072.82119,1072,389885.38,2.795156648,3,0,0
2025-09-27 18:43:02,1073.148905,1073,389885.38,2.795156648,3,0,0
2025-09-27 18:43:02,1073.149901,1073,389885.38,2.795156648,3,0,0
2025-09-27 18:43:03,1073.774967,1073,389885.38,2.795156648,3,0,0
2025-09-27 18:43:03,1073.774967,1073,389885.38,2.795156648,3,0,0
2025-09-27 18:43:03,1074.135336,1074,389885.38,2.795156648,3,0,0
2025-09-27 18:43:03,1074.136459,1074,389885.38,2.795156648,3,0,0
2025-09-27 18:43:04,1074.753713,1074,389885.38,2.795156648,3,0,0
2025-09-27 18:43:04,1074.754593,1074,389885.38,2.795156648,3,0,0
2025-09-27 18:43:04,1075.238686,1075,389875.97,2.79267701,3,0,0
2025-09-27 18:43:04,1075.238686,1075,389885.38,2.795156648,3,0,0
2025-09-27 18:43:05,1075.782364,1075,389853.59,2.786776936,3,0,0
2025-09-27 18:43:05,1075.782364,1075,389875.97,2.79267701,3,0,0
2025-09-27 18:43:06,1076.501399,1076,389853.59,2.786776936,3,0,0
2025-09-27 18:43:06,1076.502402,1076,389853.59,2.786776936,3,0,0
2025-09-27 18:43:06,1076.993251,1076,389853.59,2.786776936,3,0,0
2025-09-27 18:43:06,1076.993251,1076,389853.59,2.786776936,3,0,0
2025-09-27 18:43:07,1077.98244,1077,389853.59,2.786776936,3,0,0
2025-09-27 18:43:07,1077.983441,1077,389853.59,2.786776936,3,0,0
2025-09-27 18:43:08,1078.633332,1078,389853.59,2.786776936,3,0,0
2025-09-27 18:43:08,1078.634307,1078,389853.59,2.786776936,3,0,0
2025-09-27 18:43:08,1079.092394,1079,389853.59,2.786776936,3,0,0
2025-09-27 18:43:08,1079.092394,1079,389853.59,2.786776936,3,0,0
2025-09-27 18:43:09,1080.168185,1080,389853.59,2.786776936,3,0,0
2025-09-27 18:43:09,1080.169185,1080,389853.59,2.786776936,3,0,0
2025-09-27 18:43:10,1080.540989,1080,389853.59,2.786776936,3,0,0
2025-09-27 18:43:10,1080.542007,1080,389853.59,2.786776936,3,0,0
2025-09-27 18:43:11,1081.375228,1081,389853.59,2.786776936,3,0,0
2025-09-27 18:43:11,1081.376229,1081,389853.59,2.786776936,3,0,0
2025-09-27 18:43:11,1081.849678,1081,389853.59,2.786776936,3,0,0
2025-09-27 18:43:11,1081.849678,1081,389853.59,2.786776936,3,0,0
2025-09-27 18:43:12,1082.432491,1082,389853.59,2.786776936,3,0,0
2025-09-27 18:43:12,1082.432491,1082,389853.59,2.786776936,3,0,0
2025-09-27 18:43:12,1083.087739,1083,389853.59,2.786776936,3,0,0
2025-09-27 18:43:12,1083.088743,1083,389853.59,2.786776936,3,0,0
2025-09-27 18:43:13,1083.603613,1083,389853.59,2.786776936,3,0,0
2025-09-27 18:43:13,1083.604607,1083,389853.59,2.786776936,3,0,0
2025-09-27 18:43:13,1084.125367,1084,389853.59,2.786776936,3,0,0
2025-09-27 18:43:13,1084.126381,1084,389853.59,2.786776936,3,0,0
2025-09-27 18:43:14,1084.615914,1084,389853.59,2.786776936,3,0,0
2025-09-27 18:43:14,1084.616918,1084,389853.59,2.786776936,3,0,0
2025-09-27 18:43:15,1086.118439,1086,389853.59,2.786776936,3,0,0
2025-09-27 18:43:15,1086.118439,1086,389853.59,2.786776936,3,0,0
2025-09-27 18:43:16,1086.717233,1086,389853.59,2.786776936,3,0,0
2025-09-27 18:43:16,1086.717233,1086,389853.59,2.786776936,3,0,0
2025-09-27 18:43:16,1087.35245,1087,389853.59,2.786776936,3,0,0
2025-09-27 18:43:16,1087.353435,1087,389853.59,2.786776936,3,0,0
2025-09-27 18:43:17,1087.829991,1087,389853.59,2.786776936,3,0,0
2025-09-27 18:43:17,1087.829991,1087,389853.59,2.786776936,3,0,0
2025-09-27 18:43:17,1088.308144,1088,389853.59,2.786776936,3,0,0
2025-09-27 18:43:17,1088.309136,1088,389853.59,2.786776936,3,0,0
2025-09-27 18:43:18,1088.781957,1088,389853.59,2.786776936,3,0,0
2025-09-27 18:43:18,1088.781957,1088,389853.59,2.786776936,3,0,0
2025-09-27 18:43:19,1089.541434,1089,389853.59,2.786776936,3,0,0
2025-09-27 18:43:19,1089.542439,1089,389853.59,2.786776936,3,0,0
2025-09-27 18:43:19,1090.201015,1090,389853.59,2.786776936,3,0,0
2025-09-27 18:43:19,1090.201015,1090,389853.59,2.786776936,3,0,0
2025-09-27 18:43:20,1090.846734,1090,389853.59,2.786776936,3,0,0
2025-09-27 18:43:20,1090.846734,1090,389853.59,2.786776936,3,0,0
2025-09-27 18:43:20,1091.296138,1091,389853.59,2.786776936,3,0,0
2025-09-27 18:43:20,1091.296138,1091,389853.59,2.786776936,3,0,0
2025-09-27 18:43:22,1093.318904,1093,389853.59,2.786776936,3,0,0
2025-09-27 18:43:22,1093.318904,1093,389853.59,2.786776936,3,0,0
2025-09-27 18:43:23,1094.010252,1094,389853.59,2.786776936,3,0,0
2025-09-27 18:43:23,1094.011256,1094,389853.59,2.786776936,3,0,0
2025-09-27 18:43:24,1094.552224,1094,389853.59,2.786776936,3,0,0
2025-09-27 18:43:24,1094.552224,1094,389853.59,2.786776936,3,0,0
2025-09-27 18:43:24,1095.034974,1095,389853.59,2.786776936,3,0,0
2025-09-27 18:43:24,1095.034974,1095,389853.59,2.786776936,3,0,0
2025-09-27 18:43:25,1095.402598,1095,389853.59,2.786776936,3,0,0
2025-09-27 18:43:25,1095.402598,1095,389853.59,2.786776936,3,0,0
2025-09-27 18:43:25,1095.753178,1095,389853.59,2.786776936,3,0,0
2025-09-27 18:43:25,1095.754396,1095,389853.59,2.786776936,3,0,0
2025-09-27 18:43:25,1096.104598,1096,389853.59,2.786776936,3,0,0
2025-09-27 18:43:25,1096.105582,1096,389853.59,2.786776936,3,0,0
2025-09-27 18:43:26,1097.128444,1097,389853.59,2.786776936,3,0,0
2025-09-27 18:43:26,1097.128444,1097,389853.59,2.786776936,3,0,0
2025-09-27 18:43:27,1097.662314,1097,389853.59,2.786776936,3,0,0
2025-09-27 18:43:27,1097.663316,1097,389853.59,2.786776936,3,0,0
2025-09-27 18:43:28,1098.477387,1098,389853.59,2.786776936,3,0,0
2025-09-27 18:43:28,1098.477387,1098,389853.59,2.786776936,3,0,0
2025-09-27 18:43:29,1099.897132,1099,389853.59,2.786776936,3,0,0
2025-09-27 18:43:29,1099.898135,1099,389853.59,2.786776936,3,0,0
2025-09-27 18:43:30,1100.524293,1100,389853.59,2.786776936,3,0,0
2025-09-27 18:43:30,1100.525278,1100,389853.59,2.786776936,3,0,0
2025-09-27 18:43:30,1101.036835,1101,389853.59,2.786776936,3,0,0
2025-09-27 18:43:30,1101.036835,1101,389853.59,2.786776936,3,0,0
2025-09-27 18:43:31,1101.645374,1101,389853.59,2.786776936,3,0,0
2025-09-27 18:43:31,1101.645374,1101,389853.59,2.786776936,3,0,0
2025-09-27 18:43:32,1102.806447,1102,389853.59,2.786776936,3,0,0
2025-09-27 18:43:32,1102.807455,1102,389853.59,2.786776936,3,0,0
2025-09-27 18:43:33,1103.386394,1103,389853.59,2.786776936,3,0,0
2025-09-27 18:43:33,1103.387396,1103,389853.59,2.786776936,3,0,0
2025-09-27 18:43:33,1103.978683,1103,389853.59,2.786776936,3,0,0
2025-09-27 18:43:33,1103.979669,1103,389853.59,2.786776936,3,0,0
2025-09-27 18:43:34,1104.687592,1104,389853.59,2.786776936,3,0,0
2025-09-27 18:43:34,1104.687592,1104,389853.59,2.786776936,3,0,0
2025-09-27 18:43:34,1105.12185,1105,389853.59,2.786776936,3,0,0
2025-09-27 18:43:34,1105.12185,1105,389853.59,2.786776936,3,0,0
2025-09-27 18:43:35,1105.742278,1105,389853.59,2.786776936,3,0,0
2025-09-27 18:43:35,1105.742278,1105,389853.59,2.786776936,3,0,0
2025-09-27 18:43:35,1106.276005,1106,389853.59,2.786776936,3,0,0
2025-09-27 18:43:35,1106.276005,1106,389853.59,2.786776936,3,0,0
2025-09-27 18:43:36,1106.840363,1106,389853.59,2.786776936,3,0,0
2025-09-27 18:43:36,1106.840363,1106,389853.59,2.786776936,3,0,0
2025-09-27 18:43:37,1107.649206,1107,389853.59,2.786776936,3,0,0
2025-09-27 18:43:37,1107.650208,1107,389853.59,2.786776936,3,0,0
2025-09-27 18:43:37,1108.111582,1108,389853.59,2.786776936,3,0,0
2025-09-27 18:43:37,1108.112585,1108,389853.59,2.786776936,3,0,0
2025-09-27 18:43:38,1108.83264,1108,389853.59,2.786776936,3,0,0
2025-09-27 18:43:38,1108.833649,1108,389853.59,2.786776936,3,0,0
2025-09-27 18:43:38,1109.298655,1109,389853.59,2.786776936,3,0,0
2025-09-27 18:43:38,1109.299654,1109,389853.59,2.786776936,3,0,0
2025-09-27 18:43:39,1109.704046,1109,389853.59,2.786776936,3,0,0
2025-09-27 18:43:39,1109.705047,1109,389853.59,2.786776936,3,0,0
2025-09-27 18:43:40,1110.391234,1110,389853.59,2.786776936,3,0,0
2025-09-27 18:43:40,1110.392244,1110,389853.59,2.786776936,3,0,0
2025-09-27 18:43:40,1110.866173,1110,389853.59,2.786776936,3,0,0
2025-09-27 18:43:40,1110.867169,1110,389853.59,2.786776936,3,0,0
2025-09-27 18:43:41,1111.449578,1111,389853.59,2.786776936,3,0,0
2025-09-27 18:43:41,1111.449578,1111,389853.59,2.786776936,3,0,0
2025-09-27 18:43:41,1111.959909,1111,389853.59,2.786776936,3,0,0
2025-09-27 18:43:41,1111.960905,1111,389853.59,2.786776936,3,0,0
2025-09-27 18:43:41,1112.319609,1112,389853.59,2.786776936,3,0,0
2025-09-27 18:43:41,1112.32061,1112,389853.59,2.786776936,3,0,0
2025-09-27 18:43:42,1112.940585,1112,389853.59,2.786776936,3,0,0
2025-09-27 18:43:42,1112.940585,1112,389853.59,2.786776936,3,0,0
2025-09-27 18:43:42,1113.318325,1113,389853.59,2.786776936,3,0,0
2025-09-27 18:43:42,1113.318325,1113,389853.59,2.786776936,3,0,0
2025-09-27 18:43:43,1113.798994,1113,389853.59,2.786776936,3,0,0
2025-09-27 18:43:43,1113.799996,1113,389853.59,2.786776936,3,0,0
2025-09-27 18:43:44,1114.438456,1114,389853.59,2.786776936,3,0,0
2025-09-27 18:43:44,1114.439597,1114,389853.59,2.786776936,3,0,0
2025-09-27 18:43:44,1114.898874,1114,389853.59,2.786776936,3,0,0
2025-09-27 18:43:44,1114.899869,1114,389853.59,2.786776936,3,0,0
2025-09-27 18:43:45,1115.455871,1115,389853.59,2.786776936,3,0,0
2025-09-27 18:43:45,1115.455871,1115,389853.59,2.786776936,3,0,0
2025-09-27 18:43:45,1115.808436,1115,389853.59,2.786776936,3,0,0
2025-09-27 18:43:45,1115.808436,1115,389853.59,2.786776936,3,0,0
2025-09-27 18:43:46,1116.438303,1116,389853.59,2.786776936,3,0,0
2025-09-27 18:43:46,1116.439303,1116,389853.59,2.786776936,3,0,0
2025-09-27 18:43:46,1117.026232,1117,389853.59,2.786776936,3,0,0
2025-09-27 18:43:46,1117.026232,1117,389853.59,2.786776936,3,0,0
2025-09-27 18:43:47,1117.465256,1117,389853.59,2.786776936,3,0,0
2025-09-27 18:43:47,1117.46628,1117,389853.59,2.786776936,3,0,0
2025-09-27 18:43:47,1117.864335,1117,389853.59,2.786776936,3,0,0
2025-09-27 18:43:47,1117.864335,1117,389853.59,2.786776936,3,0,0
2025-09-27 18:43:47,1118.294398,1118,389853.59,2.786776936,3,0,0
2025-09-27 18:43:47,1118.295402,1118,389853.59,2.786776936,3,0,0
2025-09-27 18:43:48,1119.020712,1119,389853.59,2.786776936,3,0,0
2025-09-27 18:43:48,1119.020712,1119,389853.59,2.786776936,3,0,0
2025-09-27 18:43:49,1119.393652,1119,389853.59,2.786776936,3,0,0
2025-09-27 18:43:49,1119.394652,1119,389853.59,2.786776936,3,0,0
2025-09-27 18:43:49,1120.049565,1120,389853.59,2.786776936,3,0,0
2025-09-27 18:43:49,1120.049565,1120,389853.59,2.786776936,3,0,0
2025-09-27 18:43:50,1120.559813,1120,389853.59,2.786776936,3,0,0
2025-09-27 18:43:50,1120.560715,1120,389853.59,2.786776936,3,0,0
2025-09-27 18:43:50,1120.971391,1120,389853.59,2.786776936,3,0,0
2025-09-27 18:43:50,1120.971391,1120,389853.59,2.786776936,3,0,0
2025-09-27 18:43:51,1121.653657,1121,389853.59,2.786776936,3,0,0
2025-09-27 18:43:51,1121.653657,1121,389853.59,2.786776936,3,0,0
2025-09-27 18:43:51,1122.106544,1122,389853.59,2.786776936,3,0,0
2025-09-27 18:43:51,1122.107544,1122,389853.59,2.786776936,3,0,0
2025-09-27 18:43:52,1122.454726,1122,389853.59,2.786776936,3,0,0
2025-09-27 18:43:52,1122.454726,1122,389853.59,2.786776936,3,0,0
2025-09-27 18:43:52,1122.888803,1122,389853.59,2.786776936,3,0,0
2025-09-27 18:43:52,1122.889797,1122,389853.59,2.786776936,3,0,0
2025-09-27 18:43:53,1123.388333,1123,389853.59,2.786776936,3,0,0
2025-09-27 18:43:53,1123.389251,1123,389853.59,2.786776936,3,0,0
2025-09-27 18:43:53,1123.733119,1123,389853.59,2.786776936,3,0,0
2025-09-27 18:43:53,1123.734104,1123,389853.59,2.786776936,3,0,0
2025-09-27 18:43:53,1124.221989,1124,389853.59,2.786776936,3,0,0
2025-09-27 18:43:53,1124.222992,1124,389853.59,2.786776936,3,0,0
2025-09-27 18:43:54,1124.656636,1124,389853.59,2.786776936,3,0,0
2025-09-27 18:43:54,1124.656636,1124,389853.59,2.786776936,3,0,0
2025-09-27 18:43:54,1125.145325,1125,389853.59,2.786776936,3,0,0
2025-09-27 18:43:54,1125.14634,1125,389853.59,2.786776936,3,0,0
2025-09-27 18:43:55,1125.596319,1125,389853.59,2.786776936,3,0,0
2025-09-27 18:43:55,1125.596319,1125,389853.59,2.786776936,3,0,0
2025-09-27 18:43:55,1126.331076,1126,389853.59,2.786776936,3,0,0
2025-09-27 18:43:55,1126.331076,1126,389853.59,2.786776936,3,0,0
2025-09-27 18:43:56,1127.016151,1127,389853.59,2.786776936,3,0,0
2025-09-27 18:43:56,1127.017151,1127,389853.59,2.786776936,3,0,0
2025-09-27 18:43:57,1127.499246,1127,389853.59,2.786776936,3,0,0
2025-09-27 18:43:57,1127.500247,1127,389853.59,2.786776936,3,0,0
2025-09-27 18:43:57,1128.065938,1128,389853.59,2.786776936,3,0,0
2025-09-27 18:43:57,1128.066932,1128,389853.59,2.786776936,3,0,0
2025-09-27 18:43:58,1128.749967,1128,389853.59,2.786776936,3,0,0
2025-09-27 18:43:58,1128.750937,1128,389853.59,2.786776936,3,0,0
2025-09-27 18:43:58,1129.350753,1129,389853.59,2.786776936,3,0,0
2025-09-27 18:43:58,1129.350753,1129,389853.59,2.786776936,3,0,0
2025-09-27 18:43:59,1130.335851,1130,389779.81,2.767324767,3,0,0
2025-09-27 18:43:59,1130.335851,1130,389853.59,2.786776936,3,0,0
2025-09-27 18:44:00,1130.712777,1130,389779.81,2.767324767,3,0,0
2025-09-27 18:44:00,1130.713772,1130,389779.81,2.767324767,3,0,0
2025-09-27 18:44:00,1131.241081,1131,389779.81,2.767324767,3,0,0
2025-09-27 18:44:00,1131.241081,1131,389779.81,2.767324767,3,0,0
2025-09-27 18:44:01,1131.719212,1131,389779.81,2.767324767,3,0,0
2025-09-27 18:44:01,1131.719212,1131,389779.81,2.767324767,3,0,0
2025-09-27 18:44:01,1132.280704,1132,389779.81,2.767324767,3,0,0
2025-09-27 18:44:01,1132.280704,1132,389779.81,2.767324767,3,0,0
2025-09-27 18:44:02,1132.721906,1132,389779.81,2.767324767,3,0,0
2025-09-27 18:44:02,1132.72291,1132,389779.81,2.767324767,3,0,0
2025-09-27 18:44:02,1133.322056,1133,389779.81,2.767324767,3,0,0
2025-09-27 18:44:02,1133.322056,1133,389779.81,2.767324767,3,0,0
2025-09-27 18:44:03,1134.009262,1134,389779.81,2.767324767,3,0,0
2025-09-27 18:44:03,1134.010248,1134,389779.81,2.767324767,3,0,0
2025-09-27 18:44:04,1134.750319,1134,389779.81,2.767324767,3,0,0
2025-09-27 18:44:04,1134.751236,1134,389779.81,2.767324767,3,0,0
2025-09-27 18:44:04,1135.131064,1135,389779.81,2.767324767,3,0,0
2025-09-27 18:44:04,1135.132087,1135,389779.81,2.767324767,3,0,0
2025-09-27 18:44:05,1135.628704,1135,389779.81,2.767324767,3,0,0
2025-09-27 18:44:05,1135.629701,1135,389779.81,2.767324767,3,0,0
2025-09-27 18:44:05,1136.145999,1136,389779.81,2.767324767,3,0,0
2025-09-27 18:44:05,1136.145999,1136,389779.81,2.767324767,3,0,0
2025-09-27 18:44:06,1136.689443,1136,389779.81,2.767324767,3,0,0
2025-09-27 18:44:06,1136.689443,1136,389779.81,2.767324767,3,0,0
2025-09-27 18:44:06,1137.174607,1137,389779.81,2.767324767,3,0,0
2025-09-27 18:44:06,1137.175595,1137,389779.81,2.767324767,3,0,0
2025-09-27 18:44:07,1137.616682,1137,389779.81,2.767324767,3,0,0
2025-09-27 18:44:07,1137.616682,1137,389779.81,2.767324767,3,0,0
2025-09-27 18:44:07,1138.117694,1138,389779.81,2.767324767,3,0,0
2025-09-27 18:44:07,1138.118671,1138,389779.81,2.767324767,3,0,0
2025-09-27 18:44:08,1138.576871,1138,389779.81,2.767324767,3,0,0
2025-09-27 18:44:08,1138.576871,1138,389779.81,2.767324767,3,0,0
2025-09-27 18:44:08,1138.889994,1138,389779.81,2.767324767,3,0,0
2025-09-27 18:44:08,1138.89102,1138,389779.81,2.767324767,3,0,0
2025-09-27 18:44:08,1139.183504,1139,389779.81,2.767324767,3,0,0
2025-09-27 18:44:08,1139.184507,1139,389779.81,2.767324767,3,0,0
2025-09-27 18:44:09,1139.757254,1139,389779.81,2.767324767,3,0,0
2025-09-27 18:44:09,1139.758253,1139,389779.81,2.767324767,3,0,0
2025-09-27 18:44:09,1140.126355,1140,389779.81,2.767324767,3,0,0
2025-09-27 18:44:09,1140.127288,1140,389779.81,2.767324767,3,0,0
2025-09-27 18:44:10,1140.619012,1140,389779.81,2.767324767,3,0,0
2025-09-27 18:44:10,1140.620012,1140,389779.81,2.767324767,3,0,0
2025-09-27 18:44:10,1141.142797,1141,389779.81,2.767324767,3,0,0
2025-09-27 18:44:10,1141.142797,1141,389779.81,2.767324767,3,0,0
2025-09-27 18:44:11,1141.460863,1141,389779.81,2.767324767,3,0,0
2025-09-27 18:44:11,1141.460863,1141,389779.81,2.767324767,3,0,0
2025-09-27 18:44:11,1141.964035,1141,389779.81,2.767324767,3,0,0
2025-09-27 18:44:11,1141.965052,1141,389779.81,2.767324767,3,0,0
2025-09-27 18:44:11,1142.309458,1142,389779.81,2.767324767,3,0,0
2025-09-27 18:44:11,1142.309458,1142,389779.81,2.767324767,3,0,0
2025-09-27 18:44:12,1142.951457,1142,389779.81,2.767324767,3,0,0
2025-09-27 18:44:12,1142.951457,1142,389779.81,2.767324767,3,0,0
2025-09-27 18:44:13,1143.640788,1143,389779.81,2.767324767,3,0,0
2025-09-27 18:44:13,1143.640788,1143,389779.81,2.767324767,3,0,0
2025-09-27 18:44:13,1144.164233,1144,389779.81,2.767324767,3,0,0
2025-09-27 18:44:13,1144.164233,1144,389779.81,2.767324767,3,0,0
2025-09-27 18:44:14,1144.625864,1144,389779.81,2.767324767,3,0,0
2025-09-27 18:44:14,1144.626865,1144,389779.81,2.767324767,3,0,0
2025-09-27 18:44:14,1145.129512,1145,389779.81,2.767324767,3,0,0
2025-09-27 18:44:14,1145.130478,1145,389779.81,2.767324767,3,0,0
2025-09-27 18:44:15,1145.615637,1145,389779.81,2.767324767,3,0,0
2025-09-27 18:44:15,1145.615637,1145,389779.81,2.767324767,3,0,0
2025-09-27 18:44:15,1146.233124,1146,389779.81,2.767324767,3,0,0
2025-09-27 18:44:15,1146.233124,1146,389779.81,2.767324767,3,0,0
2025-09-27 18:44:16,1146.593179,1146,389779.81,2.767324767,3,0,0
2025-09-27 18:44:16,1146.593179,1146,389779.81,2.767324767,3,0,0
2025-09-27 18:44:16,1147.070162,1147,389779.81,2.767324767,3,0,0
2025-09-27 18:44:16,1147.071165,1147,389779.81,2.767324767,3,0,0
2025-09-27 18:44:17,1147.5171,1147,389779.81,2.767324767,3,0,0
2025-09-27 18:44:17,1147.5171,1147,389779.81,2.767324767,3,0,0
2025-09-27 18:44:17,1147.917376,1147,389779.81,2.767324767,3,0,0
2025-09-27 18:44:17,1147.917376,1147,389779.81,2.767324767,3,0,0
2025-09-27 18:44:18,1148.40351,1148,389779.81,2.767324767,3,0,0
2025-09-27 18:44:18,1148.40351,1148,389779.81,2.767324767,3,0,0
2025-09-27 18:44:18,1148.933515,1148,389779.81,2.767324767,3,0,0
2025-09-27 18:44:18,1148.934544,1148,389779.81,2.767324767,3,0,0
2025-09-27 18:44:19,1149.425958,1149,389779.81,2.767324767,3,0,0
2025-09-27 18:44:19,1149.425958,1149,389779.81,2.767324767,3,0,0
2025-09-27 18:44:19,1149.913625,1149,389779.81,2.767324767,3,0,0
2025-09-27 18:44:19,1149.914551,1149,389779.81,2.767324767,3,0,0
2025-09-27 18:44:19,1150.216735,1150,389779.81,2.767324767,3,0,0
2025-09-27 18:44:19,1150.216735,1150,389779.81,2.767324767,3,0,0
2025-09-27 18:44:20,1150.845675,1150,389779.81,2.767324767,3,0,0
2025-09-27 18:44:20,1150.846652,1150,389779.81,2.767324767,3,0,0
2025-09-27 18:44:20,1151.279799,1151,389779.81,2.767324767,3,0,0
2025-09-27 18:44:20,1151.279799,1151,389779.81,2.767324767,3,0,0
2025-09-27 18:44:21,1151.804841,1151,389779.81,2.767324767,3,0,0
2025-09-27 18:44:21,1151.805838,1151,389779.81,2.767324767,3,0,0
2025-09-27 18:44:22,1152.372016,1152,389779.81,2.767324767,3,0,0
2025-09-27 18:44:22,1152.372991,1152,389779.81,2.767324767,3,0,0
2025-09-27 18:44:23,1153.831968,1153,389779.81,2.767324767,3,0,0
2025-09-27 18:44:23,1153.831968,1153,389779.81,2.767324767,3,0,0
2025-09-27 18:44:24,1154.4122,1154,389779.81,2.767324767,3,0,0
2025-09-27 18:44:24,1154.413203,1154,389779.81,2.767324767,3,0,0
2025-09-27 18:44:24,1154.921595,1154,389779.81,2.767324767,3,0,0
2025-09-27 18:44:24,1154.921595,1154,389779.81,2.767324767,3,0,0
2025-09-27 18:44:25,1155.649342,1155,389779.81,2.767324767,3,0,0
2025-09-27 18:44:25,1155.649342,1155,389779.81,2.767324767,3,0,0
2025-09-27 18:44:25,1156.279717,1156,389779.81,2.767324767,3,0,0
2025-09-27 18:44:25,1156.279717,1156,389779.81,2.767324767,3,0,0
2025-09-27 18:44:26,1156.924106,1156,389779.81,2.767324767,3,0,0
2025-09-27 18:44:26,1156.925109,1156,389779.81,2.767324767,3,0,0
2025-09-27 18:44:27,1157.43197,1157,389779.81,2.767324767,3,0,0
2025-09-27 18:44:27,1157.43197,1157,389779.81,2.767324767,3,0,0
2025-09-27 18:44:27,1158.020774,1158,389779.81,2.767324767,3,0,0
2025-09-27 18:44:27,1158.020774,1158,389779.81,2.767324767,3,0,0
2025-09-27 18:44:28,1158.590921,1158,389779.81,2.767324767,3,0,0
2025-09-27 18:44:28,1158.591922,1158,389779.81,2.767324767,3,0,0
2025-09-27 18:44:28,1159.085187,1159,389779.81,2.767324767,3,0,0
2025-09-27 18:44:28,1159.085187,1159,389779.81,2.767324767,3,0,0
2025-09-27 18:44:29,1159.412932,1159,389779.81,2.767324767,3,0,0
2025-09-27 18:44:29,1159.413936,1159,389779.81,2.767324767,3,0,0
2025-09-27 18:44:30,1160.57832,1160,389779.81,2.767324767,3,0,0
2025-09-27 18:44:30,1160.57832,1160,389779.81,2.767324767,3,0,0
2025-09-27 18:44:30,1160.928295,1160,389779.81,2.767324767,3,0,0
2025-09-27 18:44:30,1160.928295,1160,389779.81,2.767324767,3,0,0
2025-09-27 18:44:31,1161.452924,1161,389779.81,2.767324767,3,0,0
2025-09-27 18:44:31,1161.452924,1161,389779.81,2.767324767,3,0,0
2025-09-27 18:44:31,1161.73249,1161,389779.81,2.767324767,3,0,0
2025-09-27 18:44:31,1161.73249,1161,389779.81,2.767324767,3,0,0
2025-09-27 18:44:31,1162.35467,1162,389779.81,2.767324767,3,0,0
2025-09-27 18:44:31,1162.35467,1162,389779.81,2.767324767,3,0,0
2025-09-27 18:44:32,1162.798412,1162,389779.81,2.767324767,3,0,0
2025-09-27 18:44:32,1162.799418,1162,389779.81,2.767324767,3,0,0
2025-09-27 18:44:32,1163.282981,1163,389779.81,2.767324767,3,0,0
2025-09-27 18:44:32,1163.283976,1163,389779.81,2.767324767,3,0,0
2025-09-27 18:44:33,1163.858463,1163,389779.81,2.767324767,3,0,0
2025-09-27 18:44:33,1163.858463,1163,389779.81,2.767324767,3,0,0
2025-09-27 18:44:33,1164.2186,1164,389779.81,2.767324767,3,0,0
2025-09-27 18:44:33,1164.2186,1164,389779.81,2.767324767,3,0,0
2025-09-27 18:44:34,1164.77964,1164,389779.81,2.767324767,3,0,0
2025-09-27 18:44:34,1164.77964,1164,389779.81,2.767324767,3,0,0
2025-09-27 18:44:34,1165.16468,1165,389779.81,2.767324767,3,0,0
2025-09-27 18:44:34,1165.165693,1165,389779.81,2.767324767,3,0,0
2025-09-27 18:44:35,1165.658462,1165,389779.81,2.767324767,3,0,0
2025-09-27 18:44:35,1165.659868,1165,389779.81,2.767324767,3,0,0
2025-09-27 18:44:36,1166.560503,1166,389779.81,2.767324767,3,0,0
2025-09-27 18:44:36,1166.561475,1166,389779.81,2.767324767,3,0,0
2025-09-27 18:44:36,1167.025547,1167,389779.81,2.767324767,3,0,0
2025-09-27 18:44:36,1167.025547,1167,389779.81,2.767324767,3,0,0
2025-09-27 18:44:36,1167.361507,1167,389779.81,2.767324767,3,0,0
2025-09-27 18:44:36,1167.361507,1167,389779.81,2.767324767,3,0,0
2025-09-27 18:44:37,1168.046294,1168,389779.81,2.767324767,3,0,0
2025-09-27 18:44:37,1168.047301,1168,389779.81,2.767324767,3,0,0
2025-09-27 18:44:38,1168.5251,1168,389779.81,2.767324767,3,0,0
2025-09-27 18:44:38,1168.526106,1168,389779.81,2.767324767,3,0,0
2025-09-27 18:44:38,1168.950851,1168,389779.81,2.767324767,3,0,0
2025-09-27 18:44:38,1168.950851,1168,389779.81,2.767324767,3,0,0
2025-09-27 18:44:39,1169.632971,1169,389779.81,2.767324767,3,0,0
2025-09-27 18:44:39,1169.634007,1169,389779.81,2.767324767,3,0,0
2025-09-27 18:44:40,1170.380653,1170,389779.81,2.767324767,3,0,0
2025-09-27 18:44:40,1170.381612,1170,389779.81,2.767324767,3,0,0
2025-09-27 18:44:40,1170.691528,1170,389779.81,2.767324767,3,0,0
2025-09-27 18:44:40,1170.692563,1170,389779.81,2.767324767,3,0,0
2025-09-27 18:44:41,1171.451979,1171,389779.81,2.767324767,3,0,0
2025-09-27 18:44:41,1171.451979,1171,389779.81,2.767324767,3,0,0
2025-09-27 18:44:41,1171.909274,1171,389779.81,2.767324767,3,0,0
2025-09-27 18:44:41,1171.910263,1171,389779.81,2.767324767,3,0,0
2025-09-27 18:44:42,1172.457372,1172,389779.81,2.767324767,3,0,0
2025-09-27 18:44:42,1172.458374,1172,389779.81,2.767324767,3,0,0
2025-09-27 18:44:42,1173.297822,1173,389779.81,2.767324767,3,0,0
2025-09-27 18:44:42,1173.298784,1173,389779.81,2.767324767,3,0,0
2025-09-27 18:44:43,1173.919534,1173,389779.81,2.767324767,3,0,0
2025-09-27 18:44:43,1173.920519,1173,389779.81,2.767324767,3,0,0
2025-09-27 18:44:43,1174.269632,1174,389779.81,2.767324767,3,0,0
2025-09-27 18:44:43,1174.269632,1174,389779.81,2.767324767,3,0,0
2025-09-27 18:44:44,1174.901632,1174,389779.81,2.767324767,3,0,0
2025-09-27 18:44:44,1174.901632,1174,389779.81,2.767324767,3,0,0
2025-09-27 18:44:45,1175.626199,1175,389779.81,2.767324767,3,0,0
2025-09-27 18:44:45,1175.626199,1175,389779.81,2.767324767,3,0,0
2025-09-27 18:44:45,1176.118855,1176,389779.81,2.767324767,3,0,0
2025-09-27 18:44:45,1176.119847,1176,389779.81,2.767324767,3,0,0
2025-09-27 18:44:46,1176.611102,1176,389779.81,2.767324767,3,0,0
2025-09-27 18:44:46,1176.612103,1176,389779.81,2.767324767,3,0,0
2025-09-27 18:44:46,1177.114609,1177,389779.81,2.767324767,3,0,0
2025-09-27 18:44:46,1177.114609,1177,389779.81,2.767324767,3,0,0
2025-09-27 18:44:47,1177.651473,1177,389779.81,2.767324767,3,0,0
2025-09-27 18:44:47,1177.652471,1177,389779.81,2.767324767,3,0,0
2025-09-27 18:44:47,1178.292672,1178,389779.81,2.767324767,3,0,0
2025-09-27 18:44:47,1178.293692,1178,389779.81,2.767324767,3,0,0
2025-09-27 18:44:48,1178.797717,1178,389779.81,2.767324767,3,0,0
2025-09-27 18:44:48,1178.797717,1178,389779.81,2.767324767,3,0,0
2025-09-27 18:44:48,1179.225852,1179,389779.81,2.767324767,3,0,0
2025-09-27 18:44:48,1179.226846,1179,389779.81,2.767324767,3,0,0
2025-09-27 18:44:49,1179.776221,1179,389779.81,2.767324767,3,0,0
2025-09-27 18:44:49,1179.776221,1179,389779.81,2.767324767,3,0,0
2025-09-27 18:44:49,1180.210438,1180,389779.81,2.767324767,3,0,0
2025-09-27 18:44:49,1180.210438,1180,389779.81,2.767324767,3,0,0
2025-09-27 18:44:50,1180.521123,1180,389779.81,2.767324767,3,0,0
2025-09-27 18:44:50,1180.521123,1180,389779.81,2.767324767,3,0,0
2025-09-27 18:44:50,1181.040175,1181,389779.81,2.767324767,3,0,0
2025-09-27 18:44:50,1181.041175,1181,389779.81,2.767324767,3,0,0
2025-09-27 18:44:51,1181.731537,1181,389779.81,2.767324767,3,0,0
2025-09-27 18:44:51,1181.731537,1181,389779.81,2.767324767,3,0,0
2025-09-27 18:44:51,1182.342473,1182,389779.81,2.767324767,3,0,0
2025-09-27 18:44:51,1182.343479,1182,389779.81,2.767324767,3,0,0
2025-09-27 18:44:52,1182.869637,1182,389779.81,2.767324767,3,0,0
2025-09-27 18:44:52,1182.869637,1182,389779.81,2.767324767,3,0,0
2025-09-27 18:44:53,1183.606035,1183,389779.81,2.767324767,3,0,0
2025-09-27 18:44:53,1183.606035,1183,389779.81,2.767324767,3,0,0
2025-09-27 18:44:53,1183.962833,1183,389779.81,2.767324767,3,0,0
2025-09-27 18:44:53,1183.963832,1183,389779.81,2.767324767,3,0,0
2025-09-27 18:44:53,1184.253944,1184,389779.81,2.767324767,3,0,0
2025-09-27 18:44:53,1184.253944,1184,389779.81,2.767324767,3,0,0
2025-09-27 18:44:54,1184.991581,1184,389779.81,2.767324767,3,0,0
2025-09-27 18:44:54,1184.992608,1184,389779.81,2.767324767,3,0,0
2025-09-27 18:44:55,1185.395948,1185,389779.81,2.767324767,3,0,0
2025-09-27 18:44:55,1185.395948,1185,389779.81,2.767324767,3,0,0
2025-09-27 18:44:55,1185.742927,1185,389779.81,2.767324767,3,0,0
2025-09-27 18:44:55,1185.742927,1185,389779.81,2.767324767,3,0,0
2025-09-27 18:44:55,1186.181218,1186,389779.81,2.767324767,3,0,0
2025-09-27 18:44:55,1186.18222,1186,389779.81,2.767324767,3,0,0
2025-09-27 18:44:56,1186.562796,1186,389779.81,2.767324767,3,0,0
2025-09-27 18:44:56,1186.562796,1186,389779.81,2.767324767,3,0,0
2025-09-27 18:44:56,1187.095503,1187,389779.81,2.767324767,3,0,0
2025-09-27 18:44:56,1187.095503,1187,389779.81,2.767324767,3,0,0
2025-09-27 18:44:57,1187.670797,1187,389779.81,2.767324767,3,0,0
2025-09-27 18:44:57,1187.670797,1187,389779.81,2.767324767,3,0,0
2025-09-27 18:44:57,1188.178635,1188,389779.81,2.767324767,3,0,0
2025-09-27 18:44:57,1188.179636,1188,389779.81,2.767324767,3,0,0
2025-09-27 18:44:58,1188.474499,1188,389779.81,2.767324767,3,0,0
2025-09-27 18:44:58,1188.475484,1188,389779.81,2.767324767,3,0,0
2025-09-27 18:44:58,1188.937315,1188,389779.81,2.767324767,3,0,0
2025-09-27 18:44:58,1188.938316,1188,389779.81,2.767324767,3,0,0
2025-09-27 18:44:58,1189.341588,1189,389779.81,2.767324767,3,0,0
2025-09-27 18:44:58,1189.341588,1189,389779.81,2.767324767,3,0,0
2025-09-27 18:44:59,1189.67839,1189,389779.81,2.767324767,3,0,0
2025-09-27 18:44:59,1189.6794,1189,389779.81,2.767324767,3,0,0
2025-09-27 18:44:59,1190.126887,1190,389779.81,2.767324767,3,0,0
2025-09-27 18:44:59,1190.126887,1190,389779.81,2.767324767,3,0,0
2025-09-27 18:45:00,1190.813059,1190,389779.81,2.767324767,3,0,0
2025-09-27 18:45:00,1190.814043,1190,389779.81,2.767324767,3,0,0
2025-09-27 18:45:01,1192.232253,1192,389779.81,2.767324767,3,0,0
2025-09-27 18:45:01,1192.233254,1192,389779.81,2.767324767,3,0,0
2025-09-27 18:45:02,1192.695304,1192,389779.81,2.767324767,3,0,0
2025-09-27 18:45:02,1192.696307,1192,389779.81,2.767324767,3,0,0
2025-09-27 18:45:02,1193.302581,1193,389779.81,2.767324767,3,0,0
2025-09-27 18:45:02,1193.303582,1193,389779.81,2.767324767,3,0,0
2025-09-27 18:45:03,1193.920009,1193,389779.81,2.767324767,3,0,0
2025-09-27 18:45:03,1193.921011,1193,389779.81,2.767324767,3,0,0
2025-09-27 18:45:04,1194.381832,1194,389761.06,2.76238014,3,0,0
2025-09-27 18:45:04,1194.381832,1194,389779.81,2.767324767,3,0,0
2025-09-27 18:45:04,1195.080737,1195,389761.06,2.76238014,3,0,0
2025-09-27 18:45:04,1195.080737,1195,389779.81,2.767324767,3,0,0
2025-09-27 18:45:05,1195.55699,1195,389761.06,2.76238014,3,0,0
2025-09-27 18:45:05,1195.55699,1195,389761.06,2.76238014,3,0,0
2025-09-27 18:45:05,1195.825839,1195,389761.06,2.76238014,3,0,0
2025-09-27 18:45:05,1195.826847,1195,389761.06,2.76238014,3,0,0
2025-09-27 18:45:05,1196.305396,1196,389761.06,2.76238014,3,0,0
2025-09-27 18:45:05,1196.305396,1196,389761.06,2.76238014,3,0,0
2025-09-27 18:45:06,1196.926871,1196,389761.06,2.76238014,3,0,0
2025-09-27 18:45:06,1196.927873,1196,389761.06,2.76238014,3,0,0
2025-09-27 18:45:06,1197.358655,1197,389761.06,2.76238014,3,0,0
2025-09-27 18:45:06,1197.358655,1197,389761.06,2.76238014,3,0,0
2025-09-27 18:45:07,1197.744221,1197,389761.06,2.76238014,3,0,0
2025-09-27 18:45:07,1197.745119,1197,389761.06,2.76238014,3,0,0
2025-09-27 18:45:08,1198.479132,1198,389761.06,2.76238014,3,0,0
2025-09-27 18:45:08,1198.479132,1198,389761.06,2.76238014,3,0,0
2025-09-27 18:45:08,1198.940477,1198,389761.06,2.76238014,3,0,0
2025-09-27 18:45:08,1198.940477,1198,389761.06,2.76238014,3,0,0
2025-09-27 18:45:09,1199.476098,1199,389761.06,2.76238014,3,0,0
2025-09-27 18:45:09,1199.477098,1199,389761.06,2.76238014,3,0,0
2025-09-27 18:45:09,1199.831211,1199,389761.06,2.76238014,3,0,0
2025-09-27 18:45:09,1199.831211,1199,389761.06,2.76238014,3,0,0
2025-09-27 18:45:10,1200.553786,1200,389761.06,2.76238014,3,0,0
2025-09-27 18:45:10,1200.554785,1200,389761.06,2.76238014,3,0,0
2025-09-27 18:45:10,1201.112476,1201,389761.06,2.76238014,3,0,0
2025-09-27 18:45:10,1201.112476,1201,389761.06,2.76238014,3,0,0
2025-09-27 18:45:11,1201.443636,1201,389761.06,2.76238014,3,0,0
2025-09-27 18:45:11,1201.443636,1201,389761.06,2.76238014,3,0,0
2025-09-27 18:45:11,1202.113942,1202,389761.06,2.76238014,3,0,0
2025-09-27 18:45:11,1202.114928,1202,389761.06,2.76238014,3,0,0
2025-09-27 18:45:12,1202.626833,1202,389761.06,2.76238014,3,0,0
2025-09-27 18:45:12,1202.626833,1202,389761.06,2.76238014,3,0,0
2025-09-27 18:45:12,1202.96308,1202,389761.06,2.76238014,3,0,0
2025-09-27 18:45:12,1202.96308,1202,389761.06,2.76238014,3,0,0
2025-09-27 18:45:13,1203.681535,1203,389761.06,2.76238014,3,0,0
2025-09-27 18:45:13,1203.681535,1203,389761.06,2.76238014,3,0,0
2025-09-27 18:45:13,1204.129017,1204,389761.06,2.76238014,3,0,0
2025-09-27 18:45:13,1204.130019,1204,389761.06,2.76238014,3,0,0
2025-09-27 18:45:14,1205.198278,1205,389761.06,2.76238014,3,0,0
2025-09-27 18:45:14,1205.199265,1205,389761.06,2.76238014,3,0,0
2025-09-27 18:45:15,1205.643769,1205,389761.06,2.76238014,3,0,0
2025-09-27 18:45:15,1205.643769,1205,389761.06,2.76238014,3,0,0
2025-09-27 18:45:15,1206.079307,1206,389761.06,2.76238014,3,0,0
2025-09-27 18:45:15,1206.079307,1206,389761.06,2.76238014,3,0,0
2025-09-27 18:45:16,1207.116976,1207,389761.06,2.76238014,3,0,0
2025-09-27 18:45:16,1207.116976,1207,389761.06,2.76238014,3,0,0
2025-09-27 18:45:17,1207.677868,1207,389761.06,2.76238014,3,0,0
2025-09-27 18:45:17,1207.678873,1207,389761.06,2.76238014,3,0,0
2025-09-27 18:45:17,1208.035612,1208,389761.06,2.76238014,3,0,0
2025-09-27 18:45:17,1208.035612,1208,389761.06,2.76238014,3,0,0
2025-09-27 18:45:18,1208.473661,1208,389761.06,2.76238014,3,0,0
2025-09-27 18:45:18,1208.474661,1208,389761.06,2.76238014,3,0,0
2025-09-27 18:45:18,1208.984878,1208,389761.06,2.76238014,3,0,0
2025-09-27 18:45:18,1208.984878,1208,389761.06,2.76238014,3,0,0
2025-09-27 18:45:18,1209.290577,1209,389761.06,2.76238014,3,0,0
2025-09-27 18:45:18,1209.291579,1209,389761.06,2.76238014,3,0,0
2025-09-27 18:45:19,1210.133123,1210,389761.06,2.76238014,3,0,0
2025-09-27 18:45:19,1210.133123,1210,389761.06,2.76238014,3,0,0
2025-09-27 18:45:20,1210.817752,1210,389761.06,2.76238014,3,0,0
2025-09-27 18:45:20,1210.817752,1210,389761.06,2.76238014,3,0,0
2025-09-27 18:45:20,1211.198118,1211,389761.06,2.76238014,3,0,0
2025-09-27 18:45:20,1211.199116,1211,389761.06,2.76238014,3,0,0
2025-09-27 18:45:21,1211.80009,1211,389761.06,2.76238014,3,0,0
2025-09-27 18:45:21,1211.800986,1211,389761.06,2.76238014,3,0,0
2025-09-27 18:45:21,1212.261206,1212,389761.06,2.76238014,3,0,0
2025-09-27 18:45:21,1212.262204,1212,389761.06,2.76238014,3,0,0
2025-09-27 18:45:22,1212.854767,1212,389761.06,2.76238014,3,0,0
2025-09-27 18:45:22,1212.854767,1212,389761.06,2.76238014,3,0,0
2025-09-27 18:45:22,1213.316879,1213,389761.06,2.76238014,3,0,0
2025-09-27 18:45:22,1213.316879,1213,389761.06,2.76238014,3,0,0
2025-09-27 18:45:23,1214.027325,1214,389761.06,2.76238014,3,0,0
2025-09-27 18:45:23,1214.028314,1214,389761.06,2.76238014,3,0,0
2025-09-27 18:45:24,1214.851991,1214,389761.06,2.76238014,3,0,0
2025-09-27 18:45:24,1214.852991,1214,389761.06,2.76238014,3,0,0
2025-09-27 18:45:25,1215.505536,1215,389761.06,2.76238014,3,0,0
2025-09-27 18:45:25,1215.505536,1215,389761.06,2.76238014,3,0,0
2025-09-27 18:45:25,1216.05547,1216,389761.06,2.76238014,3,0,0
2025-09-27 18:45:25,1216.05646,1216,389761.06,2.76238014,3,0,0
2025-09-27 18:45:26,1217.026722,1217,389761.06,2.76238014,3,0,0
2025-09-27 18:45:26,1217.027717,1217,389761.06,2.76238014,3,0,0
2025-09-27 18:45:27,1218.070375,1218,389761.06,2.76238014,3,0,0
2025-09-27 18:45:27,1218.071314,1218,389761.06,2.76238014,3,0,0
2025-09-27 18:45:28,1218.647639,1218,389761.06,2.76238014,3,0,0
2025-09-27 18:45:28,1218.647639,1218,389761.06,2.76238014,3,0,0
2025-09-27 18:45:29,1219.416484,1219,389761.06,2.76238014,3,0,0
2025-09-27 18:45:29,1219.416484,1219,389761.06,2.76238014,3,0,0
2025-09-27 18:45:29,1219.791022,1219,389761.06,2.76238014,3,0,0
2025-09-27 18:45:29,1219.791022,1219,389761.06,2.76238014,3,0,0
2025-09-27 18:45:29,1220.220436,1220,389761.06,2.76238014,3,0,0
2025-09-27 18:45:29,1220.220436,1220,389761.06,2.76238014,3,0,0
2025-09-27 18:45:30,1220.866964,1220,389761.06,2.76238014,3,0,0
2025-09-27 18:45:30,1220.86797,1220,389761.06,2.76238014,3,0,0
2025-09-27 18:45:31,1221.584714,1221,389761.06,2.76238014,3,0,0
2025-09-27 18:45:31,1221.584714,1221,389761.06,2.76238014,3,0,0
2025-09-27 18:45:31,1222.052818,1222,389761.06,2.76238014,3,0,0
2025-09-27 18:45:31,1222.052818,1222,389761.06,2.76238014,3,0,0
2025-09-27 18:45:32,1222.531044,1222,389761.06,2.76238014,3,0,0
2025-09-27 18:45:32,1222.532049,1222,389761.06,2.76238014,3,0,0
2025-09-27 18:45:32,1223.026576,1223,389761.06,2.76238014,3,0,0
2025-09-27 18:45:32,1223.026576,1223,389761.06,2.76238014,3,0,0
2025-09-27 18:45:33,1223.723708,1223,389761.06,2.76238014,3,0,0
2025-09-27 18:45:33,1223.724711,1223,389761.06,2.76238014,3,0,0
2025-09-27 18:45:33,1224.349125,1224,389761.06,2.76238014,3,0,0
2025-09-27 18:45:33,1224.350128,1224,389761.06,2.76238014,3,0,0
2025-09-27 18:45:34,1224.760521,1224,389761.06,2.76238014,3,0,0
2025-09-27 18:45:34,1224.761524,1224,389761.06,2.76238014,3,0,0
2025-09-27 18:45:35,1225.411784,1225,389761.06,2.76238014,3,0,0
2025-09-27 18:45:35,1225.411784,1225,389761.06,2.76238014,3,0,0
2025-09-27 18:45:35,1225.878707,1225,389761.06,2.76238014,3,0,0
2025-09-27 18:45:35,1225.878707,1225,389761.06,2.76238014,3,0,0
2025-09-27 18:45:35,1226.299751,1226,389761.06,2.76238014,3,0,0
2025-09-27 18:45:35,1226.300758,1226,389761.06,2.76238014,3,0,0
2025-09-27 18:45:36,1226.84517,1226,389761.06,2.76238014,3,0,0
2025-09-27 18:45:36,1226.846181,1226,389761.06,2.76238014,3,0,0
2025-09-27 18:45:36,1227.295953,1227,389761.06,2.76238014,3,0,0
2025-09-27 18:45:36,1227.296953,1227,389761.06,2.76238014,3,0,0
2025-09-27 18:45:37,1227.631986,1227,389761.06,2.76238014,3,0,0
2025-09-27 18:45:37,1227.633088,1227,389761.06,2.76238014,3,0,0
2025-09-27 18:45:37,1228.334492,1228,389761.06,2.76238014,3,0,0
2025-09-27 18:45:37,1228.335494,1228,389761.06,2.76238014,3,0,0
2025-09-27 18:45:38,1229.280272,1229,389761.06,2.76238014,3,0,0
2025-09-27 18:45:38,1229.280272,1229,389761.06,2.76238014,3,0,0
2025-09-27 18:45:39,1230.078153,1230,389761.06,2.76238014,3,0,0
2025-09-27 18:45:39,1230.079046,1230,389761.06,2.76238014,3,0,0
2025-09-27 18:45:40,1230.699078,1230,389761.06,2.76238014,3,0,0
2025-09-27 18:45:40,1230.70018,1230,389761.06,2.76238014,3,0,0
2025-09-27 18:45:40,1231.307631,1231,389761.06,2.76238014,3,0,0
2025-09-27 18:45:40,1231.307631,1231,389761.06,2.76238014,3,0,0
2025-09-27 18:45:41,1231.697218,1231,389761.06,2.76238014,3,0,0
2025-09-27 18:45:41,1231.698218,1231,389761.06,2.76238014,3,0,0
2025-09-27 18:45:41,1232.311854,1232,389761.06,2.76238014,3,0,0
2025-09-27 18:45:41,1232.312856,1232,389761.06,2.76238014,3,0,0
2025-09-27 18:45:42,1232.788237,1232,389761.06,2.76238014,3,0,0
2025-09-27 18:45:42,1232.788237,1232,389761.06,2.76238014,3,0,0
2025-09-27 18:45:43,1233.464684,1233,389761.06,2.76238014,3,0,0
2025-09-27 18:45:43,1233.464684,1233,389761.06,2.76238014,3,0,0
2025-09-27 18:45:43,1233.791152,1233,389761.06,2.76238014,3,0,0
2025-09-27 18:45:43,1233.792149,1233,389761.06,2.76238014,3,0,0
2025-09-27 18:45:44,1234.382721,1234,389761.06,2.76238014,3,0,0
2025-09-27 18:45:44,1234.382721,1234,389761.06,2.76238014,3,0,0
2025-09-27 18:45:44,1234.819935,1234,389761.06,2.76238014,3,0,0
2025-09-27 18:45:44,1234.820919,1234,389761.06,2.76238014,3,0,0
2025-09-27 18:45:45,1235.78231,1235,389761.06,2.76238014,3,0,0
2025-09-27 18:45:45,1235.783293,1235,389761.06,2.76238014,3,0,0
2025-09-27 18:45:45,1236.302324,1236,389761.06,2.76238014,3,0,0
2025-09-27 18:45:45,1236.303327,1236,389761.06,2.76238014,3,0,0
2025-09-27 18:45:46,1237.082029,1237,389761.06,2.76238014,3,0,0
2025-09-27 18:45:46,1237.083031,1237,389761.06,2.76238014,3,0,0
2025-09-27 18:45:47,1237.61546,1237,389761.06,2.76238014,3,0,0
2025-09-27 18:45:47,1237.616472,1237,389761.06,2.76238014,3,0,0
2025-09-27 18:45:47,1238.294636,1238,389761.06,2.76238014,3,0,0
2025-09-27 18:45:47,1238.294636,1238,389761.06,2.76238014,3,0,0
2025-09-27 18:45:48,1238.762215,1238,389761.06,2.76238014,3,0,0
2025-09-27 18:45:48,1238.763218,1238,389761.06,2.76238014,3,0,0
2025-09-27 18:45:48,1239.14654,1239,389761.06,2.76238014,3,0,0
2025-09-27 18:45:48,1239.14654,1239,389761.06,2.76238014,3,0,0
2025-09-27 18:45:49,1239.526975,1239,389761.06,2.76238014,3,0,0
2025-09-27 18:45:49,1239.526975,1239,389761.06,2.76238014,3,0,0
2025-09-27 18:45:49,1239.948121,1239,389761.06,2.76238014,3,0,0
2025-09-27 18:45:49,1239.949131,1239,389761.06,2.76238014,3,0,0
2025-09-27 18:45:49,1240.353381,1240,389761.06,2.76238014,3,0,0
2025-09-27 18:45:49,1240.353381,1240,389761.06,2.76238014,3,0,0
2025-09-27 18:45:50,1240.976614,1240,389761.06,2.76238014,3,0,0
2025-09-27 18:45:50,1240.977599,1240,389761.06,2.76238014,3,0,0
2025-09-27 18:45:51,1241.575352,1241,389761.06,2.76238014,3,0,0
2025-09-27 18:45:51,1241.57636,1241,389761.06,2.76238014,3,0,0
2025-09-27 18:45:51,1241.999886,1241,389761.06,2.76238014,3,0,0
2025-09-27 18:45:51,1241.999886,1241,389761.06,2.76238014,3,0,0
2025-09-27 18:45:52,1242.606983,1242,389761.06,2.76238014,3,0,0
2025-09-27 18:45:52,1242.607989,1242,389761.06,2.76238014,3,0,0
2025-09-27 18:45:52,1243.126352,1243,389761.06,2.76238014,3,0,0
2025-09-27 18:45:52,1243.126352,1243,389761.06,2.76238014,3,0,0
2025-09-27 18:45:53,1243.559134,1243,389761.06,2.76238014,3,0,0
2025-09-27 18:45:53,1243.560135,1243,389761.06,2.76238014,3,0,0
2025-09-27 18:45:53,1244.200518,1244,389761.06,2.76238014,3,0,0
2025-09-27 18:45:53,1244.201523,1244,389761.06,2.76238014,3,0,0
2025-09-27 18:45:54,1244.793898,1244,389761.06,2.76238014,3,0,0
2025-09-27 18:45:54,1244.794898,1244,389761.06,2.76238014,3,0,0
2025-09-27 18:45:55,1245.556862,1245,389761.06,2.76238014,3,0,0
2025-09-27 18:45:55,1245.556862,1245,389761.06,2.76238014,3,0,0
2025-09-27 18:45:55,1246.119581,1246,389761.06,2.76238014,3,0,0
2025-09-27 18:45:55,1246.119581,1246,389761.06,2.76238014,3,0,0
2025-09-27 18:45:56,1246.792999,1246,389761.06,2.76238014,3,0,0
2025-09-27 18:45:56,1246.792999,1246,389761.06,2.76238014,3,0,0
2025-09-27 18:45:57,1247.430629,1247,389761.06,2.76238014,3,0,0
2025-09-27 18:45:57,1247.430629,1247,389761.06,2.76238014,3,0,0
2025-09-27 18:45:57,1247.806763,1247,389761.06,2.76238014,3,0,0
2025-09-27 18:45:57,1247.807769,1247,389761.06,2.76238014,3,0,0
2025-09-27 18:45:58,1248.49297,1248,389761.06,2.76238014,3,0,0
2025-09-27 18:45:58,1248.49297,1248,389761.06,2.76238014,3,0,0
2025-09-27 18:45:58,1248.792676,1248,389761.06,2.76238014,3,0,0
2025-09-27 18:45:58,1248.792676,1248,389761.06,2.76238014,3,0,0
2025-09-27 18:45:58,1249.247263,1249,389761.06,2.76238014,3,0,0
2025-09-27 18:45:58,1249.247263,1249,389761.06,2.76238014,3,0,0
2025-09-27 18:45:59,1249.782028,1249,389761.06,2.76238014,3,0,0
2025-09-27 18:45:59,1249.782028,1249,389761.06,2.76238014,3,0,0
2025-09-27 18:45:59,1250.240393,1250,389761.06,2.76238014,3,0,0
2025-09-27 18:45:59,1250.241397,1250,389761.06,2.76238014,3,0,0
2025-09-27 18:46:00,1250.51517,1250,389761.06,2.76238014,3,0,0
2025-09-27 18:46:00,1250.516172,1250,389761.06,2.76238014,3,0,0
2025-09-27 18:46:00,1250.868602,1250,389761.06,2.76238014,3,0,0
2025-09-27 18:46:00,1250.869603,1250,389761.06,2.76238014,3,0,0
2025-09-27 18:46:00,1251.235302,1251,389761.06,2.76238014,3,0,0
2025-09-27 18:46:00,1251.235302,1251,389761.06,2.76238014,3,0,0
2025-09-27 18:46:01,1251.899689,1251,389761.06,2.76238014,3,0,0
2025-09-27 18:46:01,1251.90068,1251,389761.06,2.76238014,3,0,0
2025-09-27 18:46:02,1252.425704,1252,389761.06,2.76238014,3,0,0
2025-09-27 18:46:02,1252.426709,1252,389761.06,2.76238014,3,0,0
2025-09-27 18:46:02,1252.710171,1252,389761.06,2.76238014,3,0,0
2025-09-27 18:46:02,1252.711033,1252,389761.06,2.76238014,3,0,0
2025-09-27 18:46:02,1253.250004,1253,389761.06,2.76238014,3,0,0
2025-09-27 18:46:02,1253.251034,1253,389761.06,2.76238014,3,0,0
2025-09-27 18:46:03,1253.727338,1253,389761.06,2.76238014,3,0,0
2025-09-27 18:46:03,1253.727338,1253,389761.06,2.76238014,3,0,0
2025-09-27 18:46:03,1254.265982,1254,389761.06,2.76238014,3,0,0
2025-09-27 18:46:03,1254.266974,1254,389761.06,2.76238014,3,0,0
2025-09-27 18:46:04,1254.620933,1254,389761.06,2.76238014,3,0,0
2025-09-27 18:46:04,1254.621971,1254,389761.06,2.76238014,3,0,0
2025-09-27 18:46:04,1255.115187,1255,389761.06,2.76238014,3,0,0
2025-09-27 18:46:04,1255.116221,1255,389761.06,2.76238014,3,0,0
2025-09-27 18:46:05,1255.55699,1255,389761.06,2.76238014,3,0,0
2025-09-27 18:46:05,1255.55699,1255,389761.06,2.76238014,3,0,0
2025-09-27 18:46:06,1256.419885,1256,389761.06,2.76238014,3,0,0
2025-09-27 18:46:06,1256.419885,1256,389761.06,2.76238014,3,0,0
2025-09-27 18:46:06,1256.824951,1256,389761.06,2.76238014,3,0,0
2025-09-27 18:46:06,1256.824951,1256,389761.06,2.76238014,3,0,0
2025-09-27 18:46:06,1257.166087,1257,389761.06,2.76238014,3,0,0
2025-09-27 18:46:06,1257.1671,1257,389761.06,2.76238014,3,0,0
2025-09-27 18:46:07,1257.538495,1257,389761.06,2.76238014,3,0,0
2025-09-27 18:46:07,1257.539496,1257,389761.06,2.76238014,3,0,0
2025-09-27 18:46:07,1258.088453,1258,389761.06,2.76238014,3,0,0
2025-09-27 18:46:07,1258.088453,1258,389761.06,2.76238014,3,0,0
2025-09-27 18:46:08,1258.568365,1258,389761.06,2.76238014,3,0,0
2025-09-27 18:46:08,1258.568365,1258,389761.06,2.76238014,3,0,0
2025-09-27 18:46:08,1259.134622,1259,389761.06,2.76238014,3,0,0
2025-09-27 18:46:08,1259.135609,1259,389761.06,2.76238014,3,0,0
2025-09-27 18:46:09,1259.395259,1259,389761.06,2.76238014,3,0,0
2025-09-27 18:46:09,1259.396273,1259,389761.06,2.76238014,3,0,0
2025-09-27 18:46:09,1259.986922,1259,389761.06,2.76238014,3,0,0
2025-09-27 18:46:09,1259.987925,1259,389761.06,2.76238014,3,0,0
2025-09-27 18:46:10,1260.390666,1260,389761.06,2.76238014,3,0,0
2025-09-27 18:46:10,1260.390666,1260,389761.06,2.76238014,3,0,0
2025-09-27 18:46:10,1260.745897,1260,389761.06,2.76238014,3,0,0
2025-09-27 18:46:10,1260.745897,1260,389761.06,2.76238014,3,0,0
2025-09-27 18:46:10,1261.236002,1261,389761.06,2.76238014,3,0,0
2025-09-27 18:46:10,1261.236986,1261,389761.06,2.76238014,3,0,0
2025-09-27 18:46:11,1261.535326,1261,389761.06,2.76238014,3,0,0
2025-09-27 18:46:11,1261.536324,1261,389761.06,2.76238014,3,0,0
2025-09-27 18:46:11,1261.926515,1261,389761.06,2.76238014,3,0,0
2025-09-27 18:46:11,1261.926515,1261,389761.06,2.76238014,3,0,0
2025-09-27 18:46:12,1262.397641,1262,389761.06,2.76238014,3,0,0
2025-09-27 18:46:12,1262.398646,1262,389761.06,2.76238014,3,0,0
2025-09-27 18:46:12,1263.234474,1263,389761.06,2.76238014,3,0,0
2025-09-27 18:46:12,1263.235477,1263,389761.06,2.76238014,3,0,0
2025-09-27 18:46:13,1263.83724,1263,389761.06,2.76238014,3,0,0
2025-09-27 18:46:13,1263.83724,1263,389761.06,2.76238014,3,0,0
2025-09-27 18:46:14,1264.524031,1264,389761.06,2.76238014,3,0,0
2025-09-27 18:46:14,1264.525033,1264,389761.06,2.76238014,3,0,0
2025-09-27 18:46:14,1265.079763,1265,389761.06,2.76238014,3,0,0
2025-09-27 18:46:14,1265.079763,1265,389761.06,2.76238014,3,0,0
2025-09-27 18:46:15,1265.440865,1265,389761.06,2.76238014,3,0,0
2025-09-27 18:46:15,1265.441807,1265,389761.06,2.76238014,3,0,0
2025-09-27 18:46:15,1266.010235,1266,389761.06,2.76238014,3,0,0
2025-09-27 18:46:15,1266.011234,1266,389761.06,2.76238014,3,0,0
2025-09-27 18:46:16,1266.660714,1266,389761.06,2.76238014,3,0,0
2025-09-27 18:46:16,1266.661719,1266,389761.06,2.76238014,3,0,0
2025-09-27 18:46:17,1267.752673,1267,389761.06,2.76238014,3,0,0
2025-09-27 18:46:17,1267.752673,1267,389761.06,2.76238014,3,0,0
2025-09-27 18:46:17,1268.224633,1268,389761.06,2.76238014,3,0,0
2025-09-27 18:46:17,1268.225635,1268,389761.06,2.76238014,3,0,0
2025-09-27 18:46:18,1268.779568,1268,389761.06,2.76238014,3,0,0
2025-09-27 18:46:18,1268.779568,1268,389761.06,2.76238014,3,0,0
2025-09-27 18:46:18,1269.241323,1269,389761.06,2.76238014,3,0,0
2025-09-27 18:46:18,1269.242322,1269,389761.06,2.76238014,3,0,0
2025-09-27 18:46:19,1269.73558,1269,389761.06,2.76238014,3,0,0
2025-09-27 18:46:19,1269.73558,1269,389761.06,2.76238014,3,0,0
2025-09-27 18:46:19,1270.324428,1270,389761.06,2.76238014,3,0,0
2025-09-27 18:46:19,1270.325432,1270,389761.06,2.76238014,3,0,0
2025-09-27 18:46:20,1270.877537,1270,389761.06,2.76238014,3,0,0
2025-09-27 18:46:20,1270.877537,1270,389761.06,2.76238014,3,0,0
2025-09-27 18:46:21,1271.41497,1271,389761.06,2.76238014,3,0,0
2025-09-27 18:46:21,1271.41497,1271,389761.06,2.76238014,3,0,0
2025-09-27 18:46:21,1271.903946,1271,389761.06,2.76238014,3,0,0
2025-09-27 18:46:21,1271.904988,1271,389761.06,2.76238014,3,0,0
2025-09-27 18:46:22,1272.407959,1272,389761.06,2.76238014,3,0,0
2025-09-27 18:46:22,1272.407959,1272,389761.06,2.76238014,3,0,0
2025-09-27 18:46:22,1272.969367,1272,389761.06,2.76238014,3,0,0
2025-09-27 18:46:22,1272.969367,1272,389761.06,2.76238014,3,0,0
2025-09-27 18:46:23,1273.459616,1273,389761.06,2.76238014,3,0,0
2025-09-27 18:46:23,1273.459616,1273,389761.06,2.76238014,3,0,0
2025-09-27 18:46:23,1274.082751,1274,389761.06,2.76238014,3,0,0
2025-09-27 18:46:23,1274.083747,1274,389761.06,2.76238014,3,0,0
2025-09-27 18:46:24,1274.482895,1274,389761.06,2.76238014,3,0,0
2025-09-27 18:46:24,1274.48389,1274,389761.06,2.76238014,3,0,0
2025-09-27 18:46:24,1274.948551,1274,389761.06,2.76238014,3,0,0
2025-09-27 18:46:24,1274.949552,1274,389761.06,2.76238014,3,0,0
2025-09-27 18:46:25,1275.379089,1275,389761.06,2.76238014,3,0,0
2025-09-27 18:46:25,1275.379089,1275,389761.06,2.76238014,3,0,0
2025-09-27 18:46:26,1277.028233,1277,389761.06,2.76238014,3,0,0
2025-09-27 18:46:26,1277.028233,1277,389761.06,2.76238014,3,0,0
2025-09-27 18:46:27,1277.560507,1277,389761.06,2.76238014,3,0,0
2025-09-27 18:46:27,1277.561494,1277,389761.06,2.76238014,3,0,0
2025-09-27 18:46:27,1278.004754,1278,389761.06,2.76238014,3,0,0
2025-09-27 18:46:27,1278.00573,1278,389761.06,2.76238014,3,0,0
2025-09-27 18:46:28,1278.749771,1278,389761.06,2.76238014,3,0,0
2025-09-27 18:46:28,1278.750744,1278,389761.06,2.76238014,3,0,0
2025-09-27 18:46:28,1279.244816,1279,389761.06,2.76238014,3,0,0
2025-09-27 18:46:28,1279.24582,1279,389761.06,2.76238014,3,0,0
2025-09-27 18:46:29,1279.571802,1279,389761.06,2.76238014,3,0,0
2025-09-27 18:46:29,1279.572805,1279,389761.06,2.76238014,3,0,0
2025-09-27 18:46:29,1279.925401,1279,389761.06,2.76238014,3,0,0
2025-09-27 18:46:29,1279.925401,1279,389761.06,2.76238014,3,0,0
2025-09-27 18:46:30,1280.519291,1280,389761.06,2.76238014,3,0,0
2025-09-27 18:46:30,1280.520292,1280,389761.06,2.76238014,3,0,0
2025-09-27 18:46:30,1280.967302,1280,389761.06,2.76238014,3,0,0
2025-09-27 18:46:30,1280.968306,1280,389761.06,2.76238014,3,0,0
2025-09-27 18:46:31,1282.207498,1282,389761.06,2.76238014,3,0,0
2025-09-27 18:46:31,1282.208403,1282,389761.06,2.76238014,3,0,0
2025-09-27 18:46:32,1282.590465,1282,389761.06,2.76238014,3,0,0
2025-09-27 18:46:32,1282.590465,1282,389761.06,2.76238014,3,0,0
2025-09-27 18:46:32,1283.104493,1283,389761.06,2.76238014,3,0,0
2025-09-27 18:46:32,1283.104493,1283,389761.06,2.76238014,3,0,0
2025-09-27 18:46:33,1283.404168,1283,389761.06,2.76238014,3,0,0
2025-09-27 18:46:33,1283.405165,1283,389761.06,2.76238014,3,0,0
2025-09-27 18:46:33,1283.811604,1283,389761.06,2.76238014,3,0,0
2025-09-27 18:46:33,1283.811604,1283,389761.06,2.76238014,3,0,0
2025-09-27 18:46:33,1284.322179,1284,389761.06,2.76238014,3,0,0
2025-09-27 18:46:33,1284.322179,1284,389761.06,2.76238014,3,0,0
2025-09-27 18:46:34,1285.158923,1285,389761.06,2.76238014,3,0,0
2025-09-27 18:46:34,1285.158923,1285,389761.06,2.76238014,3,0,0
2025-09-27 18:46:35,1286.068302,1286,389761.06,2.76238014,3,0,0
2025-09-27 18:46:35,1286.069301,1286,389761.06,2.76238014,3,0,0
2025-09-27 18:46:36,1286.539294,1286,389761.06,2.76238014,3,0,0
2025-09-27 18:46:36,1286.539294,1286,389761.06,2.76238014,3,0,0
2025-09-27 18:46:36,1286.926068,1286,389761.06,2.76238014,3,0,0
2025-09-27 18:46:36,1286.927002,1286,389761.06,2.76238014,3,0,0
2025-09-27 18:46:37,1287.599968,1287,389761.06,2.76238014,3,0,0
2025-09-27 18:46:37,1287.599968,1287,389761.06,2.76238014,3,0,0
2025-09-27 18:46:37,1288.219338,1288,389761.06,2.76238014,3,0,0
2025-09-27 18:46:37,1288.220264,1288,389761.06,2.76238014,3,0,0
2025-09-27 18:46:38,1288.642395,1288,389761.06,2.76238014,3,0,0
2025-09-27 18:46:38,1288.642395,1288,389761.06,2.76238014,3,0,0
2025-09-27 18:46:38,1288.897179,1288,389761.06,2.76238014,3,0,0
2025-09-27 18:46:38,1288.898184,1288,389761.06,2.76238014,3,0,0
2025-09-27 18:46:38,1289.364374,1289,389761.06,2.76238014,3,0,0
2025-09-27 18:46:38,1289.364374,1289,389761.06,2.76238014,3,0,0
2025-09-27 18:46:39,1290.130768,1290,389761.06,2.76238014,3,0,0
2025-09-27 18:46:39,1290.131773,1290,389761.06,2.76238014,3,0,0
2025-09-27 18:46:40,1290.60569,1290,389761.06,2.76238014,3,0,0
2025-09-27 18:46:40,1290.60569,1290,389761.06,2.76238014,3,0,0
2025-09-27 18:46:40,1291.260515,1291,389761.06,2.76238014,3,0,0
2025-09-27 18:46:40,1291.260515,1291,389761.06,2.76238014,3,0,0
2025-09-27 18:46:41,1291.776247,1291,389761.06,2.76238014,3,0,0
2025-09-27 18:46:41,1291.777234,1291,389761.06,2.76238014,3,0,0
2025-09-27 18:46:42,1292.407405,1292,389761.06,2.76238014,3,0,0
2025-09-27 18:46:42,1292.407405,1292,389761.06,2.76238014,3,0,0
2025-09-27 18:46:42,1292.7293,1292,389761.06,2.76238014,3,0,0
2025-09-27 18:46:42,1292.7293,1292,389761.06,2.76238014,3,0,0
2025-09-27 18:46:43,1293.450437,1293,389761.06,2.76238014,3,0,0
2025-09-27 18:46:43,1293.450437,1293,389761.06,2.76238014,3,0,0
2025-09-27 18:46:43,1293.989069,1293,389761.06,2.76238014,3,0,0
2025-09-27 18:46:43,1293.989983,1293,389761.06,2.76238014,3,0,0
2025-09-27 18:46:44,1294.773661,1294,389761.06,2.76238014,3,0,0
2025-09-27 18:46:44,1294.77466,1294,389761.06,2.76238014,3,0,0
2025-09-27 18:46:44,1295.238405,1295,389761.06,2.76238014,3,0,0
2025-09-27 18:46:44,1295.239393,1295,389761.06,2.76238014,3,0,0
2025-09-27 18:46:45,1295.643861,1295,389761.06,2.76238014,3,0,0
2025-09-27 18:46:45,1295.643861,1295,389761.06,2.76238014,3,0,0
2025-09-27 18:46:45,1296.141737,1296,389761.06,2.76238014,3,0,0
2025-09-27 18:46:45,1296.141737,1296,389761.06,2.76238014,3,0,0
2025-09-27 18:46:46,1296.753188,1296,389761.06,2.76238014,3,0,0
2025-09-27 18:46:46,1296.754179,1296,389761.06,2.76238014,3,0,0
2025-09-27 18:46:46,1297.216329,1297,389761.06,2.76238014,3,0,0
2025-09-27 18:46:46,1297.217312,1297,389761.06,2.76238014,3,0,0
2025-09-27 18:46:47,1297.656928,1297,389761.06,2.76238014,3,0,0
2025-09-27 18:46:47,1297.656928,1297,389761.06,2.76238014,3,0,0
2025-09-27 18:46:47,1298.358479,1298,389761.06,2.76238014,3,0,0
2025-09-27 18:46:47,1298.358479,1298,389761.06,2.76238014,3,0,0
2025-09-27 18:46:48,1298.835729,1298,389761.06,2.76238014,3,0,0
2025-09-27 18:46:48,1298.836732,1298,389761.06,2.76238014,3,0,0
2025-09-27 18:46:49,1299.434144,1299,389761.06,2.76238014,3,0,0
2025-09-27 18:46:49,1299.435157,1299,389761.06,2.76238014,3,0,0
2025-09-27 18:46:49,1299.794497,1299,389761.06,2.76238014,3,0,0
2025-09-27 18:46:49,1299.795398,1299,389761.06,2.76238014,3,0,0
2025-09-27 18:46:50,1300.417655,1300,389761.06,2.76238014,3,0,0
2025-09-27 18:46:50,1300.417655,1300,389761.06,2.76238014,3,0,0
2025-09-27 18:46:50,1301.052661,1301,389761.06,2.76238014,3,0,0
2025-09-27 18:46:50,1301.052661,1301,389761.06,2.76238014,3,0,0
2025-09-27 18:46:51,1301.494606,1301,389761.06,2.76238014,3,0,0
2025-09-27 18:46:51,1301.494606,1301,389761.06,2.76238014,3,0,0
2025-09-27 18:46:51,1301.8719,1301,389761.06,2.76238014,3,0,0
2025-09-27 18:46:51,1301.872902,1301,389761.06,2.76238014,3,0,0
2025-09-27 18:46:51,1302.270311,1302,389761.06,2.76238014,3,0,0
2025-09-27 18:46:51,1302.270311,1302,389761.06,2.76238014,3,0,0
2025-09-27 18:46:52,1302.742819,1302,389761.06,2.76238014,3,0,0
2025-09-27 18:46:52,1302.743805,1302,389761.06,2.76238014,3,0,0
2025-09-27 18:46:52,1303.032337,1303,389761.06,2.76238014,3,0,0
2025-09-27 18:46:52,1303.03334,1303,389761.06,2.76238014,3,0,0
2025-09-27 18:46:53,1303.602481,1303,389761.06,2.76238014,3,0,0
2025-09-27 18:46:53,1303.603483,1303,389761.06,2.76238014,3,0,0
2025-09-27 18:46:53,1304.041556,1304,389761.06,2.76238014,3,0,0
2025-09-27 18:46:53,1304.041556,1304,389761.06,2.76238014,3,0,0
2025-09-27 18:46:53,1304.323858,1304,389761.06,2.76238014,3,0,0
2025-09-27 18:46:53,1304.323858,1304,389761.06,2.76238014,3,0,0
2025-09-27 18:46:54,1304.773589,1304,389761.06,2.76238014,3,0,0
2025-09-27 18:46:54,1304.773589,1304,389761.06,2.76238014,3,0,0
2025-09-27 18:46:55,1305.39759,1305,389761.06,2.76238014,3,0,0
2025-09-27 18:46:55,1305.39759,1305,389761.06,2.76238014,3,0,0
2025-09-27 18:46:55,1305.929583,1305,389761.06,2.76238014,3,0,0
2025-09-27 18:46:55,1305.929583,1305,389761.06,2.76238014,3,0,0
2025-09-27 18:46:56,1306.383964,1306,389761.06,2.76238014,3,0,0
2025-09-27 18:46:56,1306.383964,1306,389761.06,2.76238014,3,0,0
2025-09-27 18:46:56,1306.992151,1306,389761.06,2.76238014,3,0,0
2025-09-27 18:46:56,1306.992151,1306,389761.06,2.76238014,3,0,0
2025-09-27 18:46:57,1307.566221,1307,389761.06,2.76238014,3,0,0
2025-09-27 18:46:57,1307.566221,1307,389761.06,2.76238014,3,0,0
2025-09-27 18:46:57,1308.253221,1308,389761.06,2.76238014,3,0,0
2025-09-27 18:46:57,1308.253221,1308,389761.06,2.76238014,3,0,0
2025-09-27 18:46:58,1308.971511,1308,389761.06,2.76238014,3,0,0
2025-09-27 18:46:58,1308.972488,1308,389761.06,2.76238014,3,0,0
2025-09-27 18:46:59,1309.646567,1309,389761.06,2.76238014,3,0,0
2025-09-27 18:46:59,1309.646567,1309,389761.06,2.76238014,3,0,0
2025-09-27 18:46:59,1310.117759,1310,389761.06,2.76238014,3,0,0
2025-09-27 18:46:59,1310.117759,1310,389761.06,2.76238014,3,0,0
2025-09-27 18:47:00,1310.691439,1310,389761.06,2.76238014,3,0,0
2025-09-27 18:47:00,1310.692444,1310,389761.06,2.76238014,3,0,0
2025-09-27 18:47:01,1312.081608,1312,389761.06,2.76238014,3,0,0
2025-09-27 18:47:01,1312.081608,1312,389761.06,2.76238014,3,0,0
2025-09-27 18:47:02,1312.523312,1312,389761.06,2.76238014,3,0,0
2025-09-27 18:47:02,1312.523312,1312,389761.06,2.76238014,3,0,0
2025-09-27 18:47:02,1312.943902,1312,389761.06,2.76238014,3,0,0
2025-09-27 18:47:02,1312.944808,1312,389761.06,2.76238014,3,0,0
2025-09-27 18:47:02,1313.344643,1313,389761.06,2.76238014,3,0,0
2025-09-27 18:47:02,1313.344643,1313,389761.06,2.76238014,3,0,0
2025-09-27 18:47:03,1314.001308,1314,389761.06,2.76238014,3,0,0
2025-09-27 18:47:03,1314.002323,1314,389761.06,2.76238014,3,0,0
2025-09-27 18:47:04,1314.464483,1314,389761.06,2.76238014,3,0,0
2025-09-27 18:47:04,1314.465457,1314,389761.06,2.76238014,3,0,0
2025-09-27 18:47:04,1315.061047,1315,389761.06,2.76238014,3,0,0
2025-09-27 18:47:04,1315.06205,1315,389761.06,2.76238014,3,0,0
2025-09-27 18:47:05,1315.556279,1315,389761.06,2.76238014,3,0,0
2025-09-27 18:47:05,1315.557181,1315,389761.06,2.76238014,3,0,0
2025-09-27 18:47:05,1316.285712,1316,389761.06,2.76238014,3,0,0
2025-09-27 18:47:05,1316.286654,1316,389761.06,2.76238014,3,0,0
2025-09-27 18:47:06,1316.629913,1316,389761.06,2.76238014,3,0,0
2025-09-27 18:47:06,1316.629913,1316,389761.06,2.76238014,3,0,0
2025-09-27 18:47:06,1317.115645,1317,389761.06,2.76238014,3,0,0
2025-09-27 18:47:06,1317.116602,1317,389761.06,2.76238014,3,0,0
2025-09-27 18:47:07,1317.703779,1317,389761.06,2.76238014,3,0,0
2025-09-27 18:47:07,1317.704783,1317,389761.06,2.76238014,3,0,0
2025-09-27 18:47:07,1318.173561,1318,389761.06,2.76238014,3,0,0
2025-09-27 18:47:07,1318.174564,1318,389761.06,2.76238014,3,0,0
2025-09-27 18:47:08,1318.642324,1318,389761.06,2.76238014,3,0,0
2025-09-27 18:47:08,1318.642324,1318,389761.06,2.76238014,3,0,0
2025-09-27 18:47:08,1319.010555,1319,389761.06,2.76238014,3,0,0
2025-09-27 18:47:08,1319.011548,1319,389761.06,2.76238014,3,0,0
2025-09-27 18:47:09,1319.693314,1319,389761.06,2.76238014,3,0,0
2025-09-27 18:47:09,1319.694238,1319,389761.06,2.76238014,3,0,0
2025-09-27 18:47:09,1320.079176,1320,389761.06,2.76238014,3,0,0
2025-09-27 18:47:09,1320.080156,1320,389761.06,2.76238014,3,0,0
2025-09-27 18:47:10,1320.783451,1320,389761.06,2.76238014,3,0,0
2025-09-27 18:47:10,1320.783451,1320,389761.06,2.76238014,3,0,0
2025-09-27 18:47:12,1322.453143,1322,389761.06,2.76238014,3,0,0
2025-09-27 18:47:12,1322.454145,1322,389761.06,2.76238014,3,0,0
2025-09-27 18:47:12,1323.33833,1323,389761.06,2.76238014,3,0,0
2025-09-27 18:47:12,1323.339335,1323,389761.06,2.76238014,3,0,0
2025-09-27 18:47:13,1323.878838,1323,389761.06,2.76238014,3,0,0
2025-09-27 18:47:13,1323.878838,1323,389761.06,2.76238014,3,0,0
2025-09-27 18:47:14,1324.449814,1324,389761.06,2.76238014,3,0,0
2025-09-27 18:47:14,1324.450798,1324,389761.06,2.76238014,3,0,0
2025-09-27 18:47:14,1324.942547,1324,389761.06,2.76238014,3,0,0
2025-09-27 18:47:14,1324.942547,1324,389761.06,2.76238014,3,0,0
2025-09-27 18:47:14,1325.357709,1325,389761.06,2.76238014,3,0,0
2025-09-27 18:47:14,1325.357709,1325,389761.06,2.76238014,3,0,0
2025-09-27 18:47:15,1325.672441,1325,389761.06,2.76238014,3,0,0
2025-09-27 18:47:15,1325.673441,1325,389761.06,2.76238014,3,0,0
2025-09-27 18:47:15,1326.242759,1326,389761.06,2.76238014,3,0,0
2025-09-27 18:47:15,1326.243752,1326,389761.06,2.76238014,3,0,0
2025-09-27 18:47:16,1327.03706,1327,389761.06,2.76238014,3,0,0
2025-09-27 18:47:16,1327.038228,1327,389761.06,2.76238014,3,0,0
2025-09-27 18:47:16,1327.364141,1327,389761.06,2.76238014,3,0,0
2025-09-27 18:47:16,1327.365141,1327,389761.06,2.76238014,3,0,0
2025-09-27 18:47:17,1328.193721,1328,389761.06,2.76238014,3,0,0
2025-09-27 18:47:17,1328.194719,1328,389761.06,2.76238014,3,0,0
2025-09-27 18:47:18,1328.537145,1328,389761.06,2.76238014,3,0,0
2025-09-27 18:47:18,1328.537145,1328,389761.06,2.76238014,3,0,0
2025-09-27 18:47:18,1328.928685,1328,389761.06,2.76238014,3,0,0
2025-09-27 18:47:18,1328.928685,1328,389761.06,2.76238014,3,0,0
2025-09-27 18:47:19,1329.511377,1329,389761.06,2.76238014,3,0,0
2025-09-27 18:47:19,1329.511377,1329,389761.06,2.76238014,3,0,0
2025-09-27 18:47:19,1330.045323,1330,389761.06,2.76238014,3,0,0
2025-09-27 18:47:19,1330.045323,1330,389761.06,2.76238014,3,0,0
2025-09-27 18:47:20,1330.760671,1330,389761.06,2.76238014,3,0,0
2025-09-27 18:47:20,1330.761672,1330,389761.06,2.76238014,3,0,0
2025-09-27 18:47:20,1331.075557,1331,389761.06,2.76238014,3,0,0
2025-09-27 18:47:20,1331.075557,1331,389761.06,2.76238014,3,0,0
2025-09-27 18:47:21,1331.720671,1331,389761.06,2.76238014,3,0,0
2025-09-27 18:47:21,1331.720671,1331,389761.06,2.76238014,3,0,0
2025-09-27 18:47:21,1332.245615,1332,389761.06,2.76238014,3,0,0
2025-09-27 18:47:21,1332.246616,1332,389761.06,2.76238014,3,0,0
2025-09-27 18:47:22,1332.528385,1332,389761.06,2.76238014,3,0,0
2025-09-27 18:47:22,1332.529375,1332,389761.06,2.76238014,3,0,0
2025-09-27 18:47:22,1333.01985,1333,389761.06,2.76238014,3,0,0
2025-09-27 18:47:22,1333.01985,1333,389761.06,2.76238014,3,0,0
2025-09-27 18:47:23,1333.50672,1333,389761.06,2.76238014,3,0,0
2025-09-27 18:47:23,1333.50672,1333,389761.06,2.76238014,3,0,0
2025-09-27 18:47:23,1333.898242,1333,389761.06,2.76238014,3,0,0
2025-09-27 18:47:23,1333.899246,1333,389761.06,2.76238014,3,0,0
2025-09-27 18:47:24,1334.47702,1334,389761.06,2.76238014,3,0,0
2025-09-27 18:47:24,1334.47702,1334,389761.06,2.76238014,3,0,0
2025-09-27 18:47:25,1335.383408,1335,389761.06,2.76238014,3,0,0
2025-09-27 18:47:25,1335.38441,1335,389761.06,2.76238014,3,0,0
2025-09-27 18:47:25,1335.931557,1335,389761.06,2.76238014,3,0,0
2025-09-27 18:47:25,1335.931557,1335,389761.06,2.76238014,3,0,0
2025-09-27 18:47:26,1336.409871,1336,389761.06,2.76238014,3,0,0
2025-09-27 18:47:26,1336.409871,1336,389761.06,2.76238014,3,0,0
2025-09-27 18:47:26,1336.898494,1336,389761.06,2.76238014,3,0,0
2025-09-27 18:47:26,1336.899389,1336,389761.06,2.76238014,3,0,0
2025-09-27 18:47:27,1337.439831,1337,389761.06,2.76238014,3,0,0
2025-09-27 18:47:27,1337.440862,1337,389761.06,2.76238014,3,0,0
2025-09-27 18:47:27,1337.960497,1337,389761.06,2.76238014,3,0,0
2025-09-27 18:47:27,1337.9615,1337,389761.06,2.76238014,3,0,0
2025-09-27 18:47:28,1338.662058,1338,389761.06,2.76238014,3,0,0
2025-09-27 18:47:28,1338.662058,1338,389761.06,2.76238014,3,0,0
2025-09-27 18:47:28,1339.221972,1339,389761.06,2.76238014,3,0,0
2025-09-27 18:47:28,1339.222973,1339,389761.06,2.76238014,3,0,0
2025-09-27 18:47:29,1340.017317,1340,389761.06,2.76238014,3,0,0
2025-09-27 18:47:29,1340.018314,1340,389761.06,2.76238014,3,0,0
2025-09-27 18:47:30,1340.474665,1340,388933.95,2.544308991,3,0,0
2025-09-27 18:47:30,1340.474665,1340,389761.06,2.76238014,3,0,0
2025-09-27 18:47:30,1340.85891,1340,388933.95,2.544308991,3,0,0
2025-09-27 18:47:30,1340.859909,1340,388982.85,2.557202015,3,0,0
2025-09-27 18:47:31,1341.657558,1341,388933.95,2.544308991,3,0,0
2025-09-27 18:47:31,1341.657558,1341,388982.85,2.557202015,3,0,0
2025-09-27 18:47:31,1342.157391,1342,388933.95,2.544308991,3,0,0
2025-09-27 18:47:31,1342.157391,1342,388982.85,2.557202015,3,0,0
2025-09-27 18:47:32,1342.650775,1342,388874.28,2.528576299,3,0,0
2025-09-27 18:47:32,1342.651768,1342,388933.95,2.544308991,3,0,0
2025-09-27 18:47:32,1342.949682,1342,388874.28,2.528576299,3,0,0
2025-09-27 18:47:32,1342.950702,1342,388874.28,2.528576299,3,0,0
2025-09-27 18:47:33,1343.494302,1343,388874.28,2.528576299,3,0,0
2025-09-27 18:47:33,1343.495304,1343,388874.28,2.528576299,3,0,0
2025-09-27 18:47:33,1343.792522,1343,388874.28,2.528576299,3,0,0
2025-09-27 18:47:33,1343.793532,1343,388874.28,2.528576299,3,0,0
2025-09-27 18:47:34,1344.438888,1344,388874.28,2.528576299,3,0,0
2025-09-27 18:47:34,1344.43979,1344,388874.28,2.528576299,3,0,0
2025-09-27 18:47:35,1345.442602,1345,388874.28,2.528576299,3,0,0
2025-09-27 18:47:35,1345.442602,1345,388874.28,2.528576299,3,0,0
2025-09-27 18:47:35,1345.899958,1345,388874.28,2.528576299,3,0,0
2025-09-27 18:47:35,1345.900967,1345,388874.28,2.528576299,3,0,0
2025-09-27 18:47:35,1346.306087,1346,388866.91,2.526632071,3,0,0
2025-09-27 18:47:35,1346.306087,1346,388874.28,2.528576299,3,0,0
2025-09-27 18:47:36,1346.87153,1346,388866.91,2.526632071,3,0,0
2025-09-27 18:47:36,1346.87153,1346,388874.28,2.528576299,3,0,0
2025-09-27 18:47:36,1347.172655,1347,388866.91,2.526632071,3,0,0
2025-09-27 18:47:36,1347.172655,1347,388874.28,2.528576299,3,0,0
2025-09-27 18:47:37,1347.712042,1347,388866.91,2.526632071,3,0,0
2025-09-27 18:47:37,1347.713045,1347,388874.28,2.528576299,3,0,0
2025-09-27 18:47:37,1348.297736,1348,388866.91,2.526632071,3,0,0
2025-09-27 18:47:37,1348.297736,1348,388871.75,2.527910006,3,0,0
2025-09-27 18:47:38,1348.755743,1348,388866.91,2.526632071,3,0,0
2025-09-27 18:47:38,1348.755743,1348,388871.75,2.527910006,3,0,0
2025-09-27 18:47:38,1349.231656,1349,388866.91,2.526632071,3,0,0
2025-09-27 18:47:38,1349.231656,1349,388871.75,2.527910006,3,0,0
2025-09-27 18:47:39,1349.748952,1349,388866.91,2.526632071,3,0,0
2025-09-27 18:47:39,1349.749943,1349,388871.75,2.527910006,3,0,0
2025-09-27 18:47:39,1350.267059,1350,388866.91,2.526632071,3,0,0
2025-09-27 18:47:39,1350.267937,1350,388871.75,2.527910006,3,0,0
2025-09-27 18:47:40,1351.14717,1351,388866.91,2.526632071,3,0,0
2025-09-27 18:47:40,1351.148146,1351,388871.75,2.527910006,3,0,0
2025-09-27 18:47:41,1351.913905,1351,388866.91,2.526632071,3,0,0
2025-09-27 18:47:41,1351.914908,1351,388871.75,2.527910006,3,0,0
2025-09-27 18:47:45,1355.554622,1355,388866.91,2.526632071,3,0,0
2025-09-27 18:47:45,1355.554622,1355,388871.75,2.527910006,3,0,0
2025-09-27 18:47:45,1356.1022,1356,388866.91,2.526632071,3,0,0
2025-09-27 18:47:45,1356.1022,1356,388871.75,2.527910006,3,0,0
2025-09-27 18:47:46,1356.821064,1356,388866.91,2.526632071,3,0,0
2025-09-27 18:47:46,1356.822058,1356,388866.91,2.526632071,3,0,0
2025-09-27 18:47:46,1357.233108,1357,388866.91,2.526632071,3,0,0
2025-09-27 18:47:46,1357.234107,1357,388866.91,2.526632071,3,0,0
2025-09-27 18:47:47,1357.700615,1357,388866.91,2.526632071,3,0,0
2025-09-27 18:47:47,1357.700615,1357,388866.91,2.526632071,3,0,0
2025-09-27 18:47:47,1358.256122,1358,388866.91,2.526632071,3,0,0
2025-09-27 18:47:47,1358.256122,1358,388866.91,2.526632071,3,0,0
2025-09-27 18:47:48,1358.555703,1358,388866.91,2.526632071,3,0,0
2025-09-27 18:47:48,1358.556714,1358,388866.91,2.526632071,3,0,0
2025-09-27 18:47:48,1358.929259,1358,388866.91,2.526632071,3,0,0
2025-09-27 18:47:48,1358.930149,1358,388866.91,2.526632071,3,0,0
2025-09-27 18:47:49,1359.596095,1359,388866.91,2.526632071,3,0,0
2025-09-27 18:47:49,1359.596095,1359,388866.91,2.526632071,3,0,0
2025-09-27 18:47:49,1360.107574,1360,388866.91,2.526632071,3,0,0
2025-09-27 18:47:49,1360.10856,1360,388866.91,2.526632071,3,0,0
2025-09-27 18:47:50,1360.677022,1360,388866.91,2.526632071,3,0,0
2025-09-27 18:47:50,1360.677022,1360,388866.91,2.526632071,3,0,0
2025-09-27 18:47:50,1361.192787,1361,388866.91,2.526632071,3,0,0
2025-09-27 18:47:50,1361.192787,1361,388866.91,2.526632071,3,0,0
2025-09-27 18:47:51,1362.201516,1362,388866.91,2.526632071,3,0,0
2025-09-27 18:47:51,1362.202512,1362,388866.91,2.526632071,3,0,0
2025-09-27 18:47:52,1362.532692,1362,388866.91,2.526632071,3,0,0
2025-09-27 18:47:52,1362.533679,1362,388866.91,2.526632071,3,0,0
2025-09-27 18:47:52,1362.977626,1362,388866.91,2.526632071,3,0,0
2025-09-27 18:47:52,1362.978762,1362,388866.91,2.526632071,3,0,0
2025-09-27 18:47:53,1363.590617,1363,388866.91,2.526632071,3,0,0
2025-09-27 18:47:53,1363.591622,1363,388866.91,2.526632071,3,0,0
2025-09-27 18:51:49,236.006585,236,420103.17,10.76222356,4,0,0
2025-09-27 18:51:49,236.007589,236,444002.11,17.06329434,4,0,0
2025-09-27 18:52:50,296.844753,296,414804.77,9.365275372,4,0,0
2025-09-27 18:52:50,296.845752,296,420103.17,10.76222356,4,0,0
2025-09-27 18:52:54,301.426106,301,414804.77,9.365275372,4,0,0
2025-09-27 18:52:54,301.427059,301,414804.77,9.365275372,4,0,0
2025-09-27 18:52:55,302.20808,302,414012.78,9.156462927,4,0,0
2025-09-27 18:52:55,302.20808,302,414701.18,9.337964015,4,0,0
2025-09-27 18:52:55,302.551593,302,414012.78,9.156462927,4,0,0
2025-09-27 18:52:55,302.552595,302,414701.18,9.337964015,4,0,0
2025-09-27 18:52:56,302.999975,302,413619.37,9.05273714,4,0,0
2025-09-27 18:52:56,302.999975,302,413834.62,9.109490022,4,0,0
2025-09-27 18:52:57,303.982304,303,413335.85,8.977987665,4,0,0
2025-09-27 18:52:57,303.983306,303,413604.59,9.048840333,4,0,0
2025-09-27 18:52:57,304.392776,304,413073.52,8.90882236,4,0,0
2025-09-27 18:52:57,304.393742,304,413335.85,8.977987665,4,0,0
2025-09-27 18:52:58,304.914521,304,413073.52,8.90882236,4,0,0
2025-09-27 18:52:58,304.914521,304,413335.85,8.977987665,4,0,0
2025-09-27 18:52:58,305.307125,305,413073.52,8.90882236,4,0,0
2025-09-27 18:52:58,305.307125,305,413073.52,8.90882236,4,0,0
2025-09-27 18:52:58,305.727953,305,413073.52,8.90882236,4,0,0
2025-09-27 18:52:58,305.727953,305,413073.52,8.90882236,4,0,0
2025-09-27 18:53:00,306.769599,306,413067.92,8.907347077,4,0,0
2025-09-27 18:53:00,306.769599,306,413073.52,8.90882236,4,0,0
2025-09-27 18:53:08,314.902601,314,413067.92,8.907347077,4,0,0
2025-09-27 18:53:08,314.903601,314,413073.52,8.90882236,4,0,0
2025-09-27 18:53:08,315.588165,315,411935.45,8.60876566,4,0,0
2025-09-27 18:53:08,315.588165,315,412690.32,8.807790171,4,0,0
2025-09-27 18:53:09,316.251797,316,411935.45,8.60876566,4,0,0
2025-09-27 18:53:09,316.251797,316,412690.32,8.807790171,4,0,0
2025-09-27 18:53:10,316.91955,316,411935.45,8.60876566,4,0,0
2025-09-27 18:53:10,316.920541,316,411988.11,8.622648348,4,0,0
2025-09-27 18:53:13,320.152025,320,411933.93,8.608365082,4,0,0
2025-09-27 18:53:13,320.153025,320,411935.45,8.60876566,4,0,0
2025-09-27 18:53:13,320.697596,320,411813.6,8.576637993,4,0,0
2025-09-27 18:53:13,320.698604,320,411933.93,8.608365082,4,0,0
2025-09-27 18:53:14,321.224749,321,411813.6,8.576637993,4,0,0
2025-09-27 18:53:14,321.226043,321,411825.75,8.579841822,4,0,0
2025-09-27 18:53:15,321.825563,321,411791.28,8.570753837,4,0,0
2025-09-27 18:53:15,321.826548,321,411813.6,8.576637993,4,0,0
2025-09-27 18:53:15,322.198599,322,411791.28,8.570753837,4,0,0
2025-09-27 18:53:15,322.198599,322,411813.6,8.576637993,4,0,0
2025-09-27 18:53:15,322.633324,322,411791.28,8.570753837,4,0,0
2025-09-27 18:53:15,322.634318,322,411791.28,8.570753837,4,0,0
2025-09-27 18:53:16,322.992778,322,411764,8.563560025,4,0,0
2025-09-27 18:53:16,322.993726,322,411791.28,8.570753837,4,0,0
2025-09-27 18:53:16,323.372177,323,411764,8.563560025,4,0,0
2025-09-27 18:53:16,323.37317,323,411791.28,8.570753837,4,0,0
2025-09-27 18:53:17,323.7769,323,411579.49,8.514914619,4,0,0
2025-09-27 18:53:17,323.7769,323,411764,8.563560025,4,0,0
2025-09-27 18:53:21,328.630817,328,409481.07,7.961656466,4,0,0
2025-09-27 18:53:21,328.631822,328,411419.88,8.472831158,4,0,0
2025-09-27 18:53:22,329.121924,329,409270.86,7.906233002,4,0,0
2025-09-27 18:53:22,329.121924,329,409481.07,7.961656466,4,0,0
2025-09-27 18:53:23,329.830327,329,408362.08,7.666629645,4,0,0
2025-09-27 18:53:23,329.831316,329,409270.86,7.906233002,4,0,0
2025-09-27 18:53:24,330.963529,330,408362.08,7.666629645,4,0,0
2025-09-27 18:53:24,330.963529,330,408362.08,7.666629645,4,0,0
2025-09-27 18:53:24,331.461574,331,408161.44,7.61372763,4,0,0
2025-09-27 18:53:24,331.461574,331,408362.08,7.666629645,4,0,0
2025-09-27 18:53:25,332.00645,332,408161.44,7.61372763,4,0,0
2025-09-27 18:53:25,332.007448,332,408203.35,7.624779113,4,0,0
2025-09-27 18:53:26,333.376823,333,407314.36,7.390391096,4,0,0
2025-09-27 18:53:26,333.37782,333,408160.66,7.613524117,4,0,0
2025-09-27 18:53:28,334.912632,334,407314.36,7.390391096,4,0,0
2025-09-27 18:53:28,334.913637,334,407366.88,7.404237983,4,0,0
2025-09-27 18:53:29,335.766334,335,407314.36,7.390391096,4,0,0
2025-09-27 18:53:29,335.76729,335,407316.82,7.391040561,4,0,0
2025-09-27 18:53:36,342.749821,342,407303.78,7.387603746,4,0,0
2025-09-27 18:53:36,342.749821,342,407314.36,7.390391096,4,0,0
2025-09-27 18:53:36,343.47381,343,407083.69,7.329574487,4,0,0
2025-09-27 18:53:36,343.474814,343,407303.78,7.387603746,4,0,0
2025-09-27 18:53:37,344.03063,344,407071.56,7.326376786,4,0,0
2025-09-27 18:53:37,344.031631,344,407083.69,7.329574487,4,0,0
2025-09-27 18:53:37,344.456448,344,407071.56,7.326376786,4,0,0
2025-09-27 18:53:37,344.456448,344,407078.09,7.328099204,4,0,0
2025-09-27 18:53:38,344.825672,344,407071.56,7.326376786,4,0,0
2025-09-27 18:53:38,344.826673,344,407078.09,7.328099204,4,0,0
2025-09-27 18:53:38,345.555685,345,406886.19,7.277503936,4,0,0
2025-09-27 18:53:38,345.556696,345,406913.61,7.284731944,4,0,0
2025-09-27 18:53:39,346.017436,346,406886.19,7.277503936,4,0,0
2025-09-27 18:53:39,346.018344,346,406913.61,7.284731944,4,0,0
2025-09-27 18:53:40,346.869783,346,405979.15,7.038358169,4,0,0
2025-09-27 18:53:40,346.869783,346,406886.19,7.277503936,4,0,0
2025-09-27 18:53:40,347.327931,347,405979.15,7.038358169,4,0,0
2025-09-27 18:53:40,347.327931,347,406830.81,7.262902917,4,0,0
2025-09-27 18:53:41,348.003847,348,405849.8,7.004254043,4,0,0
2025-09-27 18:53:41,348.004854,348,405979.15,7.038358169,4,0,0
2025-09-27 18:53:46,353.204721,353,405849.8,7.004254043,4,0,0
2025-09-27 18:53:46,353.205643,353,405974.66,7.037173815,4,0,0
2025-09-27 18:53:47,353.782669,353,405849.8,7.004254043,4,0,0
2025-09-27 18:53:47,353.783668,353,405974.66,7.037173815,4,0,0
2025-09-27 18:53:47,354.449016,354,405389.65,6.882933429,4,0,0
2025-09-27 18:53:47,354.449949,354,405849.8,7.004254043,4,0,0
2025-09-27 18:53:55,362.702935,362,405217.78,6.837618681,4,0,0
2025-09-27 18:53:55,362.702935,362,405389.65,6.882933429,4,0,0
2025-09-27 18:53:56,363.165448,363,405217.78,6.837618681,4,0,0
2025-09-27 18:53:56,363.166597,363,405389.65,6.882933429,4,0,0
2025-09-27 18:53:57,364.060012,364,405184.36,6.828806447,4,0,0
2025-09-27 18:53:57,364.061011,364,405217.78,6.837618681,4,0,0
2025-09-27 18:53:58,365.233273,365,404961.8,6.770129068,4,0,0
2025-09-27 18:53:58,365.233273,365,405120.48,6.811966179,4,0,0
2025-09-27 18:54:06,373.443742,373,404961.8,6.770129068,4,0,0
2025-09-27 18:54:06,373.443742,373,404972.37,6.772914147,4,0,0
2025-09-27 18:54:07,374.023251,374,404814.34,6.7312495,4,0,0
2025-09-27 18:54:07,374.023251,374,404914.49,6.757654987,4,0,0
2025-09-27 18:54:07,374.711283,374,404801.69,6.727914994,4,0,0
2025-09-27 18:54:07,374.712191,374,404814.34,6.7312495,4,0,0
2025-09-27 18:54:08,375.453809,375,404801.69,6.727914994,4,0,0
2025-09-27 18:54:08,375.454809,375,404805.39,6.728890467,4,0,0
2025-09-27 18:54:09,376.131425,376,404801.69,6.727914994,4,0,0
2025-09-27 18:54:09,376.131425,376,404801.69,6.727914994,4,0,0
2025-09-27 18:54:10,377.017868,377,404730.72,6.709202371,4,0,0
2025-09-27 18:54:10,377.01887,377,404801.69,6.727914994,4,0,0
2025-09-27 18:54:10,377.456842,377,404473.08,6.641274833,4,0,0
2025-09-27 18:54:10,377.457847,377,404730.72,6.709202371,4,0,0
2025-09-27 18:54:11,377.904364,377,404473.08,6.641274833,4,0,0
2025-09-27 18:54:11,377.904364,377,404730.72,6.709202371,4,0,0
2025-09-27 18:54:11,378.542868,378,404379.4,6.616575284,4,0,0
2025-09-27 18:54:11,378.542868,378,404473.08,6.641274833,4,0,0
2025-09-27 18:54:16,383.470394,383,404379.4,6.616575284,4,0,0
2025-09-27 18:54:16,383.470394,383,404379.4,6.616575284,4,0,0
2025-09-27 18:54:17,383.925971,383,404359.49,6.61132647,4,0,0
2025-09-27 18:54:17,383.925971,383,404379.4,6.616575284,4,0,0
2025-09-27 18:54:17,384.407293,384,404359.49,6.61132647,4,0,0
2025-09-27 18:54:17,384.408271,384,404379.4,6.616575284,4,0,0
2025-09-27 18:54:18,385.010316,385,404359.49,6.61132647,4,0,0
2025-09-27 18:54:18,385.010316,385,404379.4,6.616575284,4,0,0
2025-09-27 18:54:19,385.815836,385,403883.57,6.48584745,4,0,0
2025-09-27 18:54:19,385.81684,385,403975.34,6.51004452,4,0,0
2025-09-27 18:54:19,386.215456,386,403883.57,6.48584745,4,0,0
2025-09-27 18:54:19,386.216459,386,403975.34,6.51004452,4,0,0
2025-09-27 18:54:20,386.741668,386,403883.57,6.48584745,4,0,0
2025-09-27 18:54:20,386.742667,386,403975.34,6.51004452,4,0,0
2025-09-27 18:54:20,387.163559,387,403883.57,6.48584745,4,0,0
2025-09-27 18:54:20,387.164559,387,403975.34,6.51004452,4,0,0
2025-09-27 18:54:21,387.892349,387,403883.57,6.48584745,4,0,0
2025-09-27 18:54:21,387.893354,387,403886.03,6.486495941,4,0,0
2025-09-27 18:54:22,388.826908,388,403883.57,6.48584745,4,0,0
2025-09-27 18:54:22,388.826908,388,403886.03,6.486495941,4,0,0
2025-09-27 18:54:22,389.263657,389,403883.57,6.48584745,4,0,0
2025-09-27 18:54:22,389.263657,389,403886.03,6.486495941,4,0,0
2025-09-27 18:54:23,389.964562,389,403882.84,6.485654653,4,0,0
2025-09-27 18:54:23,389.964562,389,403883.57,6.48584745,4,0,0
2025-09-27 18:54:23,390.636832,390,403850.3,6.477076243,4,0,0
2025-09-27 18:54:23,390.637824,390,403882.84,6.485654653,4,0,0
2025-09-27 18:54:31,398.064075,398,402326.5,6.07531888,4,0,0
2025-09-27 18:54:31,398.064075,398,403850.3,6.477076243,4,0,0
2025-09-27 18:54:32,398.885681,398,402100.52,6.015739378,4,0,0
2025-09-27 18:54:32,398.88668,398,402326.5,6.07531888,4,0,0
2025-09-27 18:54:32,399.384721,399,401748.44,5.922911485,4,0,0
2025-09-27 18:54:32,399.385731,399,402100.52,6.015739378,4,0,0
2025-09-27 18:54:33,400.067078,400,401748.44,5.922911485,4,0,0
2025-09-27 18:54:33,400.068072,400,401844.93,5.948349463,4,0,0
2025-09-27 18:54:34,400.780999,400,401748.44,5.922911485,4,0,0
2025-09-27 18:54:34,400.780999,400,401824.24,5.942895061,4,0,0
2025-09-27 18:54:34,401.470796,401,401123.6,5.75816728,4,0,0
2025-09-27 18:54:34,401.470796,401,401693.95,5.908543581,4,0,0
2025-09-27 18:54:35,401.944356,401,401123.6,5.75816728,4,0,0
2025-09-27 18:54:35,401.945263,401,401441.25,5.841917787,4,0,0
2025-09-27 18:54:36,403.032778,403,401038.02,5.735604484,4,0,0
2025-09-27 18:54:36,403.03378,403,401123.6,5.75816728,4,0,0
2025-09-27 18:54:37,403.859562,403,401038.02,5.735604484,4,0,0
2025-09-27 18:54:37,403.859562,403,401038.02,5.735604484,4,0,0
2025-09-27 18:54:37,404.399606,404,401036.26,5.735141151,4,0,0
2025-09-27 18:54:37,404.399606,404,401038.02,5.735604484,4,0,0
2025-09-27 18:54:38,405.311025,405,398851.72,5.159176842,4,0,0
2025-09-27 18:54:38,405.311025,405,401036.26,5.735141151,4,0,0
2025-09-27 18:54:39,406.063586,406,398851.72,5.159176842,4,0,0
2025-09-27 18:54:39,406.063586,406,398851.72,5.159176842,4,0,0
2025-09-27 18:54:39,406.667478,406,398851.72,5.159176842,4,0,0
2025-09-27 18:54:39,406.668483,406,398851.72,5.159176842,4,0,0
2025-09-27 18:54:40,407.410797,407,398781.16,5.140573522,4,0,0
2025-09-27 18:54:40,407.410797,407,398851.72,5.159176842,4,0,0
2025-09-27 18:54:41,408.150955,408,398781.16,5.140573522,4,0,0
2025-09-27 18:54:41,408.150955,408,398781.16,5.140573522,4,0,0
2025-09-27 18:54:42,408.977959,408,398425.21,5.046725374,4,0,0
2025-09-27 18:54:42,408.977959,408,398721.04,5.124721786,4,0,0
2025-09-27 18:54:43,409.757327,409,398425.21,5.046725374,4,0,0
2025-09-27 18:54:43,409.757327,409,398425.21,5.046725374,4,0,0
2025-09-27 18:54:43,410.478831,410,398425.21,5.046725374,4,0,0
2025-09-27 18:54:43,410.479726,410,398425.21,5.046725374,4,0,0
2025-09-27 18:54:44,411.362232,411,398425.21,5.046725374,4,0,0
2025-09-27 18:54:44,411.363135,411,398425.21,5.046725374,4,0,0
2025-09-27 18:54:44,411.725354,411,398425.21,5.046725374,4,0,0
2025-09-27 18:54:44,411.726353,411,398425.21,5.046725374,4,0,0
2025-09-27 18:54:45,412.503195,412,398204.03,4.988409145,4,0,0
2025-09-27 18:54:45,412.503195,412,398425.21,5.046725374,4,0,0
2025-09-27 18:54:46,413.045251,413,398204.03,4.988409145,4,0,0
2025-09-27 18:54:46,413.046253,413,398425.21,5.046725374,4,0,0
2025-09-27 18:54:46,413.504665,413,398204.03,4.988409145,4,0,0
2025-09-27 18:54:46,413.504665,413,398425.21,5.046725374,4,0,0
2025-09-27 18:54:47,413.961269,413,398204.03,4.988409145,4,0,0
2025-09-27 18:54:47,413.961269,413,398425.21,5.046725374,4,0,0
2025-09-27 18:54:47,414.735436,414,398181.51,4.982472849,4,0,0
2025-09-27 18:54:47,414.736444,414,398204.03,4.988409145,4,0,0
2025-09-27 18:54:48,415.46726,415,398181.51,4.982472849,4,0,0
2025-09-27 18:54:48,415.468245,415,398204.03,4.988409145,4,0,0
2025-09-27 18:54:49,416.040378,416,398110.73,4.963811809,4,0,0
2025-09-27 18:54:49,416.040378,416,398148.33,4.973723944,4,0,0
2025-09-27 18:54:49,416.509291,416,398110.73,4.963811809,4,0,0
2025-09-27 18:54:49,416.509291,416,398110.73,4.963811809,4,0,0
2025-09-27 18:54:50,416.955057,416,398101.42,4.961357348,4,0,0
2025-09-27 18:54:50,416.956056,416,398110.73,4.963811809,4,0,0
2025-09-27 18:54:50,417.57182,417,398055.04,4.949126608,4,0,0
2025-09-27 18:54:50,417.57182,417,398101.42,4.961357348,4,0,0
2025-09-27 18:54:51,418.212175,418,398029.2,4.942315833,4,0,0
2025-09-27 18:54:51,418.212175,418,398055.04,4.949126608,4,0,0
2025-09-27 18:54:52,418.872524,418,397915.16,4.912248441,4,0,0
2025-09-27 18:54:52,418.873481,418,398029.2,4.942315833,4,0,0
2025-09-27 18:54:52,419.244477,419,397915.16,4.912248441,4,0,0
2025-09-27 18:54:52,419.244477,419,398029.2,4.942315833,4,0,0
2025-09-27 18:54:54,420.750454,420,397915.16,4.912248441,4,0,0
2025-09-27 18:54:54,420.751455,420,398029.2,4.942315833,4,0,0
2025-09-27 18:54:54,421.298002,421,397915.16,4.912248441,4,0,0
2025-09-27 18:54:54,421.299007,421,397919.15,4.913298998,4,0,0
2025-09-27 18:54:55,421.806859,421,397915.16,4.912248441,4,0,0
2025-09-27 18:54:55,421.807848,421,397915.16,4.912248441,4,0,0
2025-09-27 18:54:57,423.939681,423,397657.68,4.844361453,4,0,0
2025-09-27 18:54:57,423.939681,423,397915.16,4.912248441,4,0,0
2025-09-27 18:54:58,425.231821,425,397657.68,4.844361453,4,0,0
2025-09-27 18:54:58,425.231821,425,397868.11,4.89984284,4,0,0
2025-09-27 18:54:59,426.110079,426,397494.96,4.801460465,4,0,0
2025-09-27 18:54:59,426.111081,426,397657.68,4.844361453,4,0,0
2025-09-27 18:54:59,426.688956,426,397494.96,4.801460465,4,0,0
2025-09-27 18:54:59,426.688956,426,397535.42,4.812127129,4,0,0
2025-09-27 18:55:00,427.533054,427,397319.68,4.755246589,4,0,0
2025-09-27 18:55:00,427.534034,427,397494.96,4.801460465,4,0,0
2025-09-27 18:55:02,428.785235,428,397319.68,4.755246589,4,0,0
2025-09-27 18:55:02,428.786203,428,397494.96,4.801460465,4,0,0
2025-09-27 18:55:02,429.361149,429,397130.25,4.705303321,4,0,0
2025-09-27 18:55:02,429.361149,429,397319.68,4.755246589,4,0,0
2025-09-27 18:55:03,430.014196,430,397130.25,4.705303321,4,0,0
2025-09-27 18:55:03,430.015165,430,397319.68,4.755246589,4,0,0
2025-09-27 18:55:03,430.593165,430,396935.77,4.65402772,4,0,0
2025-09-27 18:55:03,430.593165,430,397130.25,4.705303321,4,0,0
2025-09-27 18:55:04,431.150771,431,396932.39,4.653134686,4,0,0
2025-09-27 18:55:04,431.150771,431,396935.77,4.65402772,4,0,0
2025-09-27 18:55:04,431.638065,431,396932.39,4.653134686,4,0,0
2025-09-27 18:55:04,431.639067,431,396935.77,4.65402772,4,0,0
2025-09-27 18:55:06,432.956932,432,396932.39,4.653134686,4,0,0
2025-09-27 18:55:06,432.957936,432,396935.77,4.65402772,4,0,0
2025-09-27 18:55:06,433.583154,433,396932.39,4.653134686,4,0,0
2025-09-27 18:55:06,433.584154,433,396932.39,4.653134686,4,0,0
2025-09-27 18:55:08,434.803064,434,395666.22,4.319302839,4,0,0
2025-09-27 18:55:08,434.803064,434,396932.39,4.653134686,4,0,0
2025-09-27 18:55:08,435.163074,435,395666.22,4.319302839,4,0,0
2025-09-27 18:55:08,435.164018,435,395666.22,4.319302839,4,0,0
2025-09-27 18:55:08,435.555037,435,395666.22,4.319302839,4,0,0
2025-09-27 18:55:08,435.555037,435,395666.22,4.319302839,4,0,0
2025-09-27 18:55:09,436.165175,436,395646.31,4.314054025,4,0,0
2025-09-27 18:55:09,436.166146,436,395666.22,4.319302839,4,0,0
2025-09-27 18:55:10,436.771573,436,394942.89,4.128593916,4,0,0
2025-09-27 18:55:10,436.772574,436,395646.31,4.314054025,4,0,0
2025-09-27 18:55:10,437.553593,437,394942.89,4.128593916,4,0,0
2025-09-27 18:55:10,437.554585,437,395416.41,4.253441576,4,0,0
2025-09-27 18:55:11,438.099749,438,394942.89,4.128593916,4,0,0
2025-09-27 18:55:11,438.100719,438,395416.41,4.253441576,4,0,0
2025-09-27 18:55:11,438.525538,438,394942.89,4.128593916,4,0,0
2025-09-27 18:55:11,438.526539,438,394984.8,4.139645399,4,0,0
2025-09-27 18:55:12,439.146609,439,394823.96,4.097238565,4,0,0
2025-09-27 18:55:12,439.146609,439,394942.89,4.128593916,4,0,0
2025-09-27 18:55:14,441.534555,441,394823.96,4.097238565,4,0,0
2025-09-27 18:55:14,441.535455,441,394823.96,4.097238565,4,0,0
2025-09-27 18:55:15,442.082037,442,394823.96,4.097238565,4,0,0
2025-09-27 18:55:15,442.083036,442,394823.96,4.097238565,4,0,0
2025-09-27 18:55:15,442.714928,442,394757.2,4.079635141,4,0,0
2025-09-27 18:55:15,442.714928,442,394823.96,4.097238565,4,0,0
2025-09-27 18:55:16,443.415738,443,394757.2,4.079635141,4,0,0
2025-09-27 18:55:16,443.416744,443,394823.96,4.097238565,4,0,0
2025-09-27 18:55:17,443.797499,443,394757.2,4.079635141,4,0,0
2025-09-27 18:55:17,443.797499,443,394823.96,4.097238565,4,0,0
2025-09-27 18:55:17,444.670797,444,394757.2,4.079635141,4,0,0
2025-09-27 18:55:17,444.670797,444,394757.2,4.079635141,4,0,0
2025-09-27 18:55:18,445.649686,445,394562.38,4.028270061,4,0,0
2025-09-27 18:55:18,445.649686,445,394757.2,4.079635141,4,0,0
2025-09-27 18:55:19,446.198894,446,394562.38,4.028270061,4,0,0
2025-09-27 18:55:19,446.198894,446,394684.46,4.060457978,4,0,0
2025-09-27 18:55:20,446.831026,446,394557.17,4.026897777,4,0,0
2025-09-27 18:55:20,446.832023,446,394562.38,4.028270061,4,0,0
2025-09-27 18:55:20,447.649964,447,394557.17,4.026897777,4,0,0
2025-09-27 18:55:20,447.650913,447,394562.38,4.028270061,4,0,0
2025-09-27 18:55:21,448.250989,448,394557.17,4.026897777,4,0,0
2025-09-27 18:55:21,448.250989,448,394562.38,4.028270061,4,0,0
2025-09-27 18:55:22,449.371235,449,394493.9,4.010216987,4,0,0
2025-09-27 18:55:22,449.371235,449,394557.17,4.026897777,4,0,0
2025-09-27 18:55:23,449.817236,449,394493.9,4.010216987,4,0,0
2025-09-27 18:55:23,449.817236,449,394493.9,4.010216987,4,0,0
2025-09-27 18:55:23,450.477094,450,394493.9,4.010216987,4,0,0
2025-09-27 18:55:23,450.477094,450,394493.9,4.010216987,4,0,0
2025-09-27 18:55:25,451.815959,451,394493.9,4.010216987,4,0,0
2025-09-27 18:55:25,451.815959,451,394493.9,4.010216987,4,0,0
2025-09-27 18:55:25,452.582488,452,394493.9,4.010216987,4,0,0
2025-09-27 18:55:25,452.58339,452,394493.9,4.010216987,4,0,0
2025-09-27 18:55:26,453.291739,453,394476.27,4.005567208,4,0,0
2025-09-27 18:55:26,453.292772,453,394493.9,4.010216987,4,0,0
2025-09-27 18:55:27,454.275603,454,394476.27,4.005567208,4,0,0
2025-09-27 18:55:27,454.276603,454,394488.4,4.008764909,4,0,0
2025-09-27 18:55:28,455.479805,455,394476.27,4.005567208,4,0,0
2025-09-27 18:55:28,455.480804,455,394488.4,4.008764909,4,0,0
2025-09-27 18:55:29,456.120841,456,394476.27,4.005567208,4,0,0
2025-09-27 18:55:29,456.121844,456,394476.27,4.005567208,4,0,0
2025-09-27 18:55:30,456.943827,456,394476.27,4.005567208,4,0,0
2025-09-27 18:55:30,456.944818,456,394476.27,4.005567208,4,0,0
2025-09-27 18:55:30,457.460226,457,394210.48,3.935490398,4,0,0
2025-09-27 18:55:30,457.461227,457,394476.27,4.005567208,4,0,0
2025-09-27 18:55:31,458.046202,458,394210.48,3.935490398,4,0,0
2025-09-27 18:55:31,458.047206,458,394210.48,3.935490398,4,0,0
2025-09-27 18:55:32,459.051068,459,394210.48,3.935490398,4,0,0
2025-09-27 18:55:32,459.05207,459,394210.48,3.935490398,4,0,0
2025-09-27 18:55:32,459.562634,459,394210.48,3.935490398,4,0,0
2025-09-27 18:55:32,459.562634,459,394210.48,3.935490398,4,0,0
2025-09-27 18:55:33,460.352725,460,394205.99,3.934306044,4,0,0
2025-09-27 18:55:33,460.352725,460,394210.48,3.935490398,4,0,0
2025-09-27 18:55:34,460.926026,460,394205.99,3.934306044,4,0,0
2025-09-27 18:55:34,460.927009,460,394210.48,3.935490398,4,0,0
2025-09-27 18:55:34,461.343037,461,394205.99,3.934306044,4,0,0
2025-09-27 18:55:34,461.344037,461,394210.48,3.935490398,4,0,0
2025-09-27 18:55:35,462.094582,462,394205.99,3.934306044,4,0,0
2025-09-27 18:55:35,462.094582,462,394205.99,3.934306044,4,0,0
2025-09-27 18:55:35,462.5264,462,394205.99,3.934306044,4,0,0
2025-09-27 18:55:35,462.527402,462,394205.99,3.934306044,4,0,0
2025-09-27 18:55:38,465.002855,465,394205.99,3.934306044,4,0,0
2025-09-27 18:55:38,465.00386,465,394205.99,3.934306044,4,0,0
2025-09-27 18:55:39,466.199284,466,394205.99,3.934306044,4,0,0
2025-09-27 18:55:39,466.199284,466,394205.99,3.934306044,4,0,0
2025-09-27 18:55:40,466.879831,466,394205.99,3.934306044,4,0,0
2025-09-27 18:55:40,466.879831,466,394205.99,3.934306044,4,0,0
2025-09-27 18:55:40,467.618003,467,394140.24,3.916972974,4,0,0
2025-09-27 18:55:40,467.619005,467,394205.99,3.934306044,4,0,0
2025-09-27 18:55:41,468.040952,468,394140.24,3.916972974,4,0,0
2025-09-27 18:55:41,468.041958,468,394142.63,3.91760311,4,0,0
2025-09-27 18:55:41,468.501561,468,394140.24,3.916972974,4,0,0
2025-09-27 18:55:41,468.502568,468,394140.24,3.916972974,4,0,0
2025-09-27 18:55:42,469.548032,469,394109.53,3.908875794,4,0,0
2025-09-27 18:55:42,469.548032,469,394140.24,3.916972974,4,0,0
2025-09-27 18:55:43,469.999136,469,394109.53,3.908875794,4,0,0
2025-09-27 18:55:43,470.000038,470,394140.24,3.916972974,4,0,0
2025-09-27 18:55:44,470.913655,470,393972.37,3.872711755,4,0,0
2025-09-27 18:55:44,470.913655,470,394109.53,3.908875794,4,0,0
2025-09-27 18:55:45,472.379355,472,393972.37,3.872711755,4,0,0
2025-09-27 18:55:45,472.380251,472,394109.53,3.908875794,4,0,0
2025-09-27 18:55:46,473.678276,473,393972.37,3.872711755,4,0,0
2025-09-27 18:55:46,473.678276,473,394109.53,3.908875794,4,0,0
2025-09-27 18:55:47,474.494163,474,393972.37,3.872711755,4,0,0
2025-09-27 18:55:47,474.495403,474,394109.53,3.908875794,4,0,0
2025-09-27 18:55:48,475.257861,475,393777.89,3.821436154,4,0,0
2025-09-27 18:55:48,475.257861,475,393972.37,3.872711755,4,0,0
2025-09-27 18:55:49,475.867961,475,393777.89,3.821436154,4,0,0
2025-09-27 18:55:49,475.868961,475,393972.37,3.872711755,4,0,0
2025-09-27 18:55:49,476.53513,476,393777.89,3.821436154,4,0,0
2025-09-27 18:55:49,476.536128,476,393972.37,3.872711755,4,0,0
2025-09-27 18:55:50,477.02886,477,393777.89,3.821436154,4,0,0
2025-09-27 18:55:50,477.029845,477,393787.71,3.824025103,4,0,0
2025-09-27 18:55:50,477.587088,477,393777.89,3.821436154,4,0,0
2025-09-27 18:55:50,477.587088,477,393787.71,3.824025103,4,0,0
2025-09-27 18:55:51,478.585403,478,393777.89,3.821436154,4,0,0
2025-09-27 18:55:51,478.585403,478,393787.71,3.824025103,4,0,0
2025-09-27 18:55:52,479.33767,479,393777.89,3.821436154,4,0,0
2025-09-27 18:55:52,479.338678,479,393777.89,3.821436154,4,0,0
2025-09-27 18:55:53,480.099836,480,393777.89,3.821436154,4,0,0
2025-09-27 18:55:53,480.099836,480,393777.89,3.821436154,4,0,0
2025-09-27 18:55:53,480.501941,480,393777.89,3.821436154,4,0,0
2025-09-27 18:55:53,480.501941,480,393777.89,3.821436154,4,0,0
2025-09-27 18:55:54,481.114158,481,393777.89,3.821436154,4,0,0
2025-09-27 18:55:54,481.115163,481,393777.89,3.821436154,4,0,0
2025-09-27 18:55:54,481.5301,481,393777.89,3.821436154,4,0,0
2025-09-27 18:55:54,481.53113,481,393777.89,3.821436154,4,0,0
2025-09-27 18:55:55,481.821656,481,393777.89,3.821436154,4,0,0
2025-09-27 18:55:55,481.822662,481,393777.89,3.821436154,4,0,0
2025-09-27 18:55:55,482.361606,482,393777.89,3.821436154,4,0,0
2025-09-27 18:55:55,482.361606,482,393777.89,3.821436154,4,0,0
2025-09-27 18:55:56,483.6512,483,393777.89,3.821436154,4,0,0
2025-09-27 18:55:56,483.652162,483,393777.89,3.821436154,4,0,0
2025-09-27 18:55:57,484.067135,484,393777.89,3.821436154,4,0,0
2025-09-27 18:55:57,484.067135,484,393777.89,3.821436154,4,0,0
2025-09-27 18:55:57,484.580397,484,393777.89,3.821436154,4,0,0
2025-09-27 18:55:57,484.581374,484,393777.89,3.821436154,4,0,0
2025-09-27 18:55:58,484.924627,484,393777.89,3.821436154,4,0,0
2025-09-27 18:55:58,484.925621,484,393777.89,3.821436154,4,0,0
2025-09-27 18:55:58,485.68147,485,393777.89,3.821436154,4,0,0
2025-09-27 18:55:58,485.682454,485,393777.89,3.821436154,4,0,0
2025-09-27 18:56:00,487.353124,487,393641.93,3.78558886,4,0,0
2025-09-27 18:56:00,487.354125,487,393777.89,3.821436154,4,0,0
2025-09-27 18:56:01,487.76529,487,393641.93,3.78558886,4,0,0
2025-09-27 18:56:01,487.766296,487,393777.89,3.821436154,4,0,0
2025-09-27 18:56:01,488.292481,488,393641.93,3.78558886,4,0,0
2025-09-27 18:56:01,488.292481,488,393641.93,3.78558886,4,0,0
2025-09-27 18:56:02,489.052842,489,393641.93,3.78558886,4,0,0
2025-09-27 18:56:02,489.053843,489,393641.93,3.78558886,4,0,0
2025-09-27 18:56:03,490.199754,490,393641.93,3.78558886,4,0,0
2025-09-27 18:56:03,490.199754,490,393641.93,3.78558886,4,0,0
2025-09-27 18:56:03,490.596968,490,393641.93,3.78558886,4,0,0
2025-09-27 18:56:03,490.597988,490,393641.93,3.78558886,4,0,0
2025-09-27 18:56:05,491.815793,491,393641.93,3.78558886,4,0,0
2025-09-27 18:56:05,491.816797,491,393641.93,3.78558886,4,0,0
2025-09-27 18:56:05,492.485887,492,393641.93,3.78558886,4,0,0
2025-09-27 18:56:05,492.486886,492,393641.93,3.78558886,4,0,0
2025-09-27 18:56:06,492.995693,492,393641.93,3.78558886,4,0,0
2025-09-27 18:56:06,492.995693,492,393641.93,3.78558886,4,0,0
2025-09-27 18:56:06,493.624911,493,393641.93,3.78558886,4,0,0
2025-09-27 18:56:06,493.626089,493,393641.93,3.78558886,4,0,0
2025-09-27 18:56:07,494.553933,494,393641.93,3.78558886,4,0,0
2025-09-27 18:56:07,494.554934,494,393641.93,3.78558886,4,0,0
2025-09-27 18:56:08,495.077393,495,393641.93,3.78558886,4,0,0
2025-09-27 18:56:08,495.077393,495,393641.93,3.78558886,4,0,0
2025-09-27 18:56:09,496.012343,496,393641.93,3.78558886,4,0,0
2025-09-27 18:56:09,496.012343,496,393641.93,3.78558886,4,0,0
2025-09-27 18:56:09,496.706529,496,393641.93,3.78558886,4,0,0
2025-09-27 18:56:09,496.707526,496,393641.93,3.78558886,4,0,0
2025-09-27 18:56:10,497.159443,497,393641.93,3.78558886,4,0,0
2025-09-27 18:56:10,497.159443,497,393641.93,3.78558886,4,0,0
2025-09-27 18:56:11,497.854743,497,393416.92,3.726265087,4,0,0
2025-09-27 18:56:11,497.854743,497,393641.93,3.78558886,4,0,0
2025-09-27 18:56:12,498.826085,498,393416.92,3.726265087,4,0,0
2025-09-27 18:56:12,498.827094,498,393416.92,3.726265087,4,0,0
2025-09-27 18:56:12,499.243347,499,393416.92,3.726265087,4,0,0
2025-09-27 18:56:12,499.243347,499,393416.92,3.726265087,4,0,0
2025-09-27 18:56:13,500.447791,500,393416.92,3.726265087,4,0,0
2025-09-27 18:56:13,500.447791,500,393416.92,3.726265087,4,0,0
2025-09-27 18:56:15,501.869133,501,393416.92,3.726265087,4,0,0
2025-09-27 18:56:15,501.869133,501,393416.92,3.726265087,4,0,0
2025-09-27 18:56:15,502.630477,502,393416.92,3.726265087,4,0,0
2025-09-27 18:56:15,502.630477,502,393416.92,3.726265087,4,0,0
2025-09-27 18:56:16,503.473331,503,393416.92,3.726265087,4,0,0
2025-09-27 18:56:16,503.474325,503,393416.92,3.726265087,4,0,0
2025-09-27 18:56:17,504.403106,504,393416.92,3.726265087,4,0,0
2025-09-27 18:56:17,504.403106,504,393416.92,3.726265087,4,0,0
2025-09-27 18:56:18,505.108313,505,393416.92,3.726265087,4,0,0
2025-09-27 18:56:18,505.108313,505,393416.92,3.726265087,4,0,0
2025-09-27 18:56:19,506.377845,506,393287.54,3.692152765,4,0,0
2025-09-27 18:56:19,506.378833,506,393416.92,3.726265087,4,0,0
2025-09-27 18:56:20,507.190802,507,393287.54,3.692152765,4,0,0
2025-09-27 18:56:20,507.191786,507,393299.69,3.695356595,4,0,0
2025-09-27 18:56:22,508.980361,508,393245.91,3.681178517,4,0,0
2025-09-27 18:56:22,508.98136,508,393287.54,3.692152765,4,0,0
2025-09-27 18:56:22,509.674886,509,393245.91,3.681178517,4,0,0
2025-09-27 18:56:22,509.675842,509,393287.54,3.692152765,4,0,0
2025-09-27 18:56:23,510.353833,510,393245.91,3.681178517,4,0,0
2025-09-27 18:56:23,510.353833,510,393287.54,3.692152765,4,0,0
2025-09-27 18:56:24,511.017651,511,393171.03,3.66143604,4,0,0
2025-09-27 18:56:24,511.017651,511,393245.91,3.681178517,4,0,0
2025-09-27 18:56:25,512.397737,512,393171.03,3.66143604,4,0,0
2025-09-27 18:56:25,512.397737,512,393227.03,3.676200602,4,0,0
2025-09-27 18:56:26,512.862435,512,392918.18,3.594769311,4,0,0
2025-09-27 18:56:26,512.863433,512,393171.03,3.66143604,4,0,0
2025-09-27 18:56:26,513.518724,513,392918.18,3.594769311,4,0,0
2025-09-27 18:56:26,513.519731,513,393171.03,3.66143604,4,0,0
2025-09-27 18:56:27,514.104942,514,392918.18,3.594769311,4,0,0
2025-09-27 18:56:27,514.105945,514,393171.03,3.66143604,4,0,0
2025-09-27 18:56:28,515.095536,515,392918.18,3.594769311,4,0,0
2025-09-27 18:56:28,515.096521,515,393171.03,3.66143604,4,0,0
2025-09-27 18:56:28,515.602781,515,392918.18,3.594769311,4,0,0
2025-09-27 18:56:28,515.602781,515,392918.18,3.594769311,4,0,0
2025-09-27 18:56:29,516.364517,516,392918.18,3.594769311,4,0,0
2025-09-27 18:56:29,516.365528,516,392918.18,3.594769311,4,0,0
2025-09-27 18:56:30,516.946827,516,392918.18,3.594769311,4,0,0
2025-09-27 18:56:30,516.947825,516,392918.18,3.594769311,4,0,0
2025-09-27 18:56:31,518.2942,518,392918.18,3.594769311,4,0,0
2025-09-27 18:56:31,518.2942,518,392918.18,3.594769311,4,0,0
2025-09-27 18:56:31,518.740255,518,392918.18,3.594769311,4,0,0
2025-09-27 18:56:31,518.740255,518,392918.18,3.594769311,4,0,0
2025-09-27 18:56:33,519.90138,519,392918.18,3.594769311,4,0,0
2025-09-27 18:56:33,519.90138,519,392918.18,3.594769311,4,0,0
2025-09-27 18:56:34,520.872379,520,392918.18,3.594769311,4,0,0
2025-09-27 18:56:34,520.873369,520,392918.18,3.594769311,4,0,0
2025-09-27 18:56:34,521.374283,521,392918.18,3.594769311,4,0,0
2025-09-27 18:56:34,521.374283,521,392918.18,3.594769311,4,0,0
2025-09-27 18:56:35,522.010566,522,392918.18,3.594769311,4,0,0
2025-09-27 18:56:35,522.010566,522,392918.18,3.594769311,4,0,0
2025-09-27 18:56:35,522.466536,522,392914.59,3.593824714,4,0,0
2025-09-27 18:56:35,522.466536,522,392918.18,3.594769311,4,0,0
2025-09-27 18:56:37,523.872723,523,392914.59,3.593824714,4,0,0
2025-09-27 18:56:37,523.872723,523,392918.18,3.594769311,4,0,0
2025-09-27 18:56:37,524.417056,524,392914.59,3.593824714,4,0,0
2025-09-27 18:56:37,524.417056,524,392918.18,3.594769311,4,0,0
2025-09-27 18:56:38,525.153522,525,392914.59,3.593824714,4,0,0
2025-09-27 18:56:38,525.154516,525,392914.59,3.593824714,4,0,0
2025-09-27 18:56:39,526.184952,526,392914.59,3.593824714,4,0,0
2025-09-27 18:56:39,526.184952,526,392914.59,3.593824714,4,0,0
2025-09-27 18:56:40,526.942637,526,392895.92,3.588900102,4,0,0
2025-09-27 18:56:40,526.942637,526,392914.59,3.593824714,4,0,0
2025-09-27 18:56:40,527.689356,527,392895.92,3.588900102,4,0,0
2025-09-27 18:56:40,527.690357,527,392895.92,3.588900102,4,0,0
2025-09-27 18:56:42,529.170279,529,392895.92,3.588900102,4,0,0
2025-09-27 18:56:42,529.17122,529,392895.92,3.588900102,4,0,0
2025-09-27 18:56:42,529.695845,529,392895.92,3.588900102,4,0,0
2025-09-27 18:56:42,529.696845,529,392895.92,3.588900102,4,0,0
2025-09-27 18:56:43,530.368539,530,392895.92,3.588900102,4,0,0
2025-09-27 18:56:43,530.368539,530,392895.92,3.588900102,4,0,0
2025-09-27 18:56:44,531.145364,531,392895.92,3.588900102,4,0,0
2025-09-27 18:56:44,531.146369,531,392895.92,3.588900102,4,0,0
2025-09-27 18:56:45,531.757471,531,392880.4,3.584809137,4,0,0
2025-09-27 18:56:45,531.757471,531,392895.92,3.588900102,4,0,0
2025-09-27 18:56:45,532.407617,532,392880.4,3.584809137,4,0,0
2025-09-27 18:56:45,532.408613,532,392880.4,3.584809137,4,0,0
2025-09-27 18:56:46,533.475881,533,392880.4,3.584809137,4,0,0
2025-09-27 18:56:46,533.476881,533,392880.4,3.584809137,4,0,0
2025-09-27 18:56:47,533.934403,533,392880.4,3.584809137,4,0,0
2025-09-27 18:56:47,533.934403,533,392880.4,3.584809137,4,0,0
2025-09-27 18:56:47,534.466807,534,392880.4,3.584809137,4,0,0
2025-09-27 18:56:47,534.466807,534,392880.4,3.584809137,4,0,0
2025-09-27 18:56:50,537.018235,537,392833.47,3.572435487,4,0,0
2025-09-27 18:56:50,537.018235,537,392880.4,3.584809137,4,0,0
2025-09-27 18:56:51,538.27728,538,392833.47,3.572435487,4,0,0
2025-09-27 18:56:51,538.27728,538,392880.4,3.584809137,4,0,0
2025-09-27 18:56:53,540.48695,540,392833.47,3.572435487,4,0,0
2025-09-27 18:56:53,540.487956,540,392880.4,3.584809137,4,0,0
2025-09-27 18:56:54,540.985466,540,392833.47,3.572435487,4,0,0
2025-09-27 18:56:54,540.986478,540,392880.4,3.584809137,4,0,0
2025-09-27 18:56:55,542.523725,542,392833.47,3.572435487,4,0,0
2025-09-27 18:56:55,542.523725,542,392833.47,3.572435487,4,0,0
2025-09-27 18:56:56,543.148907,543,392833.47,3.572435487,4,0,0
2025-09-27 18:56:56,543.14991,543,392833.47,3.572435487,4,0,0
2025-09-27 18:56:56,543.545608,543,392833.47,3.572435487,4,0,0
2025-09-27 18:56:56,543.546605,543,392833.47,3.572435487,4,0,0
2025-09-27 18:56:57,544.274901,544,392833.47,3.572435487,4,0,0
2025-09-27 18:56:57,544.275874,544,392833.47,3.572435487,4,0,0
2025-09-27 18:56:58,545.037627,545,392833.47,3.572435487,4,0,0
2025-09-27 18:56:58,545.037627,545,392833.47,3.572435487,4,0,0
2025-09-27 18:56:58,545.58009,545,392833.47,3.572435487,4,0,0
2025-09-27 18:56:58,545.581027,545,392833.47,3.572435487,4,0,0
2025-09-27 18:56:59,546.320761,546,392833.47,3.572435487,4,0,0
2025-09-27 18:56:59,546.321766,546,392833.47,3.572435487,4,0,0
2025-09-27 18:57:00,547.273064,547,392684.04,3.533037498,4,0,0
2025-09-27 18:57:00,547.274063,547,392746.25,3.549438593,4,0,0
2025-09-27 18:57:01,547.770291,547,392684.04,3.533037498,4,0,0
2025-09-27 18:57:01,547.771299,547,392746.25,3.549438593,4,0,0
2025-09-27 18:57:02,549.41175,549,392684.04,3.533037498,4,0,0
2025-09-27 18:57:02,549.412649,549,392746.25,3.549438593,4,0,0
2025-09-27 18:57:03,550.589013,550,392684.04,3.533037498,4,0,0
2025-09-27 18:57:03,550.590006,550,392693.62,3.53556364,4,0,0
2025-09-27 18:57:04,551.186071,551,392608.83,3.51320893,4,0,0
2025-09-27 18:57:04,551.187042,551,392684.04,3.533037498,4,0,0
2025-09-27 18:57:04,551.714488,551,392608.83,3.51320893,4,0,0
2025-09-27 18:57:04,551.715558,551,392608.83,3.51320893,4,0,0
2025-09-27 18:57:05,552.105517,552,392608.83,3.51320893,4,0,0
2025-09-27 18:57:05,552.105517,552,392608.83,3.51320893,4,0,0
2025-09-27 18:57:05,552.412863,552,392608.83,3.51320893,4,0,0
2025-09-27 18:57:05,552.41383,552,392608.83,3.51320893,4,0,0
2025-09-27 18:57:06,553.089899,553,392608.83,3.51320893,4,0,0
2025-09-27 18:57:06,553.090899,553,392608.83,3.51320893,4,0,0
2025-09-27 18:57:06,553.57838,553,392608.83,3.51320893,4,0,0
2025-09-27 18:57:06,553.57838,553,392608.83,3.51320893,4,0,0
2025-09-27 18:57:07,554.197646,554,392608.83,3.51320893,4,0,0
2025-09-27 18:57:07,554.197646,554,392608.83,3.51320893,4,0,0
2025-09-27 18:57:07,554.557203,554,392608.83,3.51320893,4,0,0
2025-09-27 18:57:07,554.558201,554,392608.83,3.51320893,4,0,0
2025-09-27 18:57:08,555.227496,555,392608.83,3.51320893,4,0,0
2025-09-27 18:57:08,555.228496,555,392608.83,3.51320893,4,0,0
2025-09-27 18:57:09,556.284306,556,392608.83,3.51320893,4,0,0
2025-09-27 18:57:09,556.285308,556,392608.83,3.51320893,4,0,0
2025-09-27 18:57:10,556.951332,556,392608.83,3.51320893,4,0,0
2025-09-27 18:57:10,556.952335,556,392608.83,3.51320893,4,0,0
2025-09-27 18:57:11,558.075363,558,392608.83,3.51320893,4,0,0
2025-09-27 18:57:11,558.07626,558,392608.83,3.51320893,4,0,0
2025-09-27 18:57:11,558.627602,558,392608.83,3.51320893,4,0,0
2025-09-27 18:57:11,558.6286,558,392608.83,3.51320893,4,0,0
2025-09-27 18:57:12,559.386408,559,392608.83,3.51320893,4,0,0
2025-09-27 18:57:12,559.386408,559,392608.83,3.51320893,4,0,0
2025-09-27 18:57:13,559.882012,559,392608.83,3.51320893,4,0,0
2025-09-27 18:57:13,559.883015,559,392608.83,3.51320893,4,0,0
2025-09-27 18:57:13,560.23647,560,392608.83,3.51320893,4,0,0
2025-09-27 18:57:13,560.237599,560,392608.83,3.51320893,4,0,0
2025-09-27 18:57:14,560.832356,560,392608.83,3.51320893,4,0,0
2025-09-27 18:57:14,560.832356,560,392608.83,3.51320893,4,0,0
2025-09-27 18:57:15,561.783415,561,392608.83,3.51320893,4,0,0
2025-09-27 18:57:15,561.784405,561,392608.83,3.51320893,4,0,0
2025-09-27 18:57:15,562.103148,562,392608.83,3.51320893,4,0,0
2025-09-27 18:57:15,562.104152,562,392608.83,3.51320893,4,0,0
2025-09-27 18:57:15,562.560212,562,392608.83,3.51320893,4,0,0
2025-09-27 18:57:15,562.561209,562,392608.83,3.51320893,4,0,0
2025-09-27 18:57:16,563.160832,563,392608.83,3.51320893,4,0,0
2025-09-27 18:57:16,563.161774,563,392608.83,3.51320893,4,0,0
2025-09-27 18:57:17,564.097179,564,392608.83,3.51320893,4,0,0
2025-09-27 18:57:17,564.098164,564,392608.83,3.51320893,4,0,0
2025-09-27 18:57:17,564.736968,564,392607.72,3.512916856,4,0,0
2025-09-27 18:57:17,564.736968,564,392608.83,3.51320893,4,0,0
2025-09-27 18:57:19,565.989748,565,392607.72,3.512916856,4,0,0
2025-09-27 18:57:19,565.990752,565,392608.83,3.51320893,4,0,0
2025-09-27 18:57:20,566.964772,566,392607.72,3.512916856,4,0,0
2025-09-27 18:57:20,566.964772,566,392608.83,3.51320893,4,0,0
2025-09-27 18:57:21,568.284898,568,392595.34,3.509650829,4,0,0
2025-09-27 18:57:21,568.284898,568,392607.72,3.512916856,4,0,0
2025-09-27 18:57:22,569.162057,569,392595.34,3.509650829,4,0,0
2025-09-27 18:57:22,569.163061,569,392607.72,3.512916856,4,0,0
2025-09-27 18:57:23,569.773856,569,392595.34,3.509650829,4,0,0
2025-09-27 18:57:23,569.773856,569,392607.72,3.512916856,4,0,0
2025-09-27 18:57:24,570.775645,570,392595.34,3.509650829,4,0,0
2025-09-27 18:57:24,570.775645,570,392607.72,3.512916856,4,0,0
2025-09-27 18:57:24,571.631321,571,392595.34,3.509650829,4,0,0
2025-09-27 18:57:24,571.631321,571,392607.72,3.512916856,4,0,0
2025-09-27 18:57:25,572.176072,572,392595.34,3.509650829,4,0,0
2025-09-27 18:57:25,572.176989,572,392607.72,3.512916856,4,0,0
2025-09-27 18:57:26,572.934662,572,392595.34,3.509650829,4,0,0
2025-09-27 18:57:26,572.935669,572,392607.72,3.512916856,4,0,0
2025-09-27 18:57:26,573.402309,573,392595.34,3.509650829,4,0,0
2025-09-27 18:57:26,573.403315,573,392607.72,3.512916856,4,0,0
2025-09-27 18:57:27,574.250725,574,392595.34,3.509650829,4,0,0
2025-09-27 18:57:27,574.250725,574,392595.34,3.509650829,4,0,0
2025-09-27 18:57:28,575.731478,575,392595.34,3.509650829,4,0,0
2025-09-27 18:57:28,575.732421,575,392595.34,3.509650829,4,0,0
2025-09-27 18:57:29,576.197083,576,392595.34,3.509650829,4,0,0
2025-09-27 18:57:29,576.197083,576,392595.34,3.509650829,4,0,0
2025-09-27 18:57:31,578.41091,578,392595.34,3.509650829,4,0,0
2025-09-27 18:57:31,578.411798,578,392595.34,3.509650829,4,0,0
2025-09-27 18:57:32,579.161335,579,392595.34,3.509650829,4,0,0
2025-09-27 18:57:32,579.161335,579,392595.34,3.509650829,4,0,0
2025-09-27 18:57:33,579.821153,579,392595.34,3.509650829,4,0,0
2025-09-27 18:57:33,579.821153,579,392595.34,3.509650829,4,0,0
2025-09-27 18:57:34,580.927586,580,392595.34,3.509650829,4,0,0
2025-09-27 18:57:34,580.928585,580,392595.34,3.509650829,4,0,0
2025-09-27 18:57:34,581.573049,581,392595.34,3.509650829,4,0,0
2025-09-27 18:57:34,581.573049,581,392595.34,3.509650829,4,0,0
2025-09-27 18:57:35,582.278567,582,392595.34,3.509650829,4,0,0
2025-09-27 18:57:35,582.278567,582,392595.34,3.509650829,4,0,0
2025-09-27 18:57:36,582.781567,582,392585.76,3.507124687,4,0,0
2025-09-27 18:57:36,582.781567,582,392595.34,3.509650829,4,0,0
2025-09-27 18:57:36,583.272476,583,392585.76,3.507124687,4,0,0
2025-09-27 18:57:36,583.272476,583,392595.34,3.509650829,4,0,0
2025-09-27 18:57:36,583.630316,583,392585.76,3.507124687,4,0,0
2025-09-27 18:57:36,583.631323,583,392585.76,3.507124687,4,0,0
2025-09-27 18:57:37,584.195201,584,392585.76,3.507124687,4,0,0
2025-09-27 18:57:37,584.195201,584,392585.76,3.507124687,4,0,0
2025-09-27 18:57:38,585.102381,585,392585.76,3.507124687,4,0,0
2025-09-27 18:57:38,585.103383,585,392585.76,3.507124687,4,0,0
2025-09-27 18:57:38,585.659499,585,392585.76,3.507124687,4,0,0
2025-09-27 18:57:38,585.659499,585,392585.76,3.507124687,4,0,0
2025-09-27 18:57:40,586.921949,586,392585.76,3.507124687,4,0,0
2025-09-27 18:57:40,586.921949,586,392585.76,3.507124687,4,0,0
2025-09-27 18:57:40,587.46395,587,392585.76,3.507124687,4,0,0
2025-09-27 18:57:40,587.464954,587,392585.76,3.507124687,4,0,0
2025-09-27 18:57:42,589.000404,589,392585.76,3.507124687,4,0,0
2025-09-27 18:57:42,589.000404,589,392585.76,3.507124687,4,0,0
2025-09-27 18:57:42,589.529167,589,392585.76,3.507124687,4,0,0
2025-09-27 18:57:42,589.529167,589,392585.76,3.507124687,4,0,0
2025-09-27 18:57:43,590.121166,590,392585.76,3.507124687,4,0,0
2025-09-27 18:57:43,590.121166,590,392585.76,3.507124687,4,0,0
2025-09-27 18:57:43,590.417003,590,392585.76,3.507124687,4,0,0
2025-09-27 18:57:43,590.417003,590,392585.76,3.507124687,4,0,0
2025-09-27 18:57:44,591.025119,591,392585.76,3.507124687,4,0,0
2025-09-27 18:57:44,591.026121,591,392585.76,3.507124687,4,0,0
2025-09-27 18:57:44,591.519396,591,392585.76,3.507124687,4,0,0
2025-09-27 18:57:44,591.520395,591,392585.76,3.507124687,4,0,0
2025-09-27 18:57:45,592.014418,592,392585.76,3.507124687,4,0,0
2025-09-27 18:57:45,592.014418,592,392585.76,3.507124687,4,0,0
2025-09-27 18:57:46,593.736857,593,392585.76,3.507124687,4,0,0
2025-09-27 18:57:46,593.736857,593,392585.76,3.507124687,4,0,0
2025-09-27 18:57:47,594.322992,594,392585.76,3.507124687,4,0,0
2025-09-27 18:57:47,594.323994,594,392585.76,3.507124687,4,0,0
2025-09-27 18:57:48,594.97253,594,392585.76,3.507124687,4,0,0
2025-09-27 18:57:48,594.973529,594,392585.76,3.507124687,4,0,0
2025-09-27 18:57:48,595.535486,595,392585.76,3.507124687,4,0,0
2025-09-27 18:57:48,595.535486,595,392585.76,3.507124687,4,0,0
2025-09-27 18:57:49,596.411147,596,392585.76,3.507124687,4,0,0
2025-09-27 18:57:49,596.41215,596,392585.76,3.507124687,4,0,0
2025-09-27 18:57:50,597.219867,597,392476.02,3.478191497,4,0,0
2025-09-27 18:57:50,597.219867,597,392585.76,3.507124687,4,0,0
2025-09-27 18:57:52,598.800168,598,392476.02,3.478191497,4,0,0
2025-09-27 18:57:52,598.800168,598,392476.02,3.478191497,4,0,0
2025-09-27 18:57:52,599.403335,599,392476.02,3.478191497,4,0,0
2025-09-27 18:57:52,599.404344,599,392476.02,3.478191497,4,0,0
2025-09-27 18:57:54,601.326144,601,392476.02,3.478191497,4,0,0
2025-09-27 18:57:54,601.326144,601,392476.02,3.478191497,4,0,0
2025-09-27 18:57:55,602.058062,602,392476.02,3.478191497,4,0,0
2025-09-27 18:57:55,602.059075,602,392476.02,3.478191497,4,0,0
2025-09-27 18:57:56,602.797077,602,392476.02,3.478191497,4,0,0
2025-09-27 18:57:56,602.797077,602,392476.02,3.478191497,4,0,0
2025-09-27 18:57:57,604.153202,604,392383.67,3.45384379,4,0,0
2025-09-27 18:57:57,604.153202,604,392476.02,3.478191497,4,0,0
2025-09-27 18:57:58,605.543019,605,392383.67,3.45384379,4,0,0
2025-09-27 18:57:58,605.544023,605,392383.67,3.45384379,4,0,0
2025-09-27 18:57:59,605.984073,605,392383.67,3.45384379,4,0,0
2025-09-27 18:57:59,605.984073,605,392383.67,3.45384379,4,0,0
2025-09-27 18:58:00,606.829023,606,392383.67,3.45384379,4,0,0
2025-09-27 18:58:00,606.830026,606,392383.67,3.45384379,4,0,0
2025-09-27 18:58:00,607.431196,607,392383.67,3.45384379,4,0,0
2025-09-27 18:58:00,607.431196,607,392383.67,3.45384379,4,0,0
2025-09-27 18:58:01,607.931732,607,392383.67,3.45384379,4,0,0
2025-09-27 18:58:01,607.931732,607,392383.67,3.45384379,4,0,0
2025-09-27 18:58:01,608.464193,608,392383.67,3.45384379,4,0,0
2025-09-27 18:58:01,608.465131,608,392383.67,3.45384379,4,0,0
2025-09-27 18:58:03,609.94568,609,392383.67,3.45384379,4,0,0
2025-09-27 18:58:03,609.94568,609,392383.67,3.45384379,4,0,0
2025-09-27 18:58:03,610.553862,610,392383.67,3.45384379,4,0,0
2025-09-27 18:58:03,610.553862,610,392383.67,3.45384379,4,0,0
2025-09-27 18:58:04,611.410828,611,392383.67,3.45384379,4,0,0
2025-09-27 18:58:04,611.410828,611,392383.67,3.45384379,4,0,0
2025-09-27 18:58:05,612.098578,612,392382.56,3.453551716,4,0,0
2025-09-27 18:58:05,612.099572,612,392383.67,3.45384379,4,0,0
2025-09-27 18:58:05,612.560313,612,392382.56,3.453551716,4,0,0
2025-09-27 18:58:05,612.560313,612,392382.56,3.453551716,4,0,0
2025-09-27 18:58:06,612.93472,612,392382.56,3.453551716,4,0,0
2025-09-27 18:58:06,612.93472,612,392382.56,3.453551716,4,0,0
2025-09-27 18:58:06,613.583479,613,392382.56,3.453551716,4,0,0
2025-09-27 18:58:06,613.58448,613,392382.56,3.453551716,4,0,0
2025-09-27 18:58:07,614.042943,614,392382.56,3.453551716,4,0,0
2025-09-27 18:58:07,614.043839,614,392382.56,3.453551716,4,0,0
2025-09-27 18:58:08,615.406674,615,392382.56,3.453551716,4,0,0
2025-09-27 18:58:08,615.407675,615,392382.56,3.453551716,4,0,0
2025-09-27 18:58:09,616.124129,616,392382.56,3.453551716,4,0,0
2025-09-27 18:58:09,616.125115,616,392382.56,3.453551716,4,0,0
2025-09-27 18:58:10,617.436338,617,392382.56,3.453551716,4,0,0
2025-09-27 18:58:10,617.436338,617,392382.56,3.453551716,4,0,0
2025-09-27 18:58:12,618.892383,618,392382.56,3.453551716,4,0,0
2025-09-27 18:58:12,618.892383,618,392382.56,3.453551716,4,0,0
2025-09-27 18:58:13,619.879252,619,392382.56,3.453551716,4,0,0
2025-09-27 18:58:13,619.880257,619,392382.56,3.453551716,4,0,0
2025-09-27 18:58:13,620.465325,620,392382.56,3.453551716,4,0,0
2025-09-27 18:58:13,620.46635,620,392382.56,3.453551716,4,0,0
2025-09-27 18:58:14,620.94073,620,391717.8,3.278283268,4,0,0
2025-09-27 18:58:14,620.94073,620,392382.56,3.453551716,4,0,0
2025-09-27 18:58:14,621.532119,621,391214.49,3.145583229,4,0,0
2025-09-27 18:58:14,621.533125,621,391717.8,3.278283268,4,0,0
2025-09-27 18:58:15,622.150707,622,391214.49,3.145583229,4,0,0
2025-09-27 18:58:15,622.150707,622,391214.49,3.145583229,4,0,0
2025-09-27 18:58:15,622.612612,622,391214.49,3.145583229,4,0,0
2025-09-27 18:58:15,622.612612,622,391214.49,3.145583229,4,0,0
2025-09-27 18:58:16,623.682861,623,391214.49,3.145583229,4,0,0
2025-09-27 18:58:16,623.682861,623,391214.49,3.145583229,4,0,0
2025-09-27 18:58:17,624.134751,624,391214.49,3.145583229,4,0,0
2025-09-27 18:58:17,624.134751,624,391214.49,3.145583229,4,0,0
2025-09-27 18:58:18,624.812488,624,391214.49,3.145583229,4,0,0
2025-09-27 18:58:18,624.812488,624,391214.49,3.145583229,4,0,0
2025-09-27 18:58:18,625.13914,625,391214.49,3.145583229,4,0,0
2025-09-27 18:58:18,625.140141,625,391214.49,3.145583229,4,0,0
2025-09-27 18:58:18,625.509505,625,391214.49,3.145583229,4,0,0
2025-09-27 18:58:18,625.509505,625,391214.49,3.145583229,4,0,0
2025-09-27 18:58:19,625.879499,625,391154.19,3.129685045,4,0,0
2025-09-27 18:58:19,625.879499,625,391214.49,3.145583229,4,0,0
2025-09-27 18:58:19,626.712453,626,391154.19,3.129685045,4,0,0
2025-09-27 18:58:19,626.712453,626,391214.49,3.145583229,4,0,0
2025-09-27 18:58:20,627.058771,627,391154.19,3.129685045,4,0,0
2025-09-27 18:58:20,627.059774,627,391214.49,3.145583229,4,0,0
2025-09-27 18:58:20,627.405576,627,391154.19,3.129685045,4,0,0
2025-09-27 18:58:20,627.406488,627,391214.49,3.145583229,4,0,0
2025-09-27 18:58:21,627.918257,627,391154.19,3.129685045,4,0,0
2025-09-27 18:58:21,627.919237,627,391154.19,3.129685045,4,0,0
2025-09-27 18:58:21,628.332705,628,391154.19,3.129685045,4,0,0
2025-09-27 18:58:21,628.333694,628,391154.19,3.129685045,4,0,0
2025-09-27 18:58:22,629.162506,629,391154.19,3.129685045,4,0,0
2025-09-27 18:58:22,629.163507,629,391154.19,3.129685045,4,0,0
2025-09-27 18:58:23,630.400035,630,391154.19,3.129685045,4,0,0
2025-09-27 18:58:23,630.401037,630,391154.19,3.129685045,4,0,0
2025-09-27 18:58:24,631.602954,631,391154.19,3.129685045,4,0,0
2025-09-27 18:58:24,631.603957,631,391154.19,3.129685045,4,0,0
2025-09-27 18:58:25,632.380076,632,391154.19,3.129685045,4,0,0
2025-09-27 18:58:25,632.381022,632,391154.19,3.129685045,4,0,0
2025-09-27 18:58:26,633.598817,633,390832.07,3.044757626,4,0,0
2025-09-27 18:58:26,633.598817,633,391154.19,3.129685045,4,0,0
2025-09-27 18:58:27,634.656012,634,390832.07,3.044757626,4,0,0
2025-09-27 18:58:27,634.656012,634,391154.19,3.129685045,4,0,0
2025-09-27 18:58:28,635.13503,635,390832.07,3.044757626,4,0,0
2025-09-27 18:58:28,635.13503,635,390832.07,3.044757626,4,0,0
2025-09-27 18:58:29,636.404067,636,390832.07,3.044757626,4,0,0
2025-09-27 18:58:29,636.404067,636,390832.07,3.044757626,4,0,0
2025-09-27 18:58:30,637.470484,637,389395.53,2.666005129,4,0,0
2025-09-27 18:58:30,637.471488,637,390832.07,3.044757626,4,0,0
2025-09-27 18:58:31,638.02943,638,389395.53,2.666005129,4,0,0
2025-09-27 18:58:31,638.02943,638,389746.66,2.758583757,4,0,0
2025-09-27 18:58:31,638.398181,638,389395.53,2.666005129,4,0,0
2025-09-27 18:58:31,638.399194,638,389746.66,2.758583757,4,0,0
2025-09-27 18:58:32,638.956932,638,388676.21,2.4763528,4,0,0
2025-09-27 18:58:32,638.956932,638,389395.53,2.666005129,4,0,0
2025-09-27 18:58:32,639.550042,639,388676.21,2.4763528,4,0,0
2025-09-27 18:58:32,639.550042,639,389395.53,2.666005129,4,0,0
2025-09-27 18:58:33,640.069003,640,388676.21,2.4763528,4,0,0
2025-09-27 18:58:33,640.070005,640,389267.49,2.632249097,4,0,0
2025-09-27 18:58:34,640.814483,640,388676.21,2.4763528,4,0,0
2025-09-27 18:58:34,640.814483,640,388690.66,2.480162625,4,0,0
2025-09-27 18:58:34,641.266632,641,388676.21,2.4763528,4,0,0
2025-09-27 18:58:34,641.266632,641,388676.21,2.4763528,4,0,0
2025-09-27 18:58:35,642.524135,642,388676.21,2.4763528,4,0,0
2025-09-27 18:58:35,642.525016,642,388676.21,2.4763528,4,0,0
2025-09-27 18:58:36,643.179427,643,388649.49,2.469310518,4,0,0
2025-09-27 18:58:36,643.18043,643,388676.21,2.4763528,4,0,0
2025-09-27 18:58:37,643.848926,643,388649.49,2.469310518,4,0,0
2025-09-27 18:58:37,643.84993,643,388664.84,2.473356662,4,0,0
2025-09-27 18:58:38,645.062499,645,388649.49,2.469310518,4,0,0
2025-09-27 18:58:38,645.064563,645,388664.84,2.473356662,4,0,0
2025-09-27 18:58:39,645.966289,645,388649.49,2.469310518,4,0,0
2025-09-27 18:58:39,645.966289,645,388664.84,2.473356662,4,0,0
2025-09-27 18:58:41,647.899342,647,388649.49,2.469310518,4,0,0
2025-09-27 18:58:41,647.899342,647,388649.49,2.469310518,4,0,0
2025-09-27 18:58:42,649.272704,649,388649.49,2.469310518,4,0,0
2025-09-27 18:58:42,649.272704,649,388649.49,2.469310518,4,0,0
2025-09-27 18:58:43,650.466309,650,388649.49,2.469310518,4,0,0
2025-09-27 18:58:43,650.466309,650,388649.49,2.469310518,4,0,0
2025-09-27 18:58:44,651.498143,651,388332.42,2.38571256,4,0,0
2025-09-27 18:58:44,651.498143,651,388649.49,2.469310518,4,0,0
2025-09-27 18:58:45,652.324045,652,388332.42,2.38571256,4,0,0
2025-09-27 18:58:45,652.324045,652,388332.42,2.38571256,4,0,0
2025-09-27 18:58:46,653.464863,653,388332.42,2.38571256,4,0,0
2025-09-27 18:58:46,653.464863,653,388332.42,2.38571256,4,0,0
2025-09-27 18:58:47,654.164144,654,388321.85,2.38292521,4,0,0
2025-09-27 18:58:47,654.164144,654,388332.42,2.38571256,4,0,0
2025-09-27 18:58:47,654.610395,654,387258.42,2.102548202,4,0,0
2025-09-27 18:58:47,654.610395,654,388321.85,2.38292521,4,0,0
2025-09-27 18:58:48,655.579425,655,387258.42,2.102548202,4,0,0
2025-09-27 18:58:48,655.579425,655,387285.71,2.109742014,4,0,0
2025-09-27 18:58:49,656.436542,656,387258.42,2.102548202,4,0,0
2025-09-27 18:58:49,656.436542,656,387263.5,2.103886259,4,0,0
2025-09-27 18:58:50,656.835043,656,387258.42,2.102548202,4,0,0
2025-09-27 18:58:50,656.835043,656,387263.5,2.103886259,4,0,0
2025-09-27 18:58:50,657.34347,657,387258.42,2.102548202,4,0,0
2025-09-27 18:58:50,657.34347,657,387258.42,2.102548202,4,0,0
2025-09-27 18:58:51,657.980283,657,387258.42,2.102548202,4,0,0
2025-09-27 18:58:51,657.980283,657,387258.42,2.102548202,4,0,0
2025-09-27 18:58:52,659.216314,659,387258.42,2.102548202,4,0,0
2025-09-27 18:58:52,659.216314,659,387258.42,2.102548202,4,0,0
2025-09-27 18:58:52,659.709092,659,387258.42,2.102548202,4,0,0
2025-09-27 18:58:52,659.709092,659,387258.42,2.102548202,4,0,0
2025-09-27 18:58:53,660.234515,660,387258.42,2.102548202,4,0,0
2025-09-27 18:58:53,660.234515,660,387258.42,2.102548202,4,0,0
2025-09-27 18:58:54,660.995739,660,387225.55,2.093879709,4,0,0
2025-09-27 18:58:54,660.995739,660,387258.42,2.102548202,4,0,0
2025-09-27 18:58:54,661.486396,661,387225.55,2.093879709,4,0,0
2025-09-27 18:58:54,661.486396,661,387258.42,2.102548202,4,0,0
2025-09-27 18:58:55,662.089486,662,387225.55,2.093879709,4,0,0
2025-09-27 18:58:55,662.089486,662,387225.55,2.093879709,4,0,0
2025-09-27 18:58:56,663.040585,663,387225.55,2.093879709,4,0,0
2025-09-27 18:58:56,663.040585,663,387225.55,2.093879709,4,0,0
2025-09-27 18:58:57,664.592802,664,387225.55,2.093879709,4,0,0
2025-09-27 18:58:57,664.592802,664,387225.55,2.093879709,4,0,0
2025-09-27 18:58:58,665.177443,665,387225.55,2.093879709,4,0,0
2025-09-27 18:58:58,665.177443,665,387225.55,2.093879709,4,0,0
2025-09-27 18:58:59,666.20805,666,387225.55,2.093879709,4,0,0
2025-09-27 18:58:59,666.20805,666,387225.55,2.093879709,4,0,0
2025-09-27 18:59:00,666.748122,666,387225.55,2.093879709,4,0,0
2025-09-27 18:59:00,666.748122,666,387225.55,2.093879709,4,0,0
2025-09-27 18:59:00,667.225897,667,387225.55,2.093879709,4,0,0
2025-09-27 18:59:00,667.225897,667,387225.55,2.093879709,4,0,0
2025-09-27 18:59:01,667.845967,667,387225.55,2.093879709,4,0,0
2025-09-27 18:59:01,667.861845,667,387225.55,2.093879709,4,0,0
2025-09-27 18:59:01,668.559802,668,387225.55,2.093879709,4,0,0
2025-09-27 18:59:01,668.559802,668,387225.55,2.093879709,4,0,0
2025-09-27 18:59:02,669.038828,669,387225.55,2.093879709,4,0,0
2025-09-27 18:59:02,669.038828,669,387225.55,2.093879709,4,0,0
2025-09-27 18:59:03,669.783409,669,387184.02,2.082930913,4,0,0
2025-09-27 18:59:03,669.783409,669,387219.95,2.092403669,4,0,0
2025-09-27 18:59:03,670.403568,670,387184.02,2.082930913,4,0,0
2025-09-27 18:59:03,670.403568,670,387219.95,2.092403669,4,0,0
2025-09-27 18:59:04,671.054874,671,387184.02,2.082930913,4,0,0
2025-09-27 18:59:04,671.054874,671,387219.95,2.092403669,4,0,0
2025-09-27 18:59:05,671.912194,671,387184.02,2.082930913,4,0,0
2025-09-27 18:59:05,671.912194,671,387184.02,2.082930913,4,0,0
2025-09-27 18:59:08,675.140439,675,387184.02,2.082930913,4,0,0
2025-09-27 18:59:08,675.140439,675,387184.02,2.082930913,4,0,0
2025-09-27 18:59:09,675.789084,675,387184.02,2.082930913,4,0,0
2025-09-27 18:59:09,675.789084,675,387184.02,2.082930913,4,0,0
2025-09-27 18:59:09,676.281992,676,387172.47,2.079885809,4,0,0
2025-09-27 18:59:09,676.281992,676,387184.02,2.082930913,4,0,0
2025-09-27 18:59:09,676.726162,676,387172.47,2.079885809,4,0,0
2025-09-27 18:59:09,676.726162,676,387184.02,2.082930913,4,0,0
2025-09-27 18:59:10,677.201148,677,387172.47,2.079885809,4,0,0
2025-09-27 18:59:10,677.201148,677,387184.02,2.082930913,4,0,0
2025-09-27 18:59:11,678.011376,678,387172.47,2.079885809,4,0,0
2025-09-27 18:59:11,678.027286,678,387184.02,2.082930913,4,0,0
2025-09-27 18:59:12,679.106023,679,387172.47,2.079885809,4,0,0
2025-09-27 18:59:12,679.106023,679,387184.02,2.082930913,4,0,0
2025-09-27 18:59:12,679.600086,679,387172.47,2.079885809,4,0,0
2025-09-27 18:59:12,679.600086,679,387172.47,2.079885809,4,0,0
2025-09-27 18:59:13,680.074682,680,387172.47,2.079885809,4,0,0
2025-09-27 18:59:13,680.074682,680,387172.47,2.079885809,4,0,0
2025-09-27 18:59:14,680.91788,680,387172.47,2.079885809,4,0,0
2025-09-27 18:59:14,680.91788,680,387172.47,2.079885809,4,0,0
2025-09-27 18:59:14,681.740179,681,387172.47,2.079885809,4,0,0
2025-09-27 18:59:14,681.740179,681,387172.47,2.079885809,4,0,0
2025-09-27 18:59:15,682.738381,682,387172.47,2.079885809,4,0,0
2025-09-27 18:59:15,682.738381,682,387172.47,2.079885809,4,0,0
2025-09-27 18:59:17,684.35628,684,387172.47,2.079885809,4,0,0
2025-09-27 18:59:17,684.35628,684,387172.47,2.079885809,4,0,0
2025-09-27 18:59:18,685.023938,685,387153.38,2.074851668,4,0,0
2025-09-27 18:59:18,685.023938,685,387172.47,2.079885809,4,0,0
2025-09-27 18:59:18,685.485956,685,387153.38,2.074851668,4,0,0
2025-09-27 18:59:18,685.485956,685,387172.47,2.079885809,4,0,0
2025-09-27 18:59:19,686.502473,686,387153.38,2.074851668,4,0,0
2025-09-27 18:59:19,686.502473,686,387172.47,2.079885809,4,0,0
2025-09-27 18:59:20,687.121023,687,387153.38,2.074851668,4,0,0
2025-09-27 18:59:20,687.121023,687,387153.38,2.074851668,4,0,0
2025-09-27 18:59:21,687.789274,687,387153.38,2.074851668,4,0,0
2025-09-27 18:59:21,687.789274,687,387153.38,2.074851668,4,0,0
2025-09-27 18:59:21,688.266712,688,387153.38,2.074851668,4,0,0
2025-09-27 18:59:21,688.266712,688,387153.38,2.074851668,4,0,0
2025-09-27 18:59:23,690.228025,690,387153.38,2.074851668,4,0,0
2025-09-27 18:59:23,690.228025,690,387153.38,2.074851668,4,0,0
2025-09-27 18:59:23,690.719899,690,387153.38,2.074851668,4,0,0
2025-09-27 18:59:23,690.719899,690,387153.38,2.074851668,4,0,0
2025-09-27 18:59:24,691.259644,691,387153.38,2.074851668,4,0,0
2025-09-27 18:59:24,691.259644,691,387153.38,2.074851668,4,0,0
2025-09-27 18:59:24,691.738052,691,387153.38,2.074851668,4,0,0
2025-09-27 18:59:24,691.738052,691,387153.38,2.074851668,4,0,0
2025-09-27 18:59:25,692.293458,692,387153.38,2.074851668,4,0,0
2025-09-27 18:59:25,692.293458,692,387153.38,2.074851668,4,0,0
2025-09-27 18:59:27,693.845747,693,387153.38,2.074851668,4,0,0
2025-09-27 18:59:27,693.845747,693,387153.38,2.074851668,4,0,0
2025-09-27 18:59:28,694.971936,694,387153.38,2.074851668,4,0,0
2025-09-27 18:59:28,694.971936,694,387153.38,2.074851668,4,0,0
2025-09-27 18:59:29,695.87577,695,387146.85,2.073130007,4,0,0
2025-09-27 18:59:29,695.87577,695,387153.38,2.074851668,4,0,0
2025-09-27 18:59:29,696.637301,696,387146.85,2.073130007,4,0,0
2025-09-27 18:59:29,696.637301,696,387153.38,2.074851668,4,0,0
2025-09-27 18:59:30,697.572509,697,387146.85,2.073130007,4,0,0
2025-09-27 18:59:30,697.572509,697,387146.85,2.073130007,4,0,0
2025-09-27 18:59:31,698.287759,698,387146.85,2.073130007,4,0,0
2025-09-27 18:59:31,698.287759,698,387146.85,2.073130007,4,0,0
2025-09-27 18:59:32,698.985596,698,387146.85,2.073130007,4,0,0
2025-09-27 18:59:32,698.985596,698,387146.85,2.073130007,4,0,0
2025-09-27 18:59:33,699.762309,699,387146.85,2.073130007,4,0,0
2025-09-27 18:59:33,699.762309,699,387146.85,2.073130007,4,0,0
2025-09-27 18:59:33,700.540121,700,387146.85,2.073130007,4,0,0
2025-09-27 18:59:33,700.540121,700,387146.85,2.073130007,4,0,0
2025-09-27 18:59:34,701.222261,701,387146.85,2.073130007,4,0,0
2025-09-27 18:59:34,701.222261,701,387146.85,2.073130007,4,0,0
2025-09-27 18:59:34,701.697743,701,387146.85,2.073130007,4,0,0
2025-09-27 18:59:34,701.697743,701,387146.85,2.073130007,4,0,0
2025-09-27 18:59:35,702.490585,702,387146.85,2.073130007,4,0,0
2025-09-27 18:59:35,702.490585,702,387146.85,2.073130007,4,0,0
2025-09-27 18:59:36,703.215508,703,387146.85,2.073130007,4,0,0
2025-09-27 18:59:36,703.215508,703,387146.85,2.073130007,4,0,0
2025-09-27 18:59:37,704.215628,704,387146.85,2.073130007,4,0,0
2025-09-27 18:59:37,704.23143,704,387146.85,2.073130007,4,0,0
2025-09-27 18:59:40,707.687338,707,387146.85,2.073130007,4,0,0
2025-09-27 18:59:40,707.687338,707,387146.85,2.073130007,4,0,0
2025-09-27 18:59:41,708.56212,708,387146.85,2.073130007,4,0,0
2025-09-27 18:59:41,708.56212,708,387146.85,2.073130007,4,0,0
2025-09-27 18:59:43,710.639895,710,387146.85,2.073130007,4,0,0
2025-09-27 18:59:43,710.639895,710,387146.85,2.073130007,4,0,0
2025-09-27 18:59:44,711.21064,711,387146.85,2.073130007,4,0,0
2025-09-27 18:59:44,711.21064,711,387146.85,2.073130007,4,0,0
2025-09-27 18:59:45,711.749583,711,387146.85,2.073130007,4,0,0
2025-09-27 18:59:45,711.749583,711,387146.85,2.073130007,4,0,0
2025-09-27 18:59:45,712.417701,712,387146.85,2.073130007,4,0,0
2025-09-27 18:59:45,712.417701,712,387146.85,2.073130007,4,0,0
2025-09-27 18:59:46,712.842642,712,387146.85,2.073130007,4,0,0
2025-09-27 18:59:46,712.842642,712,387146.85,2.073130007,4,0,0
2025-09-27 18:59:46,713.346891,713,387146.85,2.073130007,4,0,0
2025-09-27 18:59:46,713.347397,713,387146.85,2.073130007,4,0,0
2025-09-27 18:59:47,714.074577,714,387146.85,2.073130007,4,0,0
2025-09-27 18:59:47,714.074577,714,387146.85,2.073130007,4,0,0
2025-09-27 18:59:49,716.478113,716,387146.85,2.073130007,4,0,0
2025-09-27 18:59:49,716.478113,716,387146.85,2.073130007,4,0,0
2025-09-27 18:59:50,717.03461,717,387146.85,2.073130007,4,0,0
2025-09-27 18:59:50,717.03461,717,387146.85,2.073130007,4,0,0
2025-09-27 18:59:51,718.082876,718,387146.85,2.073130007,4,0,0
2025-09-27 18:59:51,718.082876,718,387146.85,2.073130007,4,0,0
2025-09-27 18:59:51,718.718773,718,387121.55,2.066460408,4,0,0
2025-09-27 18:59:51,718.718773,718,387146.85,2.073130007,4,0,0
2025-09-27 18:59:52,719.547357,719,387121.55,2.066460408,4,0,0
2025-09-27 18:59:52,719.547357,719,387137.76,2.07073549,4,0,0
2025-09-27 18:59:53,720.070537,720,387121.55,2.066460408,4,0,0
2025-09-27 18:59:53,720.070537,720,387137.76,2.07073549,4,0,0
2025-09-27 18:59:54,720.85097,720,387121.55,2.066460408,4,0,0
2025-09-27 18:59:54,720.85097,720,387137.76,2.07073549,4,0,0
2025-09-27 18:59:54,721.468719,721,387121.55,2.066460408,4,0,0
2025-09-27 18:59:54,721.468719,721,387137.76,2.07073549,4,0,0
2025-09-27 18:59:55,721.834546,721,387121.55,2.066460408,4,0,0
2025-09-27 18:59:55,721.834546,721,387137.76,2.07073549,4,0,0
2025-09-27 18:59:55,722.119249,722,387121.55,2.066460408,4,0,0
2025-09-27 18:59:55,722.119249,722,387137.76,2.07073549,4,0,0
2025-09-27 18:59:57,724.085357,724,387121.55,2.066460408,4,0,0
2025-09-27 18:59:57,724.085357,724,387121.55,2.066460408,4,0,0
2025-09-27 18:59:58,725.257518,725,387121.55,2.066460408,4,0,0
2025-09-27 18:59:58,725.257518,725,387121.55,2.066460408,4,0,0
2025-09-27 18:59:58,725.717843,725,387121.55,2.066460408,4,0,0
2025-09-27 18:59:58,725.717843,725,387121.55,2.066460408,4,0,0
2025-09-27 19:00:00,727.066177,727,387121.55,2.066460408,4,0,0
2025-09-27 19:00:00,727.066177,727,387121.55,2.066460408,4,0,0
2025-09-27 19:00:01,728.082334,728,387121.55,2.066460408,4,0,0
2025-09-27 19:00:01,728.082334,728,387121.55,2.066460408,4,0,0
2025-09-27 19:00:01,728.544372,728,387121.55,2.066460408,4,0,0
2025-09-27 19:00:01,728.544372,728,387121.55,2.066460408,4,0,0
2025-09-27 19:00:02,729.416193,729,387121.55,2.066460408,4,0,0
2025-09-27 19:00:02,729.416193,729,387121.55,2.066460408,4,0,0
2025-09-27 19:00:03,730.242788,730,387121.55,2.066460408,4,0,0
2025-09-27 19:00:03,730.242788,730,387121.55,2.066460408,4,0,0
2025-09-27 19:00:05,732.46946,732,387121.55,2.066460408,4,0,0
2025-09-27 19:00:05,732.46946,732,387121.55,2.066460408,4,0,0
2025-09-27 19:00:06,733.026194,733,387121.55,2.066460408,4,0,0
2025-09-27 19:00:06,733.026194,733,387121.55,2.066460408,4,0,0
2025-09-27 19:00:06,733.59855,733,387121.55,2.066460408,4,0,0
2025-09-27 19:00:06,733.59855,733,387121.55,2.066460408,4,0,0
2025-09-27 19:00:07,734.296054,734,387121.55,2.066460408,4,0,0
2025-09-27 19:00:07,734.296054,734,387121.55,2.066460408,4,0,0
2025-09-27 19:00:08,734.818046,734,387121.55,2.066460408,4,0,0
2025-09-27 19:00:08,734.818046,734,387121.55,2.066460408,4,0,0
2025-09-27 19:00:08,735.549175,735,387121.55,2.066460408,4,0,0
2025-09-27 19:00:08,735.549175,735,387121.55,2.066460408,4,0,0
2025-09-27 19:00:09,736.136412,736,387121.55,2.066460408,4,0,0
2025-09-27 19:00:09,736.136412,736,387121.55,2.066460408,4,0,0
2025-09-27 19:00:10,737.147971,737,387121.55,2.066460408,4,0,0
2025-09-27 19:00:10,737.147971,737,387121.55,2.066460408,4,0,0
2025-09-27 19:00:10,737.48145,737,387121.55,2.066460408,4,0,0
2025-09-27 19:00:10,737.48145,737,387121.55,2.066460408,4,0,0
2025-09-27 19:00:11,738.007403,738,387121.55,2.066460408,4,0,0
2025-09-27 19:00:11,738.007403,738,387121.55,2.066460408,4,0,0
2025-09-27 19:00:11,738.736442,738,387121.55,2.066460408,4,0,0
2025-09-27 19:00:11,738.736442,738,387121.55,2.066460408,4,0,0
2025-09-27 19:00:12,739.102742,739,387121.55,2.066460408,4,0,0
2025-09-27 19:00:12,739.102742,739,387121.55,2.066460408,4,0,0
2025-09-27 19:00:13,739.989719,739,387121.55,2.066460408,4,0,0
2025-09-27 19:00:13,739.989719,739,387121.55,2.066460408,4,0,0
2025-09-27 19:00:13,740.590238,740,387121.55,2.066460408,4,0,0
2025-09-27 19:00:13,740.590238,740,387121.55,2.066460408,4,0,0
2025-09-27 19:00:14,741.194296,741,387121.55,2.066460408,4,0,0
2025-09-27 19:00:14,741.194296,741,387121.55,2.066460408,4,0,0
2025-09-27 19:00:15,741.877181,741,387121.55,2.066460408,4,0,0
2025-09-27 19:00:15,741.877181,741,387121.55,2.066460408,4,0,0
2025-09-27 19:00:15,742.30727,742,387121.55,2.066460408,4,0,0
2025-09-27 19:00:15,742.30727,742,387121.55,2.066460408,4,0,0
2025-09-27 19:00:16,742.95676,742,387121.55,2.066460408,4,0,0
2025-09-27 19:00:16,742.95676,742,387121.55,2.066460408,4,0,0
2025-09-27 19:00:16,743.416838,743,387121.55,2.066460408,4,0,0
2025-09-27 19:00:16,743.416838,743,387121.55,2.066460408,4,0,0
2025-09-27 19:00:17,743.831087,743,387121.55,2.066460408,4,0,0
2025-09-27 19:00:17,743.831087,743,387121.55,2.066460408,4,0,0
2025-09-27 19:00:17,744.257492,744,387121.55,2.066460408,4,0,0
2025-09-27 19:00:17,744.257492,744,387121.55,2.066460408,4,0,0
2025-09-27 19:00:18,744.818381,744,387121.55,2.066460408,4,0,0
2025-09-27 19:00:18,744.818381,744,387121.55,2.066460408,4,0,0
2025-09-27 19:00:18,745.468749,745,387121.55,2.066460408,4,0,0
2025-09-27 19:00:18,745.468749,745,387121.55,2.066460408,4,0,0
2025-09-27 19:00:19,746.449716,746,387121.55,2.066460408,4,0,0
2025-09-27 19:00:19,746.449716,746,387121.55,2.066460408,4,0,0
2025-09-27 19:00:20,746.989216,746,387121.55,2.066460408,4,0,0
2025-09-27 19:00:20,746.989216,746,387121.55,2.066460408,4,0,0
2025-09-27 19:00:20,747.530249,747,387121.55,2.066460408,4,0,0
2025-09-27 19:00:20,747.530249,747,387121.55,2.066460408,4,0,0
2025-09-27 19:00:21,748.244915,748,387121.55,2.066460408,4,0,0
2025-09-27 19:00:21,748.244915,748,387121.55,2.066460408,4,0,0
2025-09-27 19:00:23,749.767667,749,387121.55,2.066460408,4,0,0
2025-09-27 19:00:23,749.767667,749,387121.55,2.066460408,4,0,0
2025-09-27 19:00:23,750.244664,750,387121.55,2.066460408,4,0,0
2025-09-27 19:00:23,750.244664,750,387121.55,2.066460408,4,0,0
2025-09-27 19:00:24,751.086838,751,387121.55,2.066460408,4,0,0
2025-09-27 19:00:24,751.086838,751,387121.55,2.066460408,4,0,0
2025-09-27 19:00:24,751.691991,751,387121.55,2.066460408,4,0,0
2025-09-27 19:00:24,751.691991,751,387121.55,2.066460408,4,0,0
2025-09-27 19:00:25,752.263477,752,387121.55,2.066460408,4,0,0
2025-09-27 19:00:25,752.263477,752,387121.55,2.066460408,4,0,0
2025-09-27 19:00:26,752.770649,752,387121.55,2.066460408,4,0,0
2025-09-27 19:00:26,752.770649,752,387121.55,2.066460408,4,0,0
2025-09-27 19:00:27,753.925958,753,387121.55,2.066460408,4,0,0
2025-09-27 19:00:27,753.925958,753,387121.55,2.066460408,4,0,0
2025-09-27 19:00:29,755.830725,755,387121.55,2.066460408,4,0,0
2025-09-27 19:00:29,755.830725,755,387121.55,2.066460408,4,0,0
2025-09-27 19:00:30,756.829966,756,387121.55,2.066460408,4,0,0
2025-09-27 19:00:30,756.829966,756,387121.55,2.066460408,4,0,0
2025-09-27 19:00:30,757.353992,757,387121.55,2.066460408,4,0,0
2025-09-27 19:00:30,757.353992,757,387121.55,2.066460408,4,0,0
2025-09-27 19:00:31,758.069237,758,387121.55,2.066460408,4,0,0
2025-09-27 19:00:31,758.069237,758,387121.55,2.066460408,4,0,0
2025-09-27 19:00:32,759.223688,759,387121.55,2.066460408,4,0,0
2025-09-27 19:00:32,759.223688,759,387121.55,2.066460408,4,0,0
2025-09-27 19:00:33,760.064755,760,387121.55,2.066460408,4,0,0
2025-09-27 19:00:33,760.064755,760,387121.55,2.066460408,4,0,0
2025-09-27 19:00:34,760.840897,760,387121.55,2.066460408,4,0,0
2025-09-27 19:00:34,760.840897,760,387121.55,2.066460408,4,0,0
2025-09-27 19:00:35,761.776268,761,387121.55,2.066460408,4,0,0
2025-09-27 19:00:35,761.776268,761,387121.55,2.066460408,4,0,0
2025-09-27 19:00:36,762.995259,762,387121.55,2.066460408,4,0,0
2025-09-27 19:00:36,762.995259,762,387121.55,2.066460408,4,0,0
2025-09-27 19:00:36,763.661081,763,387121.55,2.066460408,4,0,0
2025-09-27 19:00:36,763.661081,763,387121.55,2.066460408,4,0,0
2025-09-27 19:00:37,764.518148,764,387121.55,2.066460408,4,0,0
2025-09-27 19:00:37,764.518148,764,387121.55,2.066460408,4,0,0
2025-09-27 19:00:38,764.948386,764,387121.55,2.066460408,4,0,0
2025-09-27 19:00:38,764.948386,764,387121.55,2.066460408,4,0,0
2025-09-27 19:00:38,765.583935,765,387121.55,2.066460408,4,0,0
2025-09-27 19:00:38,765.583935,765,387121.55,2.066460408,4,0,0
2025-09-27 19:00:39,766.345714,766,387121.55,2.066460408,4,0,0
2025-09-27 19:00:39,766.345714,766,387121.55,2.066460408,4,0,0
2025-09-27 19:00:40,766.916169,766,387121.55,2.066460408,4,0,0
2025-09-27 19:00:40,766.916169,766,387121.55,2.066460408,4,0,0
2025-09-27 19:00:41,768.120455,768,387121.55,2.066460408,4,0,0
2025-09-27 19:00:41,768.120455,768,387121.55,2.066460408,4,0,0
2025-09-27 19:00:41,768.438489,768,387121.55,2.066460408,4,0,0
2025-09-27 19:00:41,768.438489,768,387121.55,2.066460408,4,0,0
2025-09-27 19:00:42,769.090989,769,387121.55,2.066460408,4,0,0
2025-09-27 19:00:42,769.090989,769,387121.55,2.066460408,4,0,0
2025-09-27 19:00:45,772.539752,772,387121.55,2.066460408,4,0,0
2025-09-27 19:00:45,772.539752,772,387121.55,2.066460408,4,0,0
2025-09-27 19:00:46,773.236996,773,387121.55,2.066460408,4,0,0
2025-09-27 19:00:46,773.236996,773,387121.55,2.066460408,4,0,0
2025-09-27 19:00:47,773.824266,773,387112.47,2.064065892,4,0,0
2025-09-27 19:00:47,773.824266,773,387121.55,2.066460408,4,0,0
2025-09-27 19:00:47,774.364376,774,387112.47,2.064065892,4,0,0
2025-09-27 19:00:47,774.364376,774,387112.47,2.064065892,4,0,0
2025-09-27 19:00:48,774.984389,774,387112.47,2.064065892,4,0,0
2025-09-27 19:00:48,774.984389,774,387112.47,2.064065892,4,0,0
2025-09-27 19:00:48,775.556719,775,387112.47,2.064065892,4,0,0
2025-09-27 19:00:48,775.556719,775,387112.47,2.064065892,4,0,0
2025-09-27 19:00:49,776.364544,776,387112.47,2.064065892,4,0,0
2025-09-27 19:00:49,776.364544,776,387112.47,2.064065892,4,0,0
2025-09-27 19:00:50,777.285416,777,387112.47,2.064065892,4,0,0
2025-09-27 19:00:50,777.285416,777,387112.47,2.064065892,4,0,0
2025-09-27 19:00:51,777.809058,777,387112.47,2.064065892,4,0,0
2025-09-27 19:00:51,777.809058,777,387112.47,2.064065892,4,0,0
2025-09-27 19:00:51,778.254019,778,387112.47,2.064065892,4,0,0
2025-09-27 19:00:51,778.254019,778,387112.47,2.064065892,4,0,0
2025-09-27 19:00:52,778.920138,778,387112.47,2.064065892,4,0,0
2025-09-27 19:00:52,778.920138,778,387112.47,2.064065892,4,0,0
2025-09-27 19:00:53,779.825071,779,387112.47,2.064065892,4,0,0
2025-09-27 19:00:53,779.825071,779,387112.47,2.064065892,4,0,0
2025-09-27 19:00:54,781.18815,781,387112.47,2.064065892,4,0,0
2025-09-27 19:00:54,781.18815,781,387112.47,2.064065892,4,0,0
2025-09-27 19:00:55,781.823037,781,387112.47,2.064065892,4,0,0
2025-09-27 19:00:55,781.823037,781,387112.47,2.064065892,4,0,0
2025-09-27 19:00:58,785.434249,785,387112.47,2.064065892,4,0,0
2025-09-27 19:00:58,785.434249,785,387112.47,2.064065892,4,0,0
2025-09-27 19:00:59,786.004173,786,387112.47,2.064065892,4,0,0
2025-09-27 19:00:59,786.004173,786,387112.47,2.064065892,4,0,0
2025-09-27 19:00:59,786.734237,786,387112.47,2.064065892,4,0,0
2025-09-27 19:00:59,786.734237,786,387112.47,2.064065892,4,0,0
2025-09-27 19:01:00,787.274756,787,387112.47,2.064065892,4,0,0
2025-09-27 19:01:00,787.274756,787,387112.47,2.064065892,4,0,0
2025-09-27 19:01:01,788.242415,788,387112.47,2.064065892,4,0,0
2025-09-27 19:01:01,788.242415,788,387112.47,2.064065892,4,0,0
2025-09-27 19:01:02,788.925373,788,387112.47,2.064065892,4,0,0
2025-09-27 19:01:02,788.925373,788,387112.47,2.064065892,4,0,0
2025-09-27 19:01:03,789.909889,789,387112.47,2.064065892,4,0,0
2025-09-27 19:01:03,789.909889,789,387112.47,2.064065892,4,0,0
2025-09-27 19:01:03,790.63983,790,387112.47,2.064065892,4,0,0
2025-09-27 19:01:03,790.63983,790,387112.47,2.064065892,4,0,0
2025-09-27 19:01:04,791.218542,791,387112.47,2.064065892,4,0,0
2025-09-27 19:01:04,791.218542,791,387112.47,2.064065892,4,0,0
2025-09-27 19:01:04,791.64328,791,387112.47,2.064065892,4,0,0
2025-09-27 19:01:04,791.64328,791,387112.47,2.064065892,4,0,0
2025-09-27 19:01:06,792.834824,792,387112.47,2.064065892,4,0,0
2025-09-27 19:01:06,792.834824,792,387112.47,2.064065892,4,0,0
2025-09-27 19:01:06,793.500309,793,387112.47,2.064065892,4,0,0
2025-09-27 19:01:06,793.500309,793,387112.47,2.064065892,4,0,0
2025-09-27 19:01:07,794.687193,794,387112.47,2.064065892,4,0,0
2025-09-27 19:01:07,794.687193,794,387112.47,2.064065892,4,0,0
2025-09-27 19:01:08,795.418252,795,387112.47,2.064065892,4,0,0
2025-09-27 19:01:08,795.418252,795,387112.47,2.064065892,4,0,0
2025-09-27 19:01:09,795.942654,795,387112.47,2.064065892,4,0,0
2025-09-27 19:01:09,795.942654,795,387112.47,2.064065892,4,0,0
2025-09-27 19:01:10,796.788664,796,387112.47,2.064065892,4,0,0
2025-09-27 19:01:10,796.796575,796,387112.47,2.064065892,4,0,0
2025-09-27 19:01:11,797.843384,797,387112.47,2.064065892,4,0,0
2025-09-27 19:01:11,797.843384,797,387112.47,2.064065892,4,0,0
2025-09-27 19:01:11,798.249167,798,387112.47,2.064065892,4,0,0
2025-09-27 19:01:11,798.249167,798,387112.47,2.064065892,4,0,0
2025-09-27 19:01:11,798.735548,798,387112.47,2.064065892,4,0,0
2025-09-27 19:01:11,798.735548,798,387112.47,2.064065892,4,0,0
2025-09-27 19:01:12,799.275029,799,387112.47,2.064065892,4,0,0
2025-09-27 19:01:12,799.275029,799,387112.47,2.064065892,4,0,0
2025-09-27 19:01:14,801.256141,801,387112.47,2.064065892,4,0,0
2025-09-27 19:01:14,801.256141,801,387112.47,2.064065892,4,0,0
2025-09-27 19:01:15,801.829639,801,387112.47,2.064065892,4,0,0
2025-09-27 19:01:15,801.829639,801,387112.47,2.064065892,4,0,0
2025-09-27 19:01:15,802.306109,802,387112.47,2.064065892,4,0,0
2025-09-27 19:01:15,802.306109,802,387112.47,2.064065892,4,0,0
2025-09-27 19:01:16,802.892421,802,387112.47,2.064065892,4,0,0
2025-09-27 19:01:16,802.892421,802,387112.47,2.064065892,4,0,0
2025-09-27 19:01:16,803.677075,803,387112.47,2.064065892,4,0,0
2025-09-27 19:01:16,803.677075,803,387112.47,2.064065892,4,0,0
2025-09-27 19:01:17,804.105479,804,387112.47,2.064065892,4,0,0
2025-09-27 19:01:17,804.105479,804,387112.47,2.064065892,4,0,0
2025-09-27 19:01:17,804.581283,804,387112.47,2.064065892,4,0,0
2025-09-27 19:01:17,804.595259,804,387112.47,2.064065892,4,0,0
2025-09-27 19:01:18,805.040755,805,387112.47,2.064065892,4,0,0
2025-09-27 19:01:18,805.040755,805,387112.47,2.064065892,4,0,0
2025-09-27 19:01:18,805.5797,805,387112.47,2.064065892,4,0,0
2025-09-27 19:01:18,805.5797,805,387112.47,2.064065892,4,0,0
2025-09-27 19:01:19,806.500455,806,387112.47,2.064065892,4,0,0
2025-09-27 19:01:19,806.500455,806,387112.47,2.064065892,4,0,0
2025-09-27 19:01:21,807.90997,807,387112.47,2.064065892,4,0,0
2025-09-27 19:01:21,807.90997,807,387112.47,2.064065892,4,0,0
2025-09-27 19:01:21,808.402509,808,387112.47,2.064065892,4,0,0
2025-09-27 19:01:21,808.402509,808,387112.47,2.064065892,4,0,0
2025-09-27 19:01:22,808.864036,808,387112.47,2.064065892,4,0,0
2025-09-27 19:01:22,808.864036,808,387112.47,2.064065892,4,0,0
2025-09-27 19:01:22,809.596568,809,387112.47,2.064065892,4,0,0
2025-09-27 19:01:22,809.596568,809,387112.47,2.064065892,4,0,0
2025-09-27 19:01:23,810.184163,810,387112.47,2.064065892,4,0,0
2025-09-27 19:01:23,810.184163,810,387112.47,2.064065892,4,0,0
2025-09-27 19:01:24,810.770834,810,387112.47,2.064065892,4,0,0
2025-09-27 19:01:24,810.770834,810,387112.47,2.064065892,4,0,0
2025-09-27 19:01:24,811.202182,811,387105.44,2.06221349,4,0,0
2025-09-27 19:01:24,811.202182,811,387112.47,2.064065892,4,0,0
2025-09-27 19:01:24,811.676218,811,386758.15,1.970647394,4,0,0
2025-09-27 19:01:24,811.676218,811,387105.44,2.06221349,4,0,0
2025-09-27 19:01:25,812.282141,812,386758.15,1.970647394,4,0,0
2025-09-27 19:01:25,812.282141,812,386928.2,2.01548195,4,0,0
2025-09-27 19:01:26,812.77456,812,386758.15,1.970647394,4,0,0
2025-09-27 19:01:26,812.77456,812,386758.15,1.970647394,4,0,0
2025-09-27 19:01:26,813.109608,813,386758.15,1.970647394,4,0,0
2025-09-27 19:01:26,813.109608,813,386758.15,1.970647394,4,0,0
2025-09-27 19:01:27,813.748414,813,386758.15,1.970647394,4,0,0
2025-09-27 19:01:27,813.748414,813,386758.15,1.970647394,4,0,0
2025-09-27 19:01:27,814.065917,814,386758.15,1.970647394,4,0,0
2025-09-27 19:01:27,814.065917,814,386758.15,1.970647394,4,0,0
2025-09-27 19:01:28,814.81194,814,386758.15,1.970647394,4,0,0
2025-09-27 19:01:28,814.81194,814,386758.15,1.970647394,4,0,0
2025-09-27 19:01:28,815.287369,815,386758.15,1.970647394,4,0,0
2025-09-27 19:01:28,815.287369,815,386758.15,1.970647394,4,0,0
2025-09-27 19:01:29,815.875678,815,386758.15,1.970647394,4,0,0
2025-09-27 19:01:29,815.875678,815,386758.15,1.970647394,4,0,0
2025-09-27 19:01:29,816.39754,816,386758.15,1.970647394,4,0,0
2025-09-27 19:01:29,816.39754,816,386758.15,1.970647394,4,0,0
2025-09-27 19:01:30,816.867128,816,386758.15,1.970647394,4,0,0
2025-09-27 19:01:30,816.867128,816,386758.15,1.970647394,4,0,0
2025-09-27 19:01:30,817.318794,817,386758.15,1.970647394,4,0,0
2025-09-27 19:01:30,817.320803,817,386758.15,1.970647394,4,0,0
2025-09-27 19:01:31,818.000148,818,386758.15,1.970647394,4,0,0
2025-09-27 19:01:31,818.000148,818,386758.15,1.970647394,4,0,0
2025-09-27 19:01:31,818.598732,818,386537.65,1.912511825,4,0,0
2025-09-27 19:01:31,818.598732,818,386758.15,1.970647394,4,0,0
2025-09-27 19:01:32,819.332793,819,386537.65,1.912511825,4,0,0
2025-09-27 19:01:32,819.332793,819,386689.66,1.952589491,4,0,0
2025-09-27 19:01:33,820.036918,820,386537.65,1.912511825,4,0,0
2025-09-27 19:01:33,820.038923,820,386537.65,1.912511825,4,0,0
2025-09-27 19:01:34,821.057815,821,386537.65,1.912511825,4,0,0
2025-09-27 19:01:34,821.057815,821,386537.65,1.912511825,4,0,0
2025-09-27 19:01:35,821.778581,821,386537.65,1.912511825,4,0,0
2025-09-27 19:01:35,821.778581,821,386537.65,1.912511825,4,0,0
2025-09-27 19:01:35,822.691056,822,386537.65,1.912511825,4,0,0
2025-09-27 19:01:35,822.692798,822,386537.65,1.912511825,4,0,0
2025-09-27 19:01:36,823.298423,823,386507.6,1.904590861,4,0,0
2025-09-27 19:01:36,823.298423,823,386537.65,1.912511825,4,0,0
2025-09-27 19:01:36,823.616774,823,386507.6,1.904590861,4,0,0
2025-09-27 19:01:36,823.616774,823,386537.65,1.912511825,4,0,0
2025-09-27 19:01:37,824.1441,824,386507.6,1.904590861,4,0,0
2025-09-27 19:01:37,824.1441,824,386513.78,1.906218655,4,0,0
2025-09-27 19:01:38,825.390745,825,386507.6,1.904590861,4,0,0
2025-09-27 19:01:38,825.390745,825,386507.6,1.904590861,4,0,0
2025-09-27 19:01:39,826.313215,826,386507.6,1.904590861,4,0,0
2025-09-27 19:01:39,826.313215,826,386507.6,1.904590861,4,0,0
2025-09-27 19:01:39,826.740975,826,386507.6,1.904590861,4,0,0
2025-09-27 19:01:39,826.740975,826,386507.6,1.904590861,4,0,0
2025-09-27 19:01:40,827.330539,827,386507.6,1.904590861,4,0,0
2025-09-27 19:01:40,827.330539,827,386507.6,1.904590861,4,0,0
2025-09-27 19:01:41,827.760482,827,386469.74,1.894608182,4,0,0
2025-09-27 19:01:41,827.760482,827,386507.6,1.904590861,4,0,0
2025-09-27 19:01:41,828.507771,828,386469.74,1.894608182,4,0,0
2025-09-27 19:01:41,828.507771,828,386507.6,1.904590861,4,0,0
2025-09-27 19:01:42,829.002422,829,386469.74,1.894608182,4,0,0
2025-09-27 19:01:42,829.002422,829,386469.74,1.894608182,4,0,0
2025-09-27 19:01:42,829.618334,829,386445.57,1.888235269,4,0,0
2025-09-27 19:01:42,829.618334,829,386469.74,1.894608182,4,0,0
2025-09-27 19:01:44,830.938422,830,386445.57,1.888235269,4,0,0
2025-09-27 19:01:44,830.938422,830,386469.74,1.894608182,4,0,0
2025-09-27 19:01:44,831.654023,831,386445.57,1.888235269,4,0,0
2025-09-27 19:01:44,831.654023,831,386469.74,1.894608182,4,0,0
2025-09-27 19:01:45,832.185541,832,386445.57,1.888235269,4,0,0
2025-09-27 19:01:45,832.185541,832,386469.74,1.894608182,4,0,0
2025-09-27 19:01:45,832.609487,832,386445.57,1.888235269,4,0,0
2025-09-27 19:01:45,832.609487,832,386445.57,1.888235269,4,0,0
2025-09-27 19:01:46,833.598959,833,386445.57,1.888235269,4,0,0
2025-09-27 19:01:46,833.598959,833,386445.57,1.888235269,4,0,0
2025-09-27 19:01:47,834.383852,834,386445.57,1.888235269,4,0,0
2025-09-27 19:01:47,834.383852,834,386445.57,1.888235269,4,0,0
2025-09-27 19:01:49,836.553987,836,386445.57,1.888235269,4,0,0
2025-09-27 19:01:49,836.553987,836,386445.57,1.888235269,4,0,0
2025-09-27 19:01:50,836.966783,836,386445.57,1.888235269,4,0,0
2025-09-27 19:01:50,836.966783,836,386445.57,1.888235269,4,0,0
2025-09-27 19:01:50,837.427292,837,386445.57,1.888235269,4,0,0
2025-09-27 19:01:50,837.427292,837,386445.57,1.888235269,4,0,0
2025-09-27 19:01:51,838.126784,838,386445.57,1.888235269,4,0,0
2025-09-27 19:01:51,838.126784,838,386445.57,1.888235269,4,0,0
2025-09-27 19:01:52,839.096192,839,386445.57,1.888235269,4,0,0
2025-09-27 19:01:52,839.096192,839,386445.57,1.888235269,4,0,0
2025-09-27 19:01:53,839.936632,839,386445.57,1.888235269,4,0,0
2025-09-27 19:01:53,839.936632,839,386445.57,1.888235269,4,0,0
2025-09-27 19:01:55,841.852038,841,386445.57,1.888235269,4,0,0
2025-09-27 19:01:55,841.852038,841,386445.57,1.888235269,4,0,0
2025-09-27 19:01:55,842.5823,842,386445.57,1.888235269,4,0,0
2025-09-27 19:01:55,842.5823,842,386445.57,1.888235269,4,0,0
2025-09-27 19:01:56,843.088534,843,386314.81,1.853760259,4,0,0
2025-09-27 19:01:56,843.104379,843,386445.57,1.888235269,4,0,0
2025-09-27 19:01:57,843.801276,843,386314.81,1.853760259,4,0,0
2025-09-27 19:01:57,843.817104,843,386445.57,1.888235269,4,0,0
2025-09-27 19:01:58,845.353741,845,386314.81,1.853760259,4,0,0
2025-09-27 19:01:58,845.353741,845,386314.81,1.853760259,4,0,0
2025-09-27 19:01:58,845.733971,845,386314.81,1.853760259,4,0,0
2025-09-27 19:01:58,845.733971,845,386314.81,1.853760259,4,0,0
2025-09-27 19:01:59,846.306127,846,386314.81,1.853760259,4,0,0
2025-09-27 19:01:59,846.306127,846,386314.81,1.853760259,4,0,0
2025-09-27 19:02:00,846.828804,846,386314.81,1.853760259,4,0,0
2025-09-27 19:02:00,846.828804,846,386314.81,1.853760259,4,0,0
2025-09-27 19:02:00,847.605464,847,386314.81,1.853760259,4,0,0
2025-09-27 19:02:00,847.605464,847,386314.81,1.853760259,4,0,0
2025-09-27 19:02:01,848.445837,848,386310.6,1.852649646,4,0,0
2025-09-27 19:02:01,848.445837,848,386314.81,1.853760259,4,0,0
2025-09-27 19:02:02,849.112534,849,386310.6,1.852649646,4,0,0
2025-09-27 19:02:02,849.112534,849,386314.81,1.853760259,4,0,0
2025-09-27 19:02:03,849.811829,849,386310.6,1.852649646,4,0,0
2025-09-27 19:02:03,849.811829,849,386310.88,1.852722241,4,0,0
2025-09-27 19:02:03,850.256466,850,386310.6,1.852649646,4,0,0
2025-09-27 19:02:03,850.256466,850,386310.88,1.852722241,4,0,0
2025-09-27 19:02:04,850.843846,850,386310.6,1.852649646,4,0,0
2025-09-27 19:02:04,850.843846,850,386310.88,1.852722241,4,0,0
2025-09-27 19:02:04,851.224736,851,386310.6,1.852649646,4,0,0
2025-09-27 19:02:04,851.224736,851,386310.88,1.852722241,4,0,0
2025-09-27 19:02:04,851.68596,851,386277.87,1.844019065,4,0,0
2025-09-27 19:02:04,851.68596,851,386310.6,1.852649646,4,0,0
2025-09-27 19:02:05,852.506548,852,386277.87,1.844019065,4,0,0
2025-09-27 19:02:05,852.506548,852,386304.92,1.851152232,4,0,0
2025-09-27 19:02:06,853.028854,853,386277.87,1.844019065,4,0,0
2025-09-27 19:02:06,853.028854,853,386304.92,1.851152232,4,0,0
2025-09-27 19:02:06,853.601519,853,386277.87,1.844019065,4,0,0
2025-09-27 19:02:06,853.601519,853,386277.87,1.844019065,4,0,0
2025-09-27 19:02:07,854.568619,854,386277.87,1.844019065,4,0,0
2025-09-27 19:02:07,854.568619,854,386277.87,1.844019065,4,0,0
2025-09-27 19:02:08,855.283592,855,386277.87,1.844019065,4,0,0
2025-09-27 19:02:08,855.283592,855,386277.87,1.844019065,4,0,0
2025-09-27 19:02:08,855.717763,855,386277.87,1.844019065,4,0,0
2025-09-27 19:02:08,855.717763,855,386277.87,1.844019065,4,0,0
2025-09-27 19:02:09,856.71747,856,386277.87,1.844019065,4,0,0
2025-09-27 19:02:09,856.726985,856,386277.87,1.844019065,4,0,0
2025-09-27 19:02:10,857.20473,857,386277.87,1.844019065,4,0,0
2025-09-27 19:02:10,857.22058,857,386277.87,1.844019065,4,0,0
2025-09-27 19:02:11,858.583978,858,386277.87,1.844019065,4,0,0
2025-09-27 19:02:11,858.583978,858,386277.87,1.844019065,4,0,0
2025-09-27 19:02:12,859.075276,859,386277.87,1.844019065,4,0,0
2025-09-27 19:02:12,859.075276,859,386277.87,1.844019065,4,0,0
2025-09-27 19:02:13,860.564987,860,386277.87,1.844019065,4,0,0
2025-09-27 19:02:13,860.564987,860,386277.87,1.844019065,4,0,0
2025-09-27 19:02:14,861.295175,861,386277.87,1.844019065,4,0,0
2025-09-27 19:02:14,861.295175,861,386277.87,1.844019065,4,0,0
2025-09-27 19:02:15,862.277813,862,386277.87,1.844019065,4,0,0
2025-09-27 19:02:15,862.277813,862,386277.87,1.844019065,4,0,0
2025-09-27 19:02:16,863.203311,863,386277.87,1.844019065,4,0,0
2025-09-27 19:02:16,863.203311,863,386277.87,1.844019065,4,0,0
2025-09-27 19:02:17,863.894316,863,386267.29,1.841231715,4,0,0
2025-09-27 19:02:17,863.894316,863,386277.87,1.844019065,4,0,0
2025-09-27 19:02:18,865.703276,865,386267.29,1.841231715,4,0,0
2025-09-27 19:02:18,865.703276,865,386277.87,1.844019065,4,0,0
2025-09-27 19:02:19,866.416297,866,386267.29,1.841231715,4,0,0
2025-09-27 19:02:19,866.416297,866,386269.63,1.841846681,4,0,0
2025-09-27 19:02:20,867.036185,867,386267.29,1.841231715,4,0,0
2025-09-27 19:02:20,867.036185,867,386269.63,1.841846681,4,0,0
2025-09-27 19:02:20,867.559894,867,386267.29,1.841231715,4,0,0
2025-09-27 19:02:20,867.559894,867,386269.63,1.841846681,4,0,0
2025-09-27 19:02:21,868.287189,868,386267.29,1.841231715,4,0,0
2025-09-27 19:02:21,868.287189,868,386269.63,1.841846681,4,0,0
2025-09-27 19:02:22,868.904992,868,386267.29,1.841231715,4,0,0
2025-09-27 19:02:22,868.904992,868,386269.63,1.841846681,4,0,0
2025-09-27 19:02:22,869.649717,869,386267.29,1.841231715,4,0,0
2025-09-27 19:02:22,869.649717,869,386269.63,1.841846681,4,0,0
2025-09-27 19:02:23,870.141107,870,386267.29,1.841231715,4,0,0
2025-09-27 19:02:23,870.141107,870,386269.63,1.841846681,4,0,0
2025-09-27 19:02:24,871.117087,871,386267.29,1.841231715,4,0,0
2025-09-27 19:02:24,871.117087,871,386269.63,1.841846681,4,0,0
2025-09-27 19:02:26,872.895953,872,386267.29,1.841231715,4,0,0
2025-09-27 19:02:26,872.895953,872,386269.63,1.841846681,4,0,0
2025-09-27 19:02:26,873.465939,873,386267.29,1.841231715,4,0,0
2025-09-27 19:02:26,873.465939,873,386269.63,1.841846681,4,0,0
2025-09-27 19:02:27,874.147891,874,386267.29,1.841231715,4,0,0
2025-09-27 19:02:27,874.147891,874,386269.63,1.841846681,4,0,0
2025-09-27 19:02:28,875.162137,875,386267.29,1.841231715,4,0,0
2025-09-27 19:02:28,875.162137,875,386267.29,1.841231715,4,0,0
2025-09-27 19:02:29,876.176842,876,386267.29,1.841231715,4,0,0
2025-09-27 19:02:29,876.176842,876,386267.29,1.841231715,4,0,0
2025-09-27 19:02:30,877.114995,877,386267.29,1.841231715,4,0,0
2025-09-27 19:02:30,877.114995,877,386267.29,1.841231715,4,0,0
2025-09-27 19:02:31,877.781729,877,386267.29,1.841231715,4,0,0
2025-09-27 19:02:31,877.781729,877,386267.29,1.841231715,4,0,0
2025-09-27 19:02:31,878.465224,878,386267.29,1.841231715,4,0,0
2025-09-27 19:02:31,878.465224,878,386267.29,1.841231715,4,0,0
2025-09-27 19:02:32,879.209762,879,386267.29,1.841231715,4,0,0
2025-09-27 19:02:32,879.209762,879,386267.29,1.841231715,4,0,0
2025-09-27 19:02:33,880.017502,880,386267.29,1.841231715,4,0,0
2025-09-27 19:02:33,880.017502,880,386267.29,1.841231715,4,0,0
2025-09-27 19:02:34,881.157241,881,386267.29,1.841231715,4,0,0
2025-09-27 19:02:34,881.157241,881,386267.29,1.841231715,4,0,0
2025-09-27 19:02:35,881.809257,881,386267.29,1.841231715,4,0,0
2025-09-27 19:02:35,881.809257,881,386267.29,1.841231715,4,0,0
2025-09-27 19:02:35,882.299843,882,386267.29,1.841231715,4,0,0
2025-09-27 19:02:35,882.299843,882,386267.29,1.841231715,4,0,0
2025-09-27 19:02:36,882.745447,882,386267.29,1.841231715,4,0,0
2025-09-27 19:02:36,882.745447,882,386267.29,1.841231715,4,0,0
2025-09-27 19:02:37,883.922893,883,386267.29,1.841231715,4,0,0
2025-09-27 19:02:37,883.922893,883,386267.29,1.841231715,4,0,0
2025-09-27 19:02:38,885.027867,885,386267.29,1.841231715,4,0,0
2025-09-27 19:02:38,885.027867,885,386267.29,1.841231715,4,0,0
2025-09-27 19:02:38,885.725351,885,386267.29,1.841231715,4,0,0
2025-09-27 19:02:38,885.725351,885,386267.29,1.841231715,4,0,0
2025-09-27 19:02:40,886.955437,886,386267.29,1.841231715,4,0,0
2025-09-27 19:02:40,886.955437,886,386267.29,1.841231715,4,0,0
2025-09-27 19:02:41,888.037253,888,386267.29,1.841231715,4,0,0
2025-09-27 19:02:41,888.037253,888,386267.29,1.841231715,4,0,0
2025-09-27 19:02:41,888.573988,888,386267.29,1.841231715,4,0,0
2025-09-27 19:02:41,888.573988,888,386267.29,1.841231715,4,0,0
2025-09-27 19:02:42,889.224636,889,386267.29,1.841231715,4,0,0
2025-09-27 19:02:42,889.224636,889,386267.29,1.841231715,4,0,0
2025-09-27 19:02:43,889.829733,889,386267.29,1.841231715,4,0,0
2025-09-27 19:02:43,889.829733,889,386267.29,1.841231715,4,0,0
2025-09-27 19:02:43,890.303724,890,386267.29,1.841231715,4,0,0
2025-09-27 19:02:43,890.303724,890,386267.29,1.841231715,4,0,0
2025-09-27 19:02:44,890.987384,890,386267.29,1.841231715,4,0,0
2025-09-27 19:02:44,890.987384,890,386267.29,1.841231715,4,0,0
2025-09-27 19:02:44,891.47881,891,386267.29,1.841231715,4,0,0
2025-09-27 19:02:44,891.47881,891,386267.29,1.841231715,4,0,0
2025-09-27 19:02:45,892.287159,892,386267.29,1.841231715,4,0,0
2025-09-27 19:02:45,892.287159,892,386267.29,1.841231715,4,0,0
2025-09-27 19:02:46,893.110696,893,386267.29,1.841231715,4,0,0
2025-09-27 19:02:46,893.110696,893,386267.29,1.841231715,4,0,0
2025-09-27 19:02:47,894.33034,894,386267.29,1.841231715,4,0,0
2025-09-27 19:02:47,894.33034,894,386267.29,1.841231715,4,0,0
2025-09-27 19:02:48,895.581908,895,386267.29,1.841231715,4,0,0
2025-09-27 19:02:48,895.581908,895,386267.29,1.841231715,4,0,0
2025-09-27 19:02:49,896.120706,896,386267.29,1.841231715,4,0,0
2025-09-27 19:02:49,896.120706,896,386267.29,1.841231715,4,0,0
2025-09-27 19:02:50,897.357948,897,386267.29,1.841231715,4,0,0
2025-09-27 19:02:50,897.357948,897,386267.29,1.841231715,4,0,0
2025-09-27 19:02:50,897.708434,897,386267.29,1.841231715,4,0,0
2025-09-27 19:02:50,897.708434,897,386267.29,1.841231715,4,0,0
2025-09-27 19:02:51,898.109003,898,386267.29,1.841231715,4,0,0
2025-09-27 19:02:51,898.109003,898,386267.29,1.841231715,4,0,0
2025-09-27 19:02:51,898.537904,898,386267.29,1.841231715,4,0,0
2025-09-27 19:02:51,898.537904,898,386267.29,1.841231715,4,0,0
2025-09-27 19:02:52,899.568154,899,386267.29,1.841231715,4,0,0
2025-09-27 19:02:52,899.568154,899,386267.29,1.841231715,4,0,0
2025-09-27 19:02:53,900.093863,900,386267.29,1.841231715,4,0,0
2025-09-27 19:02:53,900.093863,900,386267.29,1.841231715,4,0,0
2025-09-27 19:02:54,900.899966,900,386267.29,1.841231715,4,0,0
2025-09-27 19:02:54,900.899966,900,386267.29,1.841231715,4,0,0
2025-09-27 19:02:54,901.488102,901,386267.29,1.841231715,4,0,0
2025-09-27 19:02:54,901.488102,901,386267.29,1.841231715,4,0,0
2025-09-27 19:02:55,902.109192,902,386267.29,1.841231715,4,0,0
2025-09-27 19:02:55,902.109192,902,386267.29,1.841231715,4,0,0
2025-09-27 19:02:55,902.491845,902,386267.29,1.841231715,4,0,0
2025-09-27 19:02:55,902.491845,902,386267.29,1.841231715,4,0,0
2025-09-27 19:02:56,902.843174,902,386267.29,1.841231715,4,0,0
2025-09-27 19:02:56,902.843174,902,386267.29,1.841231715,4,0,0
2025-09-27 19:02:56,903.351071,903,386267.29,1.841231715,4,0,0
2025-09-27 19:02:56,903.351071,903,386267.29,1.841231715,4,0,0
2025-09-27 19:02:57,903.971231,903,386267.29,1.841231715,4,0,0
2025-09-27 19:02:57,903.971231,903,386267.29,1.841231715,4,0,0
2025-09-27 19:02:57,904.446157,904,386267.29,1.841231715,4,0,0
2025-09-27 19:02:57,904.446157,904,386267.29,1.841231715,4,0,0
2025-09-27 19:02:59,905.808695,905,386267.29,1.841231715,4,0,0
2025-09-27 19:02:59,905.808695,905,386267.29,1.841231715,4,0,0
2025-09-27 19:03:00,907.537508,907,386267.29,1.841231715,4,0,0
2025-09-27 19:03:00,907.537508,907,386267.29,1.841231715,4,0,0
2025-09-27 19:03:01,908.041054,908,386267.29,1.841231715,4,0,0
2025-09-27 19:03:01,908.041054,908,386267.29,1.841231715,4,0,0
2025-09-27 19:03:01,908.628888,908,386267.29,1.841231715,4,0,0
2025-09-27 19:03:01,908.628888,908,386267.29,1.841231715,4,0,0
2025-09-27 19:03:02,909.184679,909,386267.29,1.841231715,4,0,0
2025-09-27 19:03:02,909.184679,909,386267.29,1.841231715,4,0,0
2025-09-27 19:03:03,910.070703,910,386267.29,1.841231715,4,0,0
2025-09-27 19:03:03,910.070703,910,386267.29,1.841231715,4,0,0
2025-09-27 19:03:04,911.037597,911,386267.29,1.841231715,4,0,0
2025-09-27 19:03:04,911.037597,911,386267.29,1.841231715,4,0,0
2025-09-27 19:03:05,912.355274,912,386267.29,1.841231715,4,0,0
2025-09-27 19:03:05,912.371483,912,386267.29,1.841231715,4,0,0
2025-09-27 19:03:06,913.657662,913,386267.29,1.841231715,4,0,0
2025-09-27 19:03:06,913.657662,913,386267.29,1.841231715,4,0,0
2025-09-27 19:03:07,914.421534,914,386267.29,1.841231715,4,0,0
2025-09-27 19:03:07,914.437665,914,386267.29,1.841231715,4,0,0
2025-09-27 19:03:08,914.913876,914,386267.29,1.841231715,4,0,0
2025-09-27 19:03:08,914.913876,914,386267.29,1.841231715,4,0,0
2025-09-27 19:03:08,915.579633,915,386267.29,1.841231715,4,0,0
2025-09-27 19:03:08,915.579633,915,386267.29,1.841231715,4,0,0
2025-09-27 19:03:10,916.90989,916,386267.29,1.841231715,4,0,0
2025-09-27 19:03:10,916.90989,916,386267.29,1.841231715,4,0,0
2025-09-27 19:03:10,917.733638,917,386267.29,1.841231715,4,0,0
2025-09-27 19:03:10,917.733638,917,386267.29,1.841231715,4,0,0
2025-09-27 19:03:11,918.321986,918,386267.29,1.841231715,4,0,0
2025-09-27 19:03:11,918.321986,918,386267.29,1.841231715,4,0,0
2025-09-27 19:03:12,919.385703,919,386267.29,1.841231715,4,0,0
2025-09-27 19:03:12,919.385703,919,386267.29,1.841231715,4,0,0
2025-09-27 19:03:13,920.266195,920,386267.29,1.841231715,4,0,0
2025-09-27 19:03:13,920.266195,920,386267.29,1.841231715,4,0,0
2025-09-27 19:03:14,920.793324,920,386267.29,1.841231715,4,0,0
2025-09-27 19:03:14,920.793324,920,386267.29,1.841231715,4,0,0
2025-09-27 19:03:15,921.916698,921,386267.29,1.841231715,4,0,0
2025-09-27 19:03:15,921.916698,921,386267.29,1.841231715,4,0,0
2025-09-27 19:03:15,922.689832,922,386267.29,1.841231715,4,0,0
2025-09-27 19:03:15,922.689832,922,386267.29,1.841231715,4,0,0
2025-09-27 19:03:16,923.357841,923,386267.29,1.841231715,4,0,0
2025-09-27 19:03:16,923.357841,923,386267.29,1.841231715,4,0,0
2025-09-27 19:03:17,924.155721,924,386267.29,1.841231715,4,0,0
2025-09-27 19:03:17,924.171752,924,386267.29,1.841231715,4,0,0
2025-09-27 19:03:18,925.158656,925,386267.29,1.841231715,4,0,0
2025-09-27 19:03:18,925.158656,925,386267.29,1.841231715,4,0,0
2025-09-27 19:03:19,925.986108,925,386267.29,1.841231715,4,0,0
2025-09-27 19:03:19,925.986108,925,386267.29,1.841231715,4,0,0
2025-09-27 19:03:19,926.546342,926,386267.29,1.841231715,4,0,0
2025-09-27 19:03:19,926.546342,926,386267.29,1.841231715,4,0,0
2025-09-27 19:03:20,927.34325,927,386262.22,1.839893658,4,0,0
2025-09-27 19:03:20,927.34325,927,386267.29,1.841231715,4,0,0
2025-09-27 19:03:21,928.022411,928,386262.22,1.839893658,4,0,0
2025-09-27 19:03:21,928.022411,928,386267.29,1.841231715,4,0,0
2025-09-27 19:03:21,928.557935,928,386262.22,1.839893658,4,0,0
2025-09-27 19:03:21,928.557935,928,386267.29,1.841231715,4,0,0
2025-09-27 19:03:22,929.220575,929,386262.22,1.839893658,4,0,0
2025-09-27 19:03:22,929.220575,929,386267.29,1.841231715,4,0,0
2025-09-27 19:03:23,929.771381,929,386262.22,1.839893658,4,0,0
2025-09-27 19:03:23,929.771381,929,386267.29,1.841231715,4,0,0
2025-09-27 19:03:23,930.275806,930,386262.22,1.839893658,4,0,0
2025-09-27 19:03:23,930.275806,930,386262.22,1.839893658,4,0,0
2025-09-27 19:03:25,932.356535,932,386262.22,1.839893658,4,0,0
2025-09-27 19:03:25,932.356535,932,386262.22,1.839893658,4,0,0
2025-09-27 19:03:26,932.878145,932,386262.22,1.839893658,4,0,0
2025-09-27 19:03:26,932.878145,932,386262.22,1.839893658,4,0,0
2025-09-27 19:03:26,933.42037,933,386262.22,1.839893658,4,0,0
2025-09-27 19:03:26,933.42037,933,386262.22,1.839893658,4,0,0
2025-09-27 19:03:27,934.008726,934,386095.97,1.796062592,4,0,0
2025-09-27 19:03:27,934.008726,934,386262.22,1.839893658,4,0,0
2025-09-27 19:03:28,935.468502,935,386095.97,1.796062592,4,0,0
2025-09-27 19:03:28,935.468502,935,386255.62,1.838153935,4,0,0
2025-09-27 19:03:29,936.207872,936,386095.97,1.796062592,4,0,0
2025-09-27 19:03:29,936.207872,936,386255.62,1.838153935,4,0,0
2025-09-27 19:03:30,936.92059,936,386095.97,1.796062592,4,0,0
2025-09-27 19:03:30,936.92059,936,386095.97,1.796062592,4,0,0
2025-09-27 19:03:30,937.430582,937,386095.97,1.796062592,4,0,0
2025-09-27 19:03:30,937.430582,937,386095.97,1.796062592,4,0,0
2025-09-27 19:03:31,938.352981,938,386095.97,1.796062592,4,0,0
2025-09-27 19:03:31,938.352981,938,386095.97,1.796062592,4,0,0
2025-09-27 19:03:32,938.76691,938,386095.97,1.796062592,4,0,0
2025-09-27 19:03:32,938.76691,938,386095.97,1.796062592,4,0,0
2025-09-27 19:03:32,939.161441,939,386095.97,1.796062592,4,0,0
2025-09-27 19:03:32,939.161441,939,386095.97,1.796062592,4,0,0
2025-09-27 19:03:33,939.83947,939,386095.97,1.796062592,4,0,0
2025-09-27 19:03:33,939.83947,939,386095.97,1.796062592,4,0,0
2025-09-27 19:03:33,940.706706,940,386095.97,1.796062592,4,0,0
2025-09-27 19:03:33,940.708712,940,386095.97,1.796062592,4,0,0
2025-09-27 19:03:34,941.239305,941,386095.97,1.796062592,4,0,0
2025-09-27 19:03:34,941.239305,941,386095.97,1.796062592,4,0,0
2025-09-27 19:03:35,941.871893,941,386095.97,1.796062592,4,0,0
2025-09-27 19:03:35,941.871893,941,386095.97,1.796062592,4,0,0
2025-09-27 19:03:35,942.440832,942,386028.67,1.778318723,4,0,0
2025-09-27 19:03:35,942.440832,942,386095.97,1.796062592,4,0,0
2025-09-27 19:03:36,942.996428,942,386028.67,1.778318723,4,0,0
2025-09-27 19:03:36,942.996428,942,386095.97,1.796062592,4,0,0
2025-09-27 19:03:36,943.612477,943,386028.67,1.778318723,4,0,0
2025-09-27 19:03:36,943.612477,943,386028.67,1.778318723,4,0,0
2025-09-27 19:03:37,944.342762,944,386028.67,1.778318723,4,0,0
2025-09-27 19:03:37,944.342762,944,386028.67,1.778318723,4,0,0
2025-09-27 19:03:38,945.018206,945,386028.67,1.778318723,4,0,0
2025-09-27 19:03:38,945.018206,945,386028.67,1.778318723,4,0,0
2025-09-27 19:03:39,945.743771,945,386028.67,1.778318723,4,0,0
2025-09-27 19:03:39,945.743771,945,386028.67,1.778318723,4,0,0
2025-09-27 19:03:39,946.328163,946,386028.67,1.778318723,4,0,0
2025-09-27 19:03:39,946.328163,946,386028.67,1.778318723,4,0,0
2025-09-27 19:03:40,947.031243,947,386028.67,1.778318723,4,0,0
2025-09-27 19:03:40,947.031243,947,386028.67,1.778318723,4,0,0
2025-09-27 19:03:41,947.843469,947,386028.67,1.778318723,4,0,0
2025-09-27 19:03:41,947.843469,947,386028.67,1.778318723,4,0,0
2025-09-27 19:03:41,948.568511,948,386028.67,1.778318723,4,0,0
2025-09-27 19:03:41,948.568511,948,386028.67,1.778318723,4,0,0
2025-09-27 19:03:42,949.267238,949,386028.67,1.778318723,4,0,0
2025-09-27 19:03:42,949.267238,949,386028.67,1.778318723,4,0,0
2025-09-27 19:03:43,950.566866,950,386028.67,1.778318723,4,0,0
2025-09-27 19:03:43,950.566866,950,386028.67,1.778318723,4,0,0
2025-09-27 19:03:44,951.29065,951,386028.67,1.778318723,4,0,0
2025-09-27 19:03:44,951.29065,951,386028.67,1.778318723,4,0,0
2025-09-27 19:03:45,951.92902,951,386028.67,1.778318723,4,0,0
2025-09-27 19:03:45,951.92902,951,386028.67,1.778318723,4,0,0
2025-09-27 19:03:45,952.413815,952,386028.67,1.778318723,4,0,0
2025-09-27 19:03:45,952.413815,952,386028.67,1.778318723,4,0,0
2025-09-27 19:03:45,952.698435,952,386028.67,1.778318723,4,0,0
2025-09-27 19:03:45,952.698435,952,386028.67,1.778318723,4,0,0
2025-09-27 19:03:46,953.238338,953,386028.67,1.778318723,4,0,0
2025-09-27 19:03:46,953.238338,953,386028.67,1.778318723,4,0,0
2025-09-27 19:03:47,953.868099,953,386028.67,1.778318723,4,0,0
2025-09-27 19:03:47,953.868099,953,386028.67,1.778318723,4,0,0
2025-09-27 19:03:47,954.460019,954,386028.67,1.778318723,4,0,0
2025-09-27 19:03:47,954.460019,954,386028.67,1.778318723,4,0,0
2025-09-27 19:03:48,955.160996,955,386028.67,1.778318723,4,0,0
2025-09-27 19:03:48,955.160996,955,386028.67,1.778318723,4,0,0
2025-09-27 19:03:48,955.640052,955,386001.01,1.771025928,4,0,0
2025-09-27 19:03:48,955.640052,955,386028.67,1.778318723,4,0,0
2025-09-27 19:03:49,956.160333,956,386001.01,1.771025928,4,0,0
2025-09-27 19:03:49,956.160333,956,386028.67,1.778318723,4,0,0
2025-09-27 19:03:49,956.664932,956,386001.01,1.771025928,4,0,0
2025-09-27 19:03:49,956.664932,956,386028.67,1.778318723,4,0,0
2025-09-27 19:03:50,957.075772,957,386001.01,1.771025928,4,0,0
2025-09-27 19:03:50,957.075772,957,386001.01,1.771025928,4,0,0
2025-09-27 19:03:50,957.739147,957,386001.01,1.771025928,4,0,0
2025-09-27 19:03:50,957.739147,957,386001.01,1.771025928,4,0,0
2025-09-27 19:03:51,958.528742,958,386001.01,1.771025928,4,0,0
2025-09-27 19:03:51,958.544835,958,386001.01,1.771025928,4,0,0
2025-09-27 19:03:53,959.760152,959,386001.01,1.771025928,4,0,0
2025-09-27 19:03:53,959.760152,959,386001.01,1.771025928,4,0,0
2025-09-27 19:03:53,960.267355,960,386001.01,1.771025928,4,0,0
2025-09-27 19:03:53,960.267355,960,386001.01,1.771025928,4,0,0
2025-09-27 19:03:53,960.598527,960,386001.01,1.771025928,4,0,0
2025-09-27 19:03:53,960.598527,960,386001.01,1.771025928,4,0,0
2025-09-27 19:03:54,961.191726,961,386001.01,1.771025928,4,0,0
2025-09-27 19:03:54,961.191726,961,386001.01,1.771025928,4,0,0
2025-09-27 19:03:54,961.688188,961,386001.01,1.771025928,4,0,0
2025-09-27 19:03:54,961.690193,961,386001.01,1.771025928,4,0,0
2025-09-27 19:03:55,962.230373,962,386001.01,1.771025928,4,0,0
2025-09-27 19:03:55,962.230373,962,386001.01,1.771025928,4,0,0
2025-09-27 19:03:56,963.165068,963,386001.01,1.771025928,4,0,0
2025-09-27 19:03:56,963.165068,963,386001.01,1.771025928,4,0,0
2025-09-27 19:03:57,963.828478,963,386001.01,1.771025928,4,0,0
2025-09-27 19:03:57,963.828478,963,386001.01,1.771025928,4,0,0
2025-09-27 19:03:57,964.241215,964,386001.01,1.771025928,4,0,0
2025-09-27 19:03:57,964.241215,964,386001.01,1.771025928,4,0,0
2025-09-27 19:03:58,964.915315,964,386001.01,1.771025928,4,0,0
2025-09-27 19:03:58,964.915315,964,386001.01,1.771025928,4,0,0
2025-09-27 19:03:58,965.544262,965,386001.01,1.771025928,4,0,0
2025-09-27 19:03:58,965.544262,965,386001.01,1.771025928,4,0,0
2025-09-27 19:03:59,966.182222,966,386001.01,1.771025928,4,0,0
2025-09-27 19:03:59,966.184231,966,386001.01,1.771025928,4,0,0
2025-09-27 19:04:00,966.914506,966,386001.01,1.771025928,4,0,0
2025-09-27 19:04:00,966.914506,966,386001.01,1.771025928,4,0,0
2025-09-27 19:04:01,967.750085,967,386001.01,1.771025928,4,0,0
2025-09-27 19:04:01,967.750085,967,386001.01,1.771025928,4,0,0
2025-09-27 19:04:01,968.097098,968,386001.01,1.771025928,4,0,0
2025-09-27 19:04:01,968.097098,968,386001.01,1.771025928,4,0,0
2025-09-27 19:04:02,969.012099,969,386001.01,1.771025928,4,0,0
2025-09-27 19:04:02,969.012099,969,386001.01,1.771025928,4,0,0
2025-09-27 19:04:03,969.802129,969,386001.01,1.771025928,4,0,0
2025-09-27 19:04:03,969.802129,969,386001.01,1.771025928,4,0,0
2025-09-27 19:04:04,970.986568,970,386001.01,1.771025928,4,0,0
2025-09-27 19:04:04,970.986568,970,386001.01,1.771025928,4,0,0
2025-09-27 19:04:04,971.516236,971,386001.01,1.771025928,4,0,0
2025-09-27 19:04:04,971.516236,971,386001.01,1.771025928,4,0,0
2025-09-27 19:04:05,972.186776,972,386001.01,1.771025928,4,0,0
2025-09-27 19:04:05,972.186776,972,386001.01,1.771025928,4,0,0
2025-09-27 19:04:06,973.202212,973,386001.01,1.771025928,4,0,0
2025-09-27 19:04:06,973.202212,973,386001.01,1.771025928,4,0,0
2025-09-27 19:04:07,973.77045,973,386001.01,1.771025928,4,0,0
2025-09-27 19:04:07,973.77045,973,386001.01,1.771025928,4,0,0
2025-09-27 19:04:07,974.326718,974,386001.01,1.771025928,4,0,0
2025-09-27 19:04:07,974.326718,974,386001.01,1.771025928,4,0,0
2025-09-27 19:04:08,974.787266,974,386001.01,1.771025928,4,0,0
2025-09-27 19:04:08,974.787266,974,386001.01,1.771025928,4,0,0
2025-09-27 19:04:08,975.359875,975,386001.01,1.771025928,4,0,0
2025-09-27 19:04:08,975.359875,975,386001.01,1.771025928,4,0,0
2025-09-27 19:04:10,976.880781,976,386001.01,1.771025928,4,0,0
2025-09-27 19:04:10,976.880781,976,386001.01,1.771025928,4,0,0
2025-09-27 19:04:11,977.995023,977,386001.01,1.771025928,4,0,0
2025-09-27 19:04:11,977.995023,977,386001.01,1.771025928,4,0,0
2025-09-27 19:04:12,978.969073,978,386001.01,1.771025928,4,0,0
2025-09-27 19:04:12,978.969073,978,386001.01,1.771025928,4,0,0
2025-09-27 19:04:12,979.712714,979,385675.76,1.685271574,4,0,0
2025-09-27 19:04:12,979.712714,979,386001.01,1.771025928,4,0,0
2025-09-27 19:04:14,981.018748,981,385675.76,1.685271574,4,0,0
2025-09-27 19:04:14,981.018748,981,385833.34,1.726817303,4,0,0
2025-09-27 19:04:14,981.69225,981,385675.76,1.685271574,4,0,0
2025-09-27 19:04:14,981.69225,981,385833.34,1.726817303,4,0,0
2025-09-27 19:04:15,982.442875,982,385675.76,1.685271574,4,0,0
2025-09-27 19:04:15,982.442875,982,385833.34,1.726817303,4,0,0
2025-09-27 19:04:16,983.004753,983,385675.76,1.685271574,4,0,0
2025-09-27 19:04:16,983.004753,983,385833.34,1.726817303,4,0,0
2025-09-27 19:04:16,983.627517,983,385675.76,1.685271574,4,0,0
2025-09-27 19:04:16,983.627517,983,385675.76,1.685271574,4,0,0
2025-09-27 19:04:18,985.177158,985,385675.76,1.685271574,4,0,0
2025-09-27 19:04:18,985.177158,985,385675.76,1.685271574,4,0,0
2025-09-27 19:04:19,986.117315,986,385675.76,1.685271574,4,0,0
2025-09-27 19:04:19,986.117315,986,385675.76,1.685271574,4,0,0
2025-09-27 19:04:20,986.800245,986,385675.76,1.685271574,4,0,0
2025-09-27 19:04:20,986.800245,986,385675.76,1.685271574,4,0,0
2025-09-27 19:04:20,987.246818,987,385675.76,1.685271574,4,0,0
2025-09-27 19:04:20,987.262713,987,385675.76,1.685271574,4,0,0
2025-09-27 19:04:21,987.92769,987,385675.76,1.685271574,4,0,0
2025-09-27 19:04:21,987.929696,987,385675.76,1.685271574,4,0,0
2025-09-27 19:04:21,988.49039,988,385675.76,1.685271574,4,0,0
2025-09-27 19:04:21,988.49039,988,385675.76,1.685271574,4,0,0
2025-09-27 19:04:22,989.173895,989,385675.76,1.685271574,4,0,0
2025-09-27 19:04:22,989.173895,989,385675.76,1.685271574,4,0,0
2025-09-27 19:04:22,989.539321,989,385675.76,1.685271574,4,0,0
2025-09-27 19:04:22,989.539321,989,385675.76,1.685271574,4,0,0
2025-09-27 19:04:23,990.439435,990,385675.76,1.685271574,4,0,0
2025-09-27 19:04:23,990.439435,990,385675.76,1.685271574,4,0,0
2025-09-27 19:04:24,991.13125,991,385675.76,1.685271574,4,0,0
2025-09-27 19:04:24,991.13125,991,385675.76,1.685271574,4,0,0
2025-09-27 19:04:24,991.699056,991,385675.76,1.685271574,4,0,0
2025-09-27 19:04:24,991.699056,991,385675.76,1.685271574,4,0,0
2025-09-27 19:04:26,992.937403,992,385675.76,1.685271574,4,0,0
2025-09-27 19:04:26,992.939409,992,385675.76,1.685271574,4,0,0
2025-09-27 19:04:27,993.816143,993,385675.76,1.685271574,4,0,0
2025-09-27 19:04:27,993.816143,993,385675.76,1.685271574,4,0,0
2025-09-27 19:04:29,995.922519,995,385675.76,1.685271574,4,0,0
2025-09-27 19:04:29,995.922519,995,385675.76,1.685271574,4,0,0
2025-09-27 19:04:29,996.303057,996,385675.76,1.685271574,4,0,0
2025-09-27 19:04:29,996.303057,996,385675.76,1.685271574,4,0,0
2025-09-27 19:04:30,997.11074,997,385675.76,1.685271574,4,0,0
2025-09-27 19:04:30,997.11074,997,385675.76,1.685271574,4,0,0
2025-09-27 19:04:30,997.650233,997,385675.76,1.685271574,4,0,0
2025-09-27 19:04:30,997.650233,997,385675.76,1.685271574,4,0,0
2025-09-27 19:04:31,998.71066,998,385675.76,1.685271574,4,0,0
2025-09-27 19:04:31,998.71066,998,385675.76,1.685271574,4,0,0
2025-09-27 19:04:32,999.442556,999,385556.18,1.653743521,4,0,0
2025-09-27 19:04:32,999.442556,999,385675.76,1.685271574,4,0,0
2025-09-27 19:04:33,1000.031334,1000,385556.18,1.653743521,4,0,0
2025-09-27 19:04:33,1000.047282,1000,385563.21,1.655595922,4,0,0
2025-09-27 19:04:33,1000.46161,1000,385556.18,1.653743521,4,0,0
2025-09-27 19:04:33,1000.46161,1000,385563.21,1.655595922,4,0,0
2025-09-27 19:04:34,1001.474961,1001,385556.18,1.653743521,4,0,0
2025-09-27 19:04:34,1001.474961,1001,385563.21,1.655595922,4,0,0
2025-09-27 19:04:35,1002.64388,1002,385556.18,1.653743521,4,0,0
2025-09-27 19:04:35,1002.64388,1002,385563.21,1.655595922,4,0,0
2025-09-27 19:04:37,1004.524959,1004,385556.18,1.653743521,4,0,0
2025-09-27 19:04:37,1004.524959,1004,385563.21,1.655595922,4,0,0
2025-09-27 19:04:38,1005.090632,1005,385556.18,1.653743521,4,0,0
2025-09-27 19:04:38,1005.090632,1005,385563.21,1.655595922,4,0,0
2025-09-27 19:04:39,1005.79567,1005,385556.18,1.653743521,4,0,0
2025-09-27 19:04:39,1005.79567,1005,385563.21,1.655595922,4,0,0
2025-09-27 19:04:39,1006.478949,1006,385545.93,1.651041479,4,0,0
2025-09-27 19:04:39,1006.478949,1006,385556.18,1.653743521,4,0,0
2025-09-27 19:04:40,1007.380954,1007,385545.93,1.651041479,4,0,0
2025-09-27 19:04:40,1007.380954,1007,385556.18,1.653743521,4,0,0
2025-09-27 19:04:41,1008.568287,1008,385545.93,1.651041479,4,0,0
2025-09-27 19:04:41,1008.568287,1008,385545.93,1.651041479,4,0,0
2025-09-27 19:04:42,1009.20287,1009,385545.93,1.651041479,4,0,0
2025-09-27 19:04:42,1009.20287,1009,385545.93,1.651041479,4,0,0
2025-09-27 19:04:43,1009.885878,1009,385545.93,1.651041479,4,0,0
2025-09-27 19:04:43,1009.885878,1009,385545.93,1.651041479,4,0,0
2025-09-27 19:04:43,1010.535018,1010,385545.93,1.651041479,4,0,0
2025-09-27 19:04:43,1010.535018,1010,385545.93,1.651041479,4,0,0
2025-09-27 19:04:44,1011.310212,1011,385545.93,1.651041479,4,0,0
2025-09-27 19:04:44,1011.310212,1011,385545.93,1.651041479,4,0,0
2025-09-27 19:04:46,1012.78598,1012,385545.93,1.651041479,4,0,0
2025-09-27 19:04:46,1012.78598,1012,385545.93,1.651041479,4,0,0
2025-09-27 19:04:46,1013.348381,1013,385545.93,1.651041479,4,0,0
2025-09-27 19:04:46,1013.348381,1013,385545.93,1.651041479,4,0,0
2025-09-27 19:04:47,1013.867311,1013,385545.93,1.651041479,4,0,0
2025-09-27 19:04:47,1013.867311,1013,385545.93,1.651041479,4,0,0
2025-09-27 19:04:47,1014.201682,1014,385545.93,1.651041479,4,0,0
2025-09-27 19:04:47,1014.201682,1014,385545.93,1.651041479,4,0,0
2025-09-27 19:04:47,1014.654979,1014,385545.93,1.651041479,4,0,0
2025-09-27 19:04:47,1014.654979,1014,385545.93,1.651041479,4,0,0
2025-09-27 19:04:48,1015.070281,1015,385545.93,1.651041479,4,0,0
2025-09-27 19:04:48,1015.070281,1015,385545.93,1.651041479,4,0,0
2025-09-27 19:04:49,1015.746359,1015,385545.93,1.651041479,4,0,0
2025-09-27 19:04:49,1015.746359,1015,385545.93,1.651041479,4,0,0
2025-09-27 19:04:49,1016.249928,1016,385545.93,1.651041479,4,0,0
2025-09-27 19:04:49,1016.249928,1016,385545.93,1.651041479,4,0,0
2025-09-27 19:04:49,1016.615773,1016,385545.93,1.651041479,4,0,0
2025-09-27 19:04:49,1016.615773,1016,385545.93,1.651041479,4,0,0
2025-09-27 19:04:50,1017.319199,1017,385545.93,1.651041479,4,0,0
2025-09-27 19:04:50,1017.319199,1017,385545.93,1.651041479,4,0,0
2025-09-27 19:04:51,1018.609429,1018,385545.93,1.651041479,4,0,0
2025-09-27 19:04:51,1018.609429,1018,385545.93,1.651041479,4,0,0
2025-09-27 19:04:52,1018.987937,1018,385545.93,1.651041479,4,0,0
2025-09-27 19:04:52,1018.987937,1018,385545.93,1.651041479,4,0,0
2025-09-27 19:04:52,1019.717246,1019,385522.1,1.644756689,4,0,0
2025-09-27 19:04:52,1019.717246,1019,385545.93,1.651041479,4,0,0
2025-09-27 19:04:53,1020.305323,1020,385522.1,1.644756689,4,0,0
2025-09-27 19:04:53,1020.305323,1020,385522.1,1.644756689,4,0,0
2025-09-27 19:04:54,1020.910869,1020,385522.1,1.644756689,4,0,0
2025-09-27 19:04:54,1020.910869,1020,385522.1,1.644756689,4,0,0
2025-09-27 19:04:54,1021.640911,1021,385522.1,1.644756689,4,0,0
2025-09-27 19:04:54,1021.640911,1021,385522.1,1.644756689,4,0,0
2025-09-27 19:04:56,1022.769877,1022,385512.41,1.642202002,4,0,0
2025-09-27 19:04:56,1022.769877,1022,385522.1,1.644756689,4,0,0
2025-09-27 19:04:56,1023.630046,1023,385512.41,1.642202002,4,0,0
2025-09-27 19:04:56,1023.630046,1023,385522.1,1.644756689,4,0,0
2025-09-27 19:04:57,1024.234729,1024,385512.41,1.642202002,4,0,0
2025-09-27 19:04:57,1024.234729,1024,385522.1,1.644756689,4,0,0
2025-09-27 19:05:00,1027.474612,1027,385512.41,1.642202002,4,0,0
2025-09-27 19:05:00,1027.474612,1027,385512.41,1.642202002,4,0,0
2025-09-27 19:05:01,1028.05478,1028,385512.41,1.642202002,4,0,0
2025-09-27 19:05:01,1028.056785,1028,385512.41,1.642202002,4,0,0
2025-09-27 19:05:02,1028.785854,1028,385512.41,1.642202002,4,0,0
2025-09-27 19:05:02,1028.785854,1028,385512.41,1.642202002,4,0,0
2025-09-27 19:05:02,1029.225988,1029,385508.35,1.641133512,4,0,0
2025-09-27 19:05:02,1029.227993,1029,385512.41,1.642202002,4,0,0
2025-09-27 19:05:03,1029.891664,1029,385508.35,1.641133512,4,0,0
2025-09-27 19:05:03,1029.891664,1029,385512.41,1.642202002,4,0,0
2025-09-27 19:05:04,1030.908862,1030,385508.35,1.641133512,4,0,0
2025-09-27 19:05:04,1030.908862,1030,385512.41,1.642202002,4,0,0
2025-09-27 19:05:04,1031.477332,1031,385508.35,1.641133512,4,0,0
2025-09-27 19:05:04,1031.477332,1031,385512.41,1.642202002,4,0,0
2025-09-27 19:05:05,1032.067522,1032,385508.35,1.641133512,4,0,0
2025-09-27 19:05:05,1032.067522,1032,385512.41,1.642202002,4,0,0
2025-09-27 19:05:06,1032.763188,1032,385508.35,1.641133512,4,0,0
2025-09-27 19:05:06,1032.763188,1032,385512.41,1.642202002,4,0,0
2025-09-27 19:05:06,1033.539625,1033,385508.35,1.641133512,4,0,0
2025-09-27 19:05:06,1033.539625,1033,385512.41,1.642202002,4,0,0
2025-09-27 19:05:07,1034.298998,1034,385508.35,1.641133512,4,0,0
2025-09-27 19:05:07,1034.298998,1034,385512.41,1.642202002,4,0,0
2025-09-27 19:05:08,1034.946041,1034,385508.35,1.641133512,4,0,0
2025-09-27 19:05:08,1034.946041,1034,385512.41,1.642202002,4,0,0
2025-09-27 19:05:09,1035.767033,1035,385508.35,1.641133512,4,0,0
2025-09-27 19:05:09,1035.767033,1035,385512.41,1.642202002,4,0,0
2025-09-27 19:05:13,1040.21461,1040,385508.35,1.641133512,4,0,0
2025-09-27 19:05:13,1040.21461,1040,385512.41,1.642202002,4,0,0
2025-09-27 19:05:13,1040.714238,1040,385508.35,1.641133512,4,0,0
2025-09-27 19:05:13,1040.714238,1040,385512.41,1.642202002,4,0,0
2025-09-27 19:05:14,1041.579391,1041,385508.35,1.641133512,4,0,0
2025-09-27 19:05:14,1041.579391,1041,385512.41,1.642202002,4,0,0
2025-09-27 19:05:15,1041.946805,1041,385508.35,1.641133512,4,0,0
2025-09-27 19:05:15,1041.946805,1041,385512.41,1.642202002,4,0,0
2025-09-27 19:05:15,1042.393196,1042,385508.35,1.641133512,4,0,0
2025-09-27 19:05:15,1042.393196,1042,385508.35,1.641133512,4,0,0
2025-09-27 19:05:16,1043.13477,1043,385508.35,1.641133512,4,0,0
2025-09-27 19:05:16,1043.13477,1043,385508.35,1.641133512,4,0,0
2025-09-27 19:05:17,1043.760022,1043,385508.35,1.641133512,4,0,0
2025-09-27 19:05:17,1043.760022,1043,385508.35,1.641133512,4,0,0
2025-09-27 19:05:17,1044.260708,1044,385508.35,1.641133512,4,0,0
2025-09-27 19:05:17,1044.262719,1044,385508.35,1.641133512,4,0,0
2025-09-27 19:05:18,1044.7906,1044,385369.11,1.604422082,4,0,0
2025-09-27 19:05:18,1044.7906,1044,385508.35,1.641133512,4,0,0
2025-09-27 19:05:18,1045.483211,1045,385369.11,1.604422082,4,0,0
2025-09-27 19:05:18,1045.483211,1045,385508.35,1.641133512,4,0,0
2025-09-27 19:05:19,1046.067891,1046,385369.11,1.604422082,4,0,0
2025-09-27 19:05:19,1046.067891,1046,385508.35,1.641133512,4,0,0
2025-09-27 19:05:20,1046.748552,1046,385369.11,1.604422082,4,0,0
2025-09-27 19:05:20,1046.748552,1046,385369.11,1.604422082,4,0,0
2025-09-27 19:05:20,1047.319833,1047,385369.11,1.604422082,4,0,0
2025-09-27 19:05:20,1047.319833,1047,385369.11,1.604422082,4,0,0
2025-09-27 19:05:21,1047.922772,1047,385339.32,1.596566296,4,0,0
2025-09-27 19:05:21,1047.922772,1047,385369.11,1.604422082,4,0,0
2025-09-27 19:05:22,1049.615319,1049,385339.32,1.596566296,4,0,0
2025-09-27 19:05:22,1049.615319,1049,385345.85,1.598287957,4,0,0
2025-09-27 19:05:25,1051.752771,1051,385339.32,1.596566296,4,0,0
2025-09-27 19:05:25,1051.752771,1051,385339.32,1.596566296,4,0,0
2025-09-27 19:05:25,1052.340086,1052,385339.32,1.596566296,4,0,0
2025-09-27 19:05:25,1052.340086,1052,385339.32,1.596566296,4,0,0
2025-09-27 19:05:26,1053.117696,1053,385339.32,1.596566296,4,0,0
2025-09-27 19:05:26,1053.13374,1053,385339.32,1.596566296,4,0,0
2025-09-27 19:05:26,1053.673893,1053,385339.32,1.596566296,4,0,0
2025-09-27 19:05:26,1053.673893,1053,385339.32,1.596566296,4,0,0
2025-09-27 19:05:27,1054.118909,1054,385339.32,1.596566296,4,0,0
2025-09-27 19:05:27,1054.118909,1054,385339.32,1.596566296,4,0,0
2025-09-27 19:05:28,1054.801473,1054,385339.32,1.596566296,4,0,0
2025-09-27 19:05:28,1054.801473,1054,385339.32,1.596566296,4,0,0
2025-09-27 19:05:29,1055.927207,1055,385310.87,1.589066321,4,0,0
2025-09-27 19:05:29,1055.927207,1055,385339.32,1.596566296,4,0,0
2025-09-27 19:05:29,1056.639655,1056,385310.87,1.589066321,4,0,0
2025-09-27 19:05:29,1056.639655,1056,385310.87,1.589066321,4,0,0
2025-09-27 19:05:31,1057.82575,1057,385310.87,1.589066321,4,0,0
2025-09-27 19:05:31,1057.82575,1057,385310.87,1.589066321,4,0,0
2025-09-27 19:05:31,1058.407939,1058,385310.87,1.589066321,4,0,0
2025-09-27 19:05:31,1058.407939,1058,385310.87,1.589066321,4,0,0
2025-09-27 19:05:32,1058.980167,1058,385310.87,1.589066321,4,0,0
2025-09-27 19:05:32,1058.980167,1058,385310.87,1.589066321,4,0,0
2025-09-27 19:05:35,1061.920323,1061,385310.87,1.589066321,4,0,0
2025-09-27 19:05:35,1061.920323,1061,385310.87,1.589066321,4,0,0
2025-09-27 19:05:35,1062.665846,1062,385310.87,1.589066321,4,0,0
2025-09-27 19:05:35,1062.665846,1062,385310.87,1.589066321,4,0,0
2025-09-27 19:05:36,1063.380536,1063,385310.87,1.589066321,4,0,0
2025-09-27 19:05:36,1063.380536,1063,385310.87,1.589066321,4,0,0
2025-09-27 19:05:37,1064.12652,1064,385310.87,1.589066321,4,0,0
2025-09-27 19:05:37,1064.142283,1064,385310.87,1.589066321,4,0,0
2025-09-27 19:05:38,1064.777102,1064,385310.87,1.589066321,4,0,0
2025-09-27 19:05:38,1064.777102,1064,385310.87,1.589066321,4,0,0
2025-09-27 19:05:38,1065.363335,1065,385310.87,1.589066321,4,0,0
2025-09-27 19:05:38,1065.363335,1065,385310.87,1.589066321,4,0,0
2025-09-27 19:05:39,1066.14025,1066,385310.87,1.589066321,4,0,0
2025-09-27 19:05:39,1066.14025,1066,385310.87,1.589066321,4,0,0
2025-09-27 19:05:40,1066.742954,1066,385310.87,1.589066321,4,0,0
2025-09-27 19:05:40,1066.742954,1066,385310.87,1.589066321,4,0,0
2025-09-27 19:05:40,1067.156298,1067,385298.41,1.585781528,4,0,0
2025-09-27 19:05:40,1067.156298,1067,385310.87,1.589066321,4,0,0
2025-09-27 19:05:40,1067.713494,1067,385298.41,1.585781528,4,0,0
2025-09-27 19:05:40,1067.713494,1067,385310.87,1.589066321,4,0,0
2025-09-27 19:05:41,1068.126621,1068,385298.41,1.585781528,4,0,0
2025-09-27 19:05:41,1068.126621,1068,385298.41,1.585781528,4,0,0
2025-09-27 19:05:42,1069.567296,1069,385298.41,1.585781528,4,0,0
2025-09-27 19:05:42,1069.567296,1069,385298.41,1.585781528,4,0,0
2025-09-27 19:05:43,1069.948535,1069,385298.41,1.585781528,4,0,0
2025-09-27 19:05:43,1069.948535,1069,385298.41,1.585781528,4,0,0
2025-09-27 19:05:43,1070.739828,1070,385298.41,1.585781528,4,0,0
2025-09-27 19:05:43,1070.739828,1070,385298.41,1.585781528,4,0,0
2025-09-27 19:05:44,1071.184332,1071,385298.41,1.585781528,4,0,0
2025-09-27 19:05:44,1071.184332,1071,385298.41,1.585781528,4,0,0
2025-09-27 19:05:44,1071.645031,1071,385298.41,1.585781528,4,0,0
2025-09-27 19:05:44,1071.645031,1071,385298.41,1.585781528,4,0,0
2025-09-27 19:05:45,1072.026302,1072,385298.41,1.585781528,4,0,0
2025-09-27 19:05:45,1072.026302,1072,385298.41,1.585781528,4,0,0
2025-09-27 19:05:45,1072.707836,1072,385298.41,1.585781528,4,0,0
2025-09-27 19:05:45,1072.707836,1072,385298.41,1.585781528,4,0,0
2025-09-27 19:05:46,1073.120922,1073,385298.41,1.585781528,4,0,0
2025-09-27 19:05:46,1073.120922,1073,385298.41,1.585781528,4,0,0
2025-09-27 19:05:46,1073.724755,1073,385298.41,1.585781528,4,0,0
2025-09-27 19:05:46,1073.724755,1073,385298.41,1.585781528,4,0,0
2025-09-27 19:05:47,1074.328681,1074,385298.41,1.585781528,4,0,0
2025-09-27 19:05:47,1074.328681,1074,385298.41,1.585781528,4,0,0
2025-09-27 19:05:48,1075.704395,1075,385298.41,1.585781528,4,0,0
2025-09-27 19:05:48,1075.704395,1075,385298.41,1.585781528,4,0,0
2025-09-27 19:05:49,1076.148177,1076,385298.41,1.585781528,4,0,0
2025-09-27 19:05:49,1076.148177,1076,385298.41,1.585781528,4,0,0
2025-09-27 19:05:50,1076.780954,1076,385298.41,1.585781528,4,0,0
2025-09-27 19:05:50,1076.780954,1076,385298.41,1.585781528,4,0,0
2025-09-27 19:05:50,1077.385713,1077,385298.41,1.585781528,4,0,0
2025-09-27 19:05:50,1077.385713,1077,385298.41,1.585781528,4,0,0
2025-09-27 19:05:51,1078.163323,1078,385298.41,1.585781528,4,0,0
2025-09-27 19:05:51,1078.163323,1078,385298.41,1.585781528,4,0,0
2025-09-27 19:05:52,1078.7818,1078,385298.41,1.585781528,4,0,0
2025-09-27 19:05:52,1078.7818,1078,385298.41,1.585781528,4,0,0
2025-09-27 19:05:53,1080.081765,1080,385298.41,1.585781528,4,0,0
2025-09-27 19:05:53,1080.081765,1080,385298.41,1.585781528,4,0,0
2025-09-27 19:05:54,1080.875798,1080,385298.41,1.585781528,4,0,0
2025-09-27 19:05:54,1080.875798,1080,385298.41,1.585781528,4,0,0
2025-09-27 19:05:54,1081.273265,1081,385298.41,1.585781528,4,0,0
2025-09-27 19:05:54,1081.273265,1081,385298.41,1.585781528,4,0,0
2025-09-27 19:05:54,1081.703213,1081,385298.41,1.585781528,4,0,0
2025-09-27 19:05:54,1081.703213,1081,385298.41,1.585781528,4,0,0
2025-09-27 19:05:56,1083.145196,1083,385298.41,1.585781528,4,0,0
2025-09-27 19:05:56,1083.145196,1083,385298.41,1.585781528,4,0,0
2025-09-27 19:05:56,1083.689328,1083,385298.41,1.585781528,4,0,0
2025-09-27 19:05:56,1083.689328,1083,385298.41,1.585781528,4,0,0
2025-09-27 19:05:58,1084.845094,1084,385298.41,1.585781528,4,0,0
2025-09-27 19:05:58,1084.845094,1084,385298.41,1.585781528,4,0,0
2025-09-27 19:05:59,1086.00275,1086,385298.41,1.585781528,4,0,0
2025-09-27 19:05:59,1086.00275,1086,385298.41,1.585781528,4,0,0
2025-09-27 19:05:59,1086.434958,1086,385298.41,1.585781528,4,0,0
2025-09-27 19:05:59,1086.435505,1086,385298.41,1.585781528,4,0,0
2025-09-27 19:06:00,1087.717791,1087,385298.41,1.585781528,4,0,0
2025-09-27 19:06:00,1087.717791,1087,385298.41,1.585781528,4,0,0
2025-09-27 19:06:01,1088.210546,1088,385298.41,1.585781528,4,0,0
2025-09-27 19:06:01,1088.210546,1088,385298.41,1.585781528,4,0,0
2025-09-27 19:06:01,1088.719042,1088,385298.41,1.585781528,4,0,0
2025-09-27 19:06:01,1088.73525,1088,385298.41,1.585781528,4,0,0
2025-09-27 19:06:02,1089.419067,1089,385298.41,1.585781528,4,0,0
2025-09-27 19:06:02,1089.419067,1089,385298.41,1.585781528,4,0,0
2025-09-27 19:06:03,1090.086274,1090,385298.41,1.585781528,4,0,0
2025-09-27 19:06:03,1090.086274,1090,385298.41,1.585781528,4,0,0
2025-09-27 19:06:04,1090.831636,1090,385298.41,1.585781528,4,0,0
2025-09-27 19:06:04,1090.831636,1090,385298.41,1.585781528,4,0,0
2025-09-27 19:06:04,1091.483619,1091,385298.41,1.585781528,4,0,0
2025-09-27 19:06:04,1091.483619,1091,385298.41,1.585781528,4,0,0
2025-09-27 19:06:05,1091.960633,1091,385298.41,1.585781528,4,0,0
2025-09-27 19:06:05,1091.960633,1091,385298.41,1.585781528,4,0,0
2025-09-27 19:06:06,1092.755147,1092,385298.41,1.585781528,4,0,0
2025-09-27 19:06:06,1092.755147,1092,385298.41,1.585781528,4,0,0
2025-09-27 19:06:06,1093.725507,1093,385298.41,1.585781528,4,0,0
2025-09-27 19:06:06,1093.725507,1093,385298.41,1.585781528,4,0,0
2025-09-27 19:06:08,1094.741368,1094,385298.41,1.585781528,4,0,0
2025-09-27 19:06:08,1094.741368,1094,385298.41,1.585781528,4,0,0
2025-09-27 19:06:08,1095.519969,1095,385298.41,1.585781528,4,0,0
2025-09-27 19:06:08,1095.519969,1095,385298.41,1.585781528,4,0,0
2025-09-27 19:06:09,1095.932548,1095,385298.41,1.585781528,4,0,0
2025-09-27 19:06:09,1095.932548,1095,385298.41,1.585781528,4,0,0
2025-09-27 19:06:09,1096.425949,1096,385298.41,1.585781528,4,0,0
2025-09-27 19:06:09,1096.425949,1096,385298.41,1.585781528,4,0,0
2025-09-27 19:06:10,1097.013982,1097,385298.41,1.585781528,4,0,0
2025-09-27 19:06:10,1097.013982,1097,385298.41,1.585781528,4,0,0
2025-09-27 19:06:10,1097.538923,1097,385298.41,1.585781528,4,0,0
2025-09-27 19:06:10,1097.538923,1097,385298.41,1.585781528,4,0,0
2025-09-27 19:06:12,1098.79353,1098,385298.41,1.585781528,4,0,0
2025-09-27 19:06:12,1098.79353,1098,385298.41,1.585781528,4,0,0
2025-09-27 19:06:12,1099.633501,1099,385298.41,1.585781528,4,0,0
2025-09-27 19:06:12,1099.633501,1099,385298.41,1.585781528,4,0,0
2025-09-27 19:06:14,1101.497726,1101,385298.41,1.585781528,4,0,0
2025-09-27 19:06:14,1101.497726,1101,385298.41,1.585781528,4,0,0
2025-09-27 19:06:15,1102.236317,1102,385298.41,1.585781528,4,0,0
2025-09-27 19:06:15,1102.236317,1102,385298.41,1.585781528,4,0,0
2025-09-27 19:06:16,1102.870843,1102,385298.41,1.585781528,4,0,0
2025-09-27 19:06:16,1102.870843,1102,385298.41,1.585781528,4,0,0
2025-09-27 19:06:16,1103.492371,1103,385298.41,1.585781528,4,0,0
2025-09-27 19:06:16,1103.494118,1103,385298.41,1.585781528,4,0,0
2025-09-27 19:06:17,1104.179589,1104,385298.41,1.585781528,4,0,0
2025-09-27 19:06:17,1104.179589,1104,385298.41,1.585781528,4,0,0
2025-09-27 19:06:18,1104.760908,1104,385298.41,1.585781528,4,0,0
2025-09-27 19:06:18,1104.760908,1104,385298.41,1.585781528,4,0,0
2025-09-27 19:06:18,1105.314216,1105,385298.41,1.585781528,4,0,0
2025-09-27 19:06:18,1105.314216,1105,385298.41,1.585781528,4,0,0
2025-09-27 19:06:19,1105.947986,1105,385298.41,1.585781528,4,0,0
2025-09-27 19:06:19,1105.947986,1105,385298.41,1.585781528,4,0,0
2025-09-27 19:06:19,1106.45272,1106,385298.41,1.585781528,4,0,0
2025-09-27 19:06:19,1106.45272,1106,385298.41,1.585781528,4,0,0
2025-09-27 19:06:20,1107.323728,1107,385298.41,1.585781528,4,0,0
2025-09-27 19:06:20,1107.323728,1107,385298.41,1.585781528,4,0,0
2025-09-27 19:06:21,1108.464904,1108,385298.41,1.585781528,4,0,0
2025-09-27 19:06:21,1108.464904,1108,385298.41,1.585781528,4,0,0
2025-09-27 19:06:23,1110.190619,1110,385298.41,1.585781528,4,0,0
2025-09-27 19:06:23,1110.190619,1110,385298.41,1.585781528,4,0,0
2025-09-27 19:06:23,1110.620007,1110,385298.41,1.585781528,4,0,0
2025-09-27 19:06:23,1110.620007,1110,385298.41,1.585781528,4,0,0
2025-09-27 19:06:24,1111.255402,1111,385298.41,1.585781528,4,0,0
2025-09-27 19:06:24,1111.255402,1111,385298.41,1.585781528,4,0,0
2025-09-27 19:06:25,1111.986679,1111,385298.41,1.585781528,4,0,0
2025-09-27 19:06:25,1111.986679,1111,385298.41,1.585781528,4,0,0
2025-09-27 19:06:26,1113.254733,1113,385298.41,1.585781528,4,0,0
2025-09-27 19:06:26,1113.254733,1113,385298.41,1.585781528,4,0,0
2025-09-27 19:06:27,1114.112925,1114,385298.41,1.585781528,4,0,0
2025-09-27 19:06:27,1114.112925,1114,385298.41,1.585781528,4,0,0
2025-09-27 19:06:28,1114.780834,1114,385298.41,1.585781528,4,0,0
2025-09-27 19:06:28,1114.780834,1114,385298.41,1.585781528,4,0,0
2025-09-27 19:06:28,1115.414044,1115,385298.41,1.585781528,4,0,0
2025-09-27 19:06:28,1115.414044,1115,385298.41,1.585781528,4,0,0
2025-09-27 19:06:29,1115.890409,1115,385298.41,1.585781528,4,0,0
2025-09-27 19:06:29,1115.890409,1115,385298.41,1.585781528,4,0,0
2025-09-27 19:06:29,1116.336586,1116,385298.41,1.585781528,4,0,0
2025-09-27 19:06:29,1116.336586,1116,385298.41,1.585781528,4,0,0
2025-09-27 19:06:30,1116.929627,1116,385298.41,1.585781528,4,0,0
2025-09-27 19:06:30,1116.929627,1116,385298.41,1.585781528,4,0,0
2025-09-27 19:06:30,1117.716695,1117,385298.41,1.585781528,4,0,0
2025-09-27 19:06:30,1117.716695,1117,385298.41,1.585781528,4,0,0
2025-09-27 19:06:31,1118.193691,1118,385298.41,1.585781528,4,0,0
2025-09-27 19:06:31,1118.193691,1118,385298.41,1.585781528,4,0,0
2025-09-27 19:06:32,1118.969707,1118,385298.41,1.585781528,4,0,0
2025-09-27 19:06:32,1118.969707,1118,385298.41,1.585781528,4,0,0
2025-09-27 19:06:32,1119.558493,1119,385298.41,1.585781528,4,0,0
2025-09-27 19:06:32,1119.574361,1119,385298.41,1.585781528,4,0,0
2025-09-27 19:06:33,1120.068057,1120,385298.41,1.585781528,4,0,0
2025-09-27 19:06:33,1120.068057,1120,385298.41,1.585781528,4,0,0
2025-09-27 19:06:33,1120.513373,1120,385298.41,1.585781528,4,0,0
2025-09-27 19:06:33,1120.513373,1120,385298.41,1.585781528,4,0,0
2025-09-27 19:06:34,1121.244885,1121,385298.41,1.585781528,4,0,0
2025-09-27 19:06:34,1121.244885,1121,385298.41,1.585781528,4,0,0
2025-09-27 19:06:34,1121.704804,1121,385298.41,1.585781528,4,0,0
2025-09-27 19:06:34,1121.704804,1121,385298.41,1.585781528,4,0,0
2025-09-27 19:06:35,1122.530128,1122,385298.41,1.585781528,4,0,0
2025-09-27 19:06:35,1122.530128,1122,385298.41,1.585781528,4,0,0
2025-09-27 19:06:37,1124.038048,1124,385298.41,1.585781528,4,0,0
2025-09-27 19:06:37,1124.038048,1124,385298.41,1.585781528,4,0,0
2025-09-27 19:06:38,1124.814865,1124,385298.41,1.585781528,4,0,0
2025-09-27 19:06:38,1124.814865,1124,385298.41,1.585781528,4,0,0
2025-09-27 19:06:38,1125.528273,1125,385298.41,1.585781528,4,0,0
2025-09-27 19:06:38,1125.528273,1125,385298.41,1.585781528,4,0,0
2025-09-27 19:06:39,1126.131857,1126,385298.41,1.585781528,4,0,0
2025-09-27 19:06:39,1126.131857,1126,385298.41,1.585781528,4,0,0
2025-09-27 19:06:39,1126.561859,1126,385298.41,1.585781528,4,0,0
2025-09-27 19:06:39,1126.561859,1126,385298.41,1.585781528,4,0,0
2025-09-27 19:06:40,1127.385148,1127,385298.41,1.585781528,4,0,0
2025-09-27 19:06:40,1127.385148,1127,385298.41,1.585781528,4,0,0
2025-09-27 19:06:41,1127.895204,1127,385298.41,1.585781528,4,0,0
2025-09-27 19:06:41,1127.895204,1127,385298.41,1.585781528,4,0,0
2025-09-27 19:06:42,1129.024046,1129,385294.6,1.584775246,4,0,0
2025-09-27 19:06:42,1129.024046,1129,385298.41,1.585781528,4,0,0
2025-09-27 19:06:43,1129.84896,1129,385294.6,1.584775246,4,0,0
2025-09-27 19:06:43,1129.84896,1129,385294.6,1.584775246,4,0,0
2025-09-27 19:06:44,1131.371637,1131,385294.6,1.584775246,4,0,0
2025-09-27 19:06:44,1131.371637,1131,385294.6,1.584775246,4,0,0
2025-09-27 19:06:45,1131.964577,1131,385294.6,1.584775246,4,0,0
2025-09-27 19:06:45,1131.964577,1131,385294.6,1.584775246,4,0,0
2025-09-27 19:06:45,1132.281089,1132,385294.6,1.584775246,4,0,0
2025-09-27 19:06:45,1132.281089,1132,385294.6,1.584775246,4,0,0
2025-09-27 19:06:47,1134.485911,1134,385294.6,1.584775246,4,0,0
2025-09-27 19:06:47,1134.487916,1134,385294.6,1.584775246,4,0,0
2025-09-27 19:06:48,1134.826245,1134,385294.6,1.584775246,4,0,0
2025-09-27 19:06:48,1134.826245,1134,385294.6,1.584775246,4,0,0
2025-09-27 19:06:48,1135.508736,1135,385294.6,1.584775246,4,0,0
2025-09-27 19:06:48,1135.508736,1135,385294.6,1.584775246,4,0,0
2025-09-27 19:06:49,1136.046049,1136,385294.6,1.584775246,4,0,0
2025-09-27 19:06:49,1136.046049,1136,385294.6,1.584775246,4,0,0
2025-09-27 19:06:49,1136.525145,1136,385294.6,1.584775246,4,0,0
2025-09-27 19:06:49,1136.525145,1136,385294.6,1.584775246,4,0,0
2025-09-27 19:06:50,1137.03077,1137,385294.6,1.584775246,4,0,0
2025-09-27 19:06:50,1137.03077,1137,385294.6,1.584775246,4,0,0
2025-09-27 19:06:51,1137.744375,1137,385294.6,1.584775246,4,0,0
2025-09-27 19:06:51,1137.744375,1137,385294.6,1.584775246,4,0,0
2025-09-27 19:06:51,1138.584886,1138,385294.6,1.584775246,4,0,0
2025-09-27 19:06:51,1138.584886,1138,385294.6,1.584775246,4,0,0
2025-09-27 19:06:52,1139.091997,1139,385294.6,1.584775246,4,0,0
2025-09-27 19:06:52,1139.091997,1139,385294.6,1.584775246,4,0,0
2025-09-27 19:06:52,1139.677863,1139,385294.6,1.584775246,4,0,0
2025-09-27 19:06:52,1139.677863,1139,385294.6,1.584775246,4,0,0
2025-09-27 19:06:53,1140.295452,1140,385294.6,1.584775246,4,0,0
2025-09-27 19:06:53,1140.295452,1140,385294.6,1.584775246,4,0,0
2025-09-27 19:06:54,1140.898829,1140,385294.6,1.584775246,4,0,0
2025-09-27 19:06:54,1140.898829,1140,385294.6,1.584775246,4,0,0
2025-09-27 19:06:54,1141.377157,1141,385294.6,1.584775246,4,0,0
2025-09-27 19:06:54,1141.377157,1141,385294.6,1.584775246,4,0,0
2025-09-27 19:06:55,1141.951754,1141,385294.6,1.584775246,4,0,0
2025-09-27 19:06:55,1141.951754,1141,385294.6,1.584775246,4,0,0
2025-09-27 19:06:55,1142.507754,1142,385294.6,1.584775246,4,0,0
2025-09-27 19:06:55,1142.507754,1142,385294.6,1.584775246,4,0,0
2025-09-27 19:06:56,1142.923016,1142,385294.6,1.584775246,4,0,0
2025-09-27 19:06:56,1142.923016,1142,385294.6,1.584775246,4,0,0
2025-09-27 19:06:56,1143.382841,1143,385294.6,1.584775246,4,0,0
2025-09-27 19:06:56,1143.382841,1143,385294.6,1.584775246,4,0,0
2025-09-27 19:06:57,1143.749502,1143,385294.6,1.584775246,4,0,0
2025-09-27 19:06:57,1143.749502,1143,385294.6,1.584775246,4,0,0
2025-09-27 19:06:57,1144.149269,1144,385294.6,1.584775246,4,0,0
2025-09-27 19:06:57,1144.149269,1144,385294.6,1.584775246,4,0,0
2025-09-27 19:06:58,1144.830496,1144,385294.6,1.584775246,4,0,0
2025-09-27 19:06:58,1144.830496,1144,385294.6,1.584775246,4,0,0
2025-09-27 19:06:58,1145.433374,1145,385294.6,1.584775246,4,0,0
2025-09-27 19:06:58,1145.433374,1145,385294.6,1.584775246,4,0,0
2025-09-27 19:06:59,1145.925408,1145,385294.6,1.584775246,4,0,0
2025-09-27 19:06:59,1145.925408,1145,385294.6,1.584775246,4,0,0
2025-09-27 19:06:59,1146.623972,1146,385294.6,1.584775246,4,0,0
2025-09-27 19:06:59,1146.623972,1146,385294.6,1.584775246,4,0,0
2025-09-27 19:07:00,1146.95939,1146,385294.6,1.584775246,4,0,0
2025-09-27 19:07:00,1146.95939,1146,385294.6,1.584775246,4,0,0
2025-09-27 19:07:00,1147.531973,1147,385294.6,1.584775246,4,0,0
2025-09-27 19:07:00,1147.531973,1147,385294.6,1.584775246,4,0,0
2025-09-27 19:07:01,1147.947916,1147,385294.6,1.584775246,4,0,0
2025-09-27 19:07:01,1147.947916,1147,385294.6,1.584775246,4,0,0
2025-09-27 19:07:01,1148.550086,1148,385294.6,1.584775246,4,0,0
2025-09-27 19:07:01,1148.550086,1148,385294.6,1.584775246,4,0,0
2025-09-27 19:07:02,1149.105494,1149,385294.6,1.584775246,4,0,0
2025-09-27 19:07:02,1149.105494,1149,385294.6,1.584775246,4,0,0
2025-09-27 19:07:05,1152.195486,1152,385294.6,1.584775246,4,0,0
2025-09-27 19:07:05,1152.195486,1152,385294.6,1.584775246,4,0,0
2025-09-27 19:07:06,1152.799839,1152,385294.6,1.584775246,4,0,0
2025-09-27 19:07:06,1152.799839,1152,385294.6,1.584775246,4,0,0
2025-09-27 19:07:06,1153.23075,1153,385294.6,1.584775246,4,0,0
2025-09-27 19:07:06,1153.23075,1153,385294.6,1.584775246,4,0,0
2025-09-27 19:07:07,1153.757873,1153,385294.6,1.584775246,4,0,0
2025-09-27 19:07:07,1153.757873,1153,385294.6,1.584775246,4,0,0
2025-09-27 19:07:07,1154.090654,1154,385294.6,1.584775246,4,0,0
2025-09-27 19:07:07,1154.090654,1154,385294.6,1.584775246,4,0,0
2025-09-27 19:07:08,1155.023473,1155,385294.6,1.584775246,4,0,0
2025-09-27 19:07:08,1155.023473,1155,385294.6,1.584775246,4,0,0
2025-09-27 19:07:08,1155.357732,1155,385294.6,1.584775246,4,0,0
2025-09-27 19:07:08,1155.357732,1155,385294.6,1.584775246,4,0,0
2025-09-27 19:07:09,1156.471636,1156,385294.6,1.584775246,4,0,0
2025-09-27 19:07:09,1156.471636,1156,385294.6,1.584775246,4,0,0
2025-09-27 19:07:12,1159.01447,1159,385294.6,1.584775246,4,0,0
2025-09-27 19:07:12,1159.01447,1159,385294.6,1.584775246,4,0,0
2025-09-27 19:07:12,1159.493509,1159,385294.6,1.584775246,4,0,0
2025-09-27 19:07:12,1159.493509,1159,385294.6,1.584775246,4,0,0
2025-09-27 19:07:13,1160.002438,1160,385294.6,1.584775246,4,0,0
2025-09-27 19:07:13,1160.002438,1160,385294.6,1.584775246,4,0,0
2025-09-27 19:07:14,1161.575541,1161,385294.6,1.584775246,4,0,0
2025-09-27 19:07:14,1161.577287,1161,385294.6,1.584775246,4,0,0
2025-09-27 19:07:15,1162.244731,1162,385294.6,1.584775246,4,0,0
2025-09-27 19:07:15,1162.244731,1162,385294.6,1.584775246,4,0,0
2025-09-27 19:07:16,1162.891876,1162,385294.6,1.584775246,4,0,0
2025-09-27 19:07:16,1162.891876,1162,385294.6,1.584775246,4,0,0
2025-09-27 19:07:16,1163.570918,1163,385294.6,1.584775246,4,0,0
2025-09-27 19:07:16,1163.570918,1163,385294.6,1.584775246,4,0,0
2025-09-27 19:07:17,1164.617031,1164,385294.6,1.584775246,4,0,0
2025-09-27 19:07:17,1164.617031,1164,385294.6,1.584775246,4,0,0
2025-09-27 19:07:18,1165.469015,1165,385294.6,1.584775246,4,0,0
2025-09-27 19:07:18,1165.469015,1165,385294.6,1.584775246,4,0,0
2025-09-27 19:07:19,1165.946448,1165,385294.6,1.584775246,4,0,0
2025-09-27 19:07:19,1165.946448,1165,385294.6,1.584775246,4,0,0
2025-09-27 19:07:19,1166.499053,1166,385294.6,1.584775246,4,0,0
2025-09-27 19:07:19,1166.499053,1166,385294.6,1.584775246,4,0,0
2025-09-27 19:07:20,1166.983338,1166,385294.6,1.584775246,4,0,0
2025-09-27 19:07:20,1166.983338,1166,385294.6,1.584775246,4,0,0
2025-09-27 19:07:21,1168.005812,1168,385294.6,1.584775246,4,0,0
2025-09-27 19:07:21,1168.007819,1168,385294.6,1.584775246,4,0,0
2025-09-27 19:07:22,1169.122217,1169,385294.6,1.584775246,4,0,0
2025-09-27 19:07:22,1169.122217,1169,385294.6,1.584775246,4,0,0
2025-09-27 19:07:23,1170.096388,1170,385294.6,1.584775246,4,0,0
2025-09-27 19:07:23,1170.096388,1170,385294.6,1.584775246,4,0,0
2025-09-27 19:07:23,1170.622669,1170,385294.6,1.584775246,4,0,0
2025-09-27 19:07:23,1170.622669,1170,385294.6,1.584775246,4,0,0
2025-09-27 19:07:24,1171.477924,1171,385294.6,1.584775246,4,0,0
2025-09-27 19:07:24,1171.477924,1171,385294.6,1.584775246,4,0,0
2025-09-27 19:07:25,1172.12585,1172,385294.6,1.584775246,4,0,0
2025-09-27 19:07:25,1172.141528,1172,385294.6,1.584775246,4,0,0
2025-09-27 19:07:26,1172.805105,1172,385294.6,1.584775246,4,0,0
2025-09-27 19:07:26,1172.805105,1172,385294.6,1.584775246,4,0,0
2025-09-27 19:07:26,1173.548036,1173,385294.6,1.584775246,4,0,0
2025-09-27 19:07:26,1173.548036,1173,385294.6,1.584775246,4,0,0
2025-09-27 19:07:27,1174.33959,1174,385294.6,1.584775246,4,0,0
2025-09-27 19:07:27,1174.33959,1174,385294.6,1.584775246,4,0,0
2025-09-27 19:07:28,1175.040041,1175,385294.6,1.584775246,4,0,0
2025-09-27 19:07:28,1175.040041,1175,385294.6,1.584775246,4,0,0
2025-09-27 19:07:29,1175.750768,1175,385294.6,1.584775246,4,0,0
2025-09-27 19:07:29,1175.750768,1175,385294.6,1.584775246,4,0,0
2025-09-27 19:07:29,1176.238894,1176,385294.6,1.584775246,4,0,0
2025-09-27 19:07:29,1176.238894,1176,385294.6,1.584775246,4,0,0
2025-09-27 19:07:30,1176.921687,1176,385294.6,1.584775246,4,0,0
2025-09-27 19:07:30,1176.922281,1176,385294.6,1.584775246,4,0,0
2025-09-27 19:07:31,1177.970873,1177,385294.6,1.584775246,4,0,0
2025-09-27 19:07:31,1177.970873,1177,385294.6,1.584775246,4,0,0
2025-09-27 19:11:22,231.318821,231,420103.17,10.76222356,5,0,0
2025-09-27 19:11:22,231.318821,231,444002.11,17.06329434,5,0,0
2025-09-27 19:12:23,292.094657,292,416064.46,9.697397069,5,0,0
2025-09-27 19:12:23,292.094657,292,420103.17,10.76222356,5,0,0
2025-09-27 19:12:30,299.315247,299,413912.42,9.130002418,5,0,0
2025-09-27 19:12:30,299.315247,299,416064.46,9.697397069,5,0,0
2025-09-27 19:12:31,300.220246,300,413882.7,9.122167175,5,0,0
2025-09-27 19:12:31,300.220246,300,413912.42,9.130002418,5,0,0
2025-09-27 19:12:32,301.074812,301,412171.41,8.670975801,5,0,0
2025-09-27 19:12:32,301.074812,301,413491.69,9.019074966,5,0,0
2025-09-27 19:12:32,301.718001,301,412009.19,8.628206524,5,0,0
2025-09-27 19:12:32,301.718001,301,412171.41,8.670975801,5,0,0
2025-09-27 19:12:34,302.76154,302,411737.42,8.556552312,5,0,0
2025-09-27 19:12:34,302.76154,302,412009.19,8.628206524,5,0,0
2025-09-27 19:12:36,304.999485,304,411737.42,8.556552312,5,0,0
2025-09-27 19:12:36,304.999485,304,412009.19,8.628206524,5,0,0
2025-09-27 19:12:38,307.464483,307,411381.17,8.46262654,5,0,0
2025-09-27 19:12:38,307.464483,307,411737.42,8.556552312,5,0,0
2025-09-27 19:12:39,308.210409,308,411381.17,8.46262654,5,0,0
2025-09-27 19:12:39,308.210409,308,411499.91,8.493933073,5,0,0
2025-09-27 19:12:40,308.880363,308,411381.17,8.46262654,5,0,0
2025-09-27 19:12:40,308.880363,308,411381.95,8.462830791,5,0,0
2025-09-27 19:12:40,309.73437,309,411051.41,8.375682884,5,0,0
2025-09-27 19:12:40,309.73437,309,411381.17,8.46262654,5,0,0
2025-09-27 19:12:41,310.564612,310,411035.09,8.371380182,5,0,0
2025-09-27 19:12:41,310.564612,310,411051.41,8.375682884,5,0,0
2025-09-27 19:12:42,311.274484,311,411035.09,8.371380182,5,0,0
2025-09-27 19:12:42,311.274484,311,411051.41,8.375682884,5,0,0
2025-09-27 19:12:43,312.514108,312,410948.86,8.348645696,5,0,0
2025-09-27 19:12:43,312.514108,312,411035.09,8.371380182,5,0,0
2025-09-27 19:12:51,319.755361,319,410768.18,8.301007194,5,0,0
2025-09-27 19:12:51,319.755361,319,410948.86,8.348645696,5,0,0
2025-09-27 19:12:51,320.260737,320,409867.2,8.063459803,5,0,0
2025-09-27 19:12:51,320.260737,320,410660.13,8.272519411,5,0,0
2025-09-27 19:12:52,321.292973,321,409668.91,8.011179973,5,0,0
2025-09-27 19:12:52,321.292973,321,409867.2,8.063459803,5,0,0
2025-09-27 19:12:52,321.695728,321,409015.62,7.838938604,5,0,0
2025-09-27 19:12:52,321.695728,321,409668.91,8.011179973,5,0,0
2025-09-27 19:12:53,322.330739,322,408741.12,7.766564342,5,0,0
2025-09-27 19:12:53,322.330739,322,408943.59,7.81994649,5,0,0
2025-09-27 19:12:54,322.775213,322,408666.38,7.746857627,5,0,0
2025-09-27 19:12:54,322.775213,322,408741.12,7.766564342,5,0,0
2025-09-27 19:12:54,323.44387,323,408666.38,7.746857627,5,0,0
2025-09-27 19:12:54,323.44387,323,408741.12,7.766564342,5,0,0
2025-09-27 19:12:55,324.095532,324,408302.97,7.651044764,5,0,0
2025-09-27 19:12:55,324.095532,324,408666.38,7.746857627,5,0,0
2025-09-27 19:12:57,326.163814,326,408302.97,7.651044764,5,0,0
2025-09-27 19:12:57,326.163814,326,408378.78,7.671032758,5,0,0
2025-09-27 19:12:57,326.716154,326,408302.97,7.651044764,5,0,0
2025-09-27 19:12:57,326.716154,326,408345.53,7.662265328,5,0,0
2025-09-27 19:12:58,327.650952,327,408006.82,7.572963707,5,0,0
2025-09-27 19:12:58,327.650952,327,408089.92,7.594872067,5,0,0
2025-09-27 19:13:01,329.879294,329,407694.01,7.490488929,5,0,0
2025-09-27 19:13:01,329.879294,329,407982.56,7.566565141,5,0,0
2025-09-27 19:13:01,330.678616,330,407607.17,7.467591738,5,0,0
2025-09-27 19:13:01,330.678616,330,407694.01,7.490488929,5,0,0
2025-09-27 19:13:03,332.547527,332,407607.17,7.467591738,5,0,0
2025-09-27 19:13:03,332.549533,332,407694.01,7.490488929,5,0,0
2025-09-27 19:13:05,334.312032,334,407451.57,7.426569431,5,0,0
2025-09-27 19:13:05,334.312032,334,407607.17,7.467591738,5,0,0
2025-09-27 19:13:06,335.235533,335,407085.95,7.330170906,5,0,0
2025-09-27 19:13:06,335.235533,335,407451.57,7.426569431,5,0,0
2025-09-27 19:13:07,335.868718,335,407085.95,7.330170906,5,0,0
2025-09-27 19:13:07,335.868718,335,407451.57,7.426569431,5,0,0
2025-09-27 19:13:08,336.788164,336,407082.13,7.329164623,5,0,0
2025-09-27 19:13:08,336.789911,336,407085.95,7.330170906,5,0,0
2025-09-27 19:13:09,338.508786,338,407082.13,7.329164623,5,0,0
2025-09-27 19:13:09,338.508786,338,407085.95,7.330170906,5,0,0
2025-09-27 19:13:10,339.093624,339,406896.53,7.280229098,5,0,0
2025-09-27 19:13:10,339.093624,339,407082.13,7.329164623,5,0,0
2025-09-27 19:13:10,339.721634,339,406143.58,7.081709771,5,0,0
2025-09-27 19:13:10,339.721634,339,406896.53,7.280229098,5,0,0
2025-09-27 19:13:11,340.448644,340,406060.71,7.059861815,5,0,0
2025-09-27 19:13:11,340.46457,340,406143.58,7.081709771,5,0,0
2025-09-27 19:13:13,341.762347,341,406053.77,7.058031752,5,0,0
2025-09-27 19:13:13,341.764354,341,406060.71,7.059861815,5,0,0
2025-09-27 19:13:13,342.263742,342,406053.77,7.058031752,5,0,0
2025-09-27 19:13:13,342.277764,342,406060.71,7.059861815,5,0,0
2025-09-27 19:13:14,343.589293,343,406053.77,7.058031752,5,0,0
2025-09-27 19:13:14,343.589293,343,406060.71,7.059861815,5,0,0
2025-09-27 19:13:15,344.229344,344,406053.77,7.058031752,5,0,0
2025-09-27 19:13:15,344.229344,344,406053.77,7.058031752,5,0,0
2025-09-27 19:13:16,344.799745,344,406053.77,7.058031752,5,0,0
2025-09-27 19:13:16,344.799745,344,406053.77,7.058031752,5,0,0
2025-09-27 19:13:16,345.609801,345,406053.77,7.058031752,5,0,0
2025-09-27 19:13:16,345.609801,345,406053.77,7.058031752,5,0,0
2025-09-27 19:13:17,346.158313,346,405927.43,7.02472221,5,0,0
2025-09-27 19:13:17,346.158313,346,406053.77,7.058031752,5,0,0
2025-09-27 19:13:18,346.994811,346,405926.7,7.024527944,5,0,0
2025-09-27 19:13:18,346.994811,346,405927.43,7.02472221,5,0,0
2025-09-27 19:13:24,353.316367,353,405570.26,6.930551051,5,0,0
2025-09-27 19:13:24,353.316367,353,405926.7,7.024527944,5,0,0
2025-09-27 19:13:25,354.182492,354,405570.26,6.930551051,5,0,0
2025-09-27 19:13:25,354.182492,354,405580.95,6.933370787,5,0,0
2025-09-27 19:13:26,355.419314,355,405483.12,6.907575613,5,0,0
2025-09-27 19:13:26,355.419314,355,405570.26,6.930551051,5,0,0
2025-09-27 19:13:27,356.019383,356,405483.12,6.907575613,5,0,0
2025-09-27 19:13:27,356.019383,356,405483.12,6.907575613,5,0,0
2025-09-27 19:13:27,356.542477,356,405482.38,6.907381347,5,0,0
2025-09-27 19:13:27,356.542477,356,405483.12,6.907575613,5,0,0
2025-09-27 19:13:28,357.443196,357,404840.65,6.738185814,5,0,0
2025-09-27 19:13:28,357.443196,357,405482.38,6.907381347,5,0,0
2025-09-27 19:13:29,358.219349,358,404718.79,6.706058147,5,0,0
2025-09-27 19:13:29,358.219349,358,404840.65,6.738185814,5,0,0
2025-09-27 19:13:38,367.698281,367,403605.05,6.412415896,5,0,0
2025-09-27 19:13:38,367.698281,367,404718.79,6.706058147,5,0,0
2025-09-27 19:13:40,369.465769,369,403605.05,6.412415896,5,0,0
2025-09-27 19:13:40,369.465769,369,403605.05,6.412415896,5,0,0
2025-09-27 19:13:41,369.921492,369,403605.05,6.412415896,5,0,0
2025-09-27 19:13:41,369.921492,369,403605.05,6.412415896,5,0,0
2025-09-27 19:13:41,370.585858,370,403586.44,6.407507553,5,0,0
2025-09-27 19:13:41,370.585858,370,403605.05,6.412415896,5,0,0
2025-09-27 19:13:58,386.93458,386,403586.44,6.407507553,5,0,0
2025-09-27 19:13:58,386.93458,386,403605.05,6.412415896,5,0,0
2025-09-27 19:13:59,388.300287,388,403586.44,6.407507553,5,0,0
2025-09-27 19:13:59,388.300287,388,403605.05,6.412415896,5,0,0
2025-09-27 19:14:00,388.949733,388,403571.99,6.403697729,5,0,0
2025-09-27 19:14:00,388.949733,388,403586.44,6.407507553,5,0,0
2025-09-27 19:14:01,390.652533,390,403571.99,6.403697729,5,0,0
2025-09-27 19:14:01,390.652533,390,403582.62,6.406501271,5,0,0
2025-09-27 19:14:02,391.23571,391,403571.99,6.403697729,5,0,0
2025-09-27 19:14:02,391.23571,391,403582.62,6.406501271,5,0,0
2025-09-27 19:14:03,392.268937,392,402615.73,6.151575487,5,0,0
2025-09-27 19:14:03,392.268937,392,403571.99,6.403697729,5,0,0
2025-09-27 19:14:04,393.095717,393,402615.73,6.151575487,5,0,0
2025-09-27 19:14:04,393.095717,393,402615.73,6.151575487,5,0,0
2025-09-27 19:14:05,393.848848,393,402479.84,6.115747896,5,0,0
2025-09-27 19:14:05,393.848848,393,402615.73,6.151575487,5,0,0
2025-09-27 19:14:10,399.742711,399,402479.84,6.115747896,5,0,0
2025-09-27 19:14:10,399.742711,399,402483.3,6.116659209,5,0,0
2025-09-27 19:14:11,400.643883,400,402479.84,6.115747896,5,0,0
2025-09-27 19:14:11,400.645889,400,402483.3,6.116659209,5,0,0
2025-09-27 19:14:12,401.169469,401,402479.84,6.115747896,5,0,0
2025-09-27 19:14:12,401.171216,401,402483.3,6.116659209,5,0,0
2025-09-27 19:14:13,401.840015,401,402479.84,6.115747896,5,0,0
2025-09-27 19:14:13,401.840015,401,402483.3,6.116659209,5,0,0
2025-09-27 19:14:13,402.343903,402,402479.84,6.115747896,5,0,0
2025-09-27 19:14:13,402.343903,402,402483.3,6.116659209,5,0,0
2025-09-27 19:14:42,431.514832,431,401958.4,5.978268467,5,0,0
2025-09-27 19:14:42,431.514832,431,402450.29,6.107956034,5,0,0
2025-09-27 19:14:44,432.893551,432,400545.6,5.605775978,5,0,0
2025-09-27 19:14:44,432.893551,432,401958.4,5.978268467,5,0,0
2025-09-27 19:14:52,440.781255,440,400444.38,5.579089348,5,0,0
2025-09-27 19:14:52,440.781255,440,400545.6,5.605775978,5,0,0
2025-09-27 19:14:52,441.663445,441,400294.37,5.539537716,5,0,0
2025-09-27 19:14:52,441.663445,441,400335.9,5.550486983,5,0,0
2025-09-27 19:14:53,442.223518,442,400267.08,5.532343905,5,0,0
2025-09-27 19:14:53,442.223518,442,400294.37,5.539537716,5,0,0
2025-09-27 19:14:54,442.935336,442,399371.83,5.296305498,5,0,0
2025-09-27 19:14:54,442.935336,442,400173.93,5.507784416,5,0,0
2025-09-27 19:14:54,443.356627,443,399371.83,5.296305498,5,0,0
2025-09-27 19:14:54,443.356627,443,400173.93,5.507784416,5,0,0
2025-09-27 19:14:55,443.936846,443,399351.22,5.290873056,5,0,0
2025-09-27 19:14:55,443.938593,443,399371.83,5.296305498,5,0,0
2025-09-27 19:14:56,444.757519,444,398244.04,4.998959753,5,0,0
2025-09-27 19:14:56,444.757519,444,399035.07,5.207516521,5,0,0
2025-09-27 19:14:56,445.434008,445,398244.04,4.998959753,5,0,0
2025-09-27 19:14:56,445.434008,445,398286.33,5.01010958,5,0,0
2025-09-27 19:15:00,449.285745,449,398244.04,4.998959753,5,0,0
2025-09-27 19:15:00,449.285745,449,398244.04,4.998959753,5,0,0
2025-09-27 19:15:01,450.046096,450,398244.04,4.998959753,5,0,0
2025-09-27 19:15:01,450.046096,450,398244.04,4.998959753,5,0,0
2025-09-27 19:15:03,451.787603,451,397617.61,4.833796356,5,0,0
2025-09-27 19:15:03,451.787603,451,398244.04,4.998959753,5,0,0
2025-09-27 19:15:03,452.599307,452,397508.76,4.805098321,5,0,0
2025-09-27 19:15:03,452.599307,452,397617.61,4.833796356,5,0,0
2025-09-27 19:15:04,453.549342,453,397508.76,4.805098321,5,0,0
2025-09-27 19:15:04,453.549342,453,397617.61,4.833796356,5,0,0
2025-09-27 19:15:05,454.223025,454,397508.76,4.805098321,5,0,0
2025-09-27 19:15:05,454.223025,454,397617.61,4.833796356,5,0,0
2025-09-27 19:15:06,455.08856,455,397436.22,4.785973268,5,0,0
2025-09-27 19:15:06,455.08856,455,397508.76,4.805098321,5,0,0
2025-09-27 19:15:11,460.292399,460,397096.79,4.696480104,5,0,0
2025-09-27 19:15:11,460.292399,460,397436.22,4.785973268,5,0,0
2025-09-27 19:15:12,461.069597,461,397086.22,4.693692754,5,0,0
2025-09-27 19:15:12,461.069597,461,397096.79,4.696480104,5,0,0
2025-09-27 19:15:12,461.36287,461,397086.22,4.693692754,5,0,0
2025-09-27 19:15:12,461.372344,461,397096.79,4.696480104,5,0,0
2025-09-27 19:15:18,466.80996,466,396871.62,4.637114314,5,0,0
2025-09-27 19:15:18,466.80996,466,397086.22,4.693692754,5,0,0
2025-09-27 19:15:18,467.696034,467,396871.62,4.637114314,5,0,0
2025-09-27 19:15:18,467.696034,467,396876.02,4.638272513,5,0,0
2025-09-27 19:15:20,469.418817,469,396871.62,4.637114314,5,0,0
2025-09-27 19:15:20,469.418817,469,396876.02,4.638272513,5,0,0
2025-09-27 19:15:21,470.677973,470,396802.27,4.618829262,5,0,0
2025-09-27 19:15:21,470.677973,470,396871.62,4.637114314,5,0,0
2025-09-27 19:15:22,471.52927,471,396802.27,4.618829262,5,0,0
2025-09-27 19:15:22,471.52927,471,396871.62,4.637114314,5,0,0
2025-09-27 19:15:23,472.595032,472,396802.27,4.618829262,5,0,0
2025-09-27 19:15:23,472.595032,472,396871.62,4.637114314,5,0,0
2025-09-27 19:15:24,473.099476,473,396607.79,4.567553662,5,0,0
2025-09-27 19:15:24,473.099476,473,396626.24,4.572417897,5,0,0
2025-09-27 19:15:25,473.861986,473,396508.56,4.541390883,5,0,0
2025-09-27 19:15:25,473.861986,473,396607.79,4.567553662,5,0,0
2025-09-27 19:15:25,474.576248,474,396382.82,4.508238537,5,0,0
2025-09-27 19:15:25,474.576248,474,396508.56,4.541390883,5,0,0
2025-09-27 19:15:26,475.100746,475,396290.72,4.483957068,5,0,0
2025-09-27 19:15:26,475.100746,475,396382.82,4.508238537,5,0,0
2025-09-27 19:15:27,475.877376,475,396290.72,4.483957068,5,0,0
2025-09-27 19:15:27,475.877376,475,396349.81,4.499535362,5,0,0
2025-09-27 19:15:28,477.11329,477,396290.72,4.483957068,5,0,0
2025-09-27 19:15:28,477.11329,477,396313.28,4.489904192,5,0,0
2025-09-27 19:15:29,478.541124,478,396203.73,4.461022191,5,0,0
2025-09-27 19:15:29,478.541124,478,396290.72,4.483957068,5,0,0
2025-09-27 19:15:30,479.286464,479,396074.35,4.426909869,5,0,0
2025-09-27 19:15:30,479.286464,479,396203.73,4.461022191,5,0,0
2025-09-27 19:15:31,480.319109,480,395958.12,4.396264124,5,0,0
2025-09-27 19:15:31,480.319109,480,396074.35,4.426909869,5,0,0
2025-09-27 19:15:39,488.751958,488,395958.12,4.396264124,5,0,0
2025-09-27 19:15:39,488.751958,488,396051.72,4.42094354,5,0,0
2025-09-27 19:15:40,489.543685,489,395958.12,4.396264124,5,0,0
2025-09-27 19:15:40,489.543685,489,396051.72,4.42094354,5,0,0
2025-09-27 19:15:41,490.621386,490,395947.62,4.393495496,5,0,0
2025-09-27 19:15:41,490.621386,490,395958.12,4.396264124,5,0,0
2025-09-27 19:15:43,492.043943,492,395947.62,4.393495496,5,0,0
2025-09-27 19:15:43,492.043943,492,395947.62,4.393495496,5,0,0
2025-09-27 19:15:43,492.711809,492,395940.98,4.391745533,5,0,0
2025-09-27 19:15:43,492.711809,492,395947.62,4.393495496,5,0,0
2025-09-27 19:15:44,493.205309,493,395893.7,4.379279839,5,0,0
2025-09-27 19:15:44,493.205309,493,395940.98,4.391745533,5,0,0
2025-09-27 19:15:45,494.172928,494,395883.32,4.376542322,5,0,0
2025-09-27 19:15:45,494.172928,494,395893.7,4.379279839,5,0,0
2025-09-27 19:15:46,495.172054,495,395883.32,4.376542322,5,0,0
2025-09-27 19:15:46,495.172054,495,395893.7,4.379279839,5,0,0
2025-09-27 19:15:47,495.918093,495,395556.75,4.290442854,5,0,0
2025-09-27 19:15:47,495.918093,495,395883.32,4.376542322,5,0,0
2025-09-27 19:15:47,496.300299,496,395544.36,4.287175994,5,0,0
2025-09-27 19:15:47,496.300299,496,395556.75,4.290442854,5,0,0
2025-09-27 19:15:48,496.983777,496,395544.36,4.287175994,5,0,0
2025-09-27 19:15:48,496.983777,496,395556.75,4.290442854,5,0,0
2025-09-27 19:15:49,498.442052,498,395544.36,4.287175994,5,0,0
2025-09-27 19:15:49,498.442052,498,395556.75,4.290442854,5,0,0
2025-09-27 19:15:50,499.126262,499,395544.36,4.287175994,5,0,0
2025-09-27 19:15:50,499.126262,499,395556.75,4.290442854,5,0,0
2025-09-27 19:15:51,500.684698,500,395544.36,4.287175994,5,0,0
2025-09-27 19:15:51,500.684698,500,395556.75,4.290442854,5,0,0
2025-09-27 19:15:52,501.304721,501,395544.36,4.287175994,5,0,0
2025-09-27 19:15:52,501.304721,501,395544.36,4.287175994,5,0,0
2025-09-27 19:15:53,502.589196,502,395472.28,4.268171147,5,0,0
2025-09-27 19:15:53,502.589196,502,395544.36,4.287175994,5,0,0
2025-09-27 19:15:54,503.00134,503,395472.28,4.268171147,5,0,0
2025-09-27 19:15:54,503.00134,503,395544.36,4.287175994,5,0,0
2025-09-27 19:16:01,510.595236,510,392077.62,3.37315244,5,0,0
2025-09-27 19:16:01,510.595236,510,395472.28,4.268171147,5,0,0
2025-09-27 19:16:02,511.467523,511,392018.83,3.357651184,5,0,0
2025-09-27 19:16:02,511.467523,511,392077.62,3.37315244,5,0,0
2025-09-27 19:16:03,512.308097,512,392018.83,3.357651184,5,0,0
2025-09-27 19:16:03,512.308097,512,392018.83,3.357651184,5,0,0
2025-09-27 19:16:04,512.894661,512,392018.83,3.357651184,5,0,0
2025-09-27 19:16:04,512.894661,512,392018.83,3.357651184,5,0,0
2025-09-27 19:16:05,514.671623,514,391774.64,3.293269108,5,0,0
2025-09-27 19:16:05,514.671623,514,392018.83,3.357651184,5,0,0
2025-09-27 19:16:06,515.385721,515,391774.64,3.293269108,5,0,0
2025-09-27 19:16:06,515.385721,515,391827.8,3.307286294,5,0,0
2025-09-27 19:16:07,516.349808,516,391774.64,3.293269108,5,0,0
2025-09-27 19:16:07,516.349808,516,391784.57,3.295889297,5,0,0
2025-09-27 19:16:08,516.794529,516,391774.64,3.293269108,5,0,0
2025-09-27 19:16:08,516.794529,516,391784.57,3.295889297,5,0,0
2025-09-27 19:16:10,518.857666,518,391663.99,3.26409707,5,0,0
2025-09-27 19:16:10,518.873557,518,391774.64,3.293269108,5,0,0
2025-09-27 19:16:10,519.223355,519,391663.99,3.26409707,5,0,0
2025-09-27 19:16:10,519.223355,519,391774.06,3.29311724,5,0,0
2025-09-27 19:16:11,519.862864,519,391663.99,3.26409707,5,0,0
2025-09-27 19:16:11,519.862864,519,391774.06,3.29311724,5,0,0
2025-09-27 19:16:11,520.540076,520,391237.45,3.151637895,5,0,0
2025-09-27 19:16:11,520.540076,520,391663.99,3.26409707,5,0,0
2025-09-27 19:16:13,521.761265,521,391237.45,3.151637895,5,0,0
2025-09-27 19:16:13,521.761265,521,391663.99,3.26409707,5,0,0
2025-09-27 19:16:13,522.444787,522,391237.45,3.151637895,5,0,0
2025-09-27 19:16:13,522.444787,522,391653.07,3.261217688,5,0,0
2025-09-27 19:16:14,523.110998,523,390953.92,3.076884256,5,0,0
2025-09-27 19:16:14,523.110998,523,391237.45,3.151637895,5,0,0
2025-09-27 19:16:15,523.761828,523,390953.92,3.076884256,5,0,0
2025-09-27 19:16:15,523.761828,523,391237.45,3.151637895,5,0,0
2025-09-27 19:16:15,524.731284,524,390953.92,3.076884256,5,0,0
2025-09-27 19:16:15,524.731284,524,391237.45,3.151637895,5,0,0
2025-09-27 19:16:16,525.429602,525,390953.92,3.076884256,5,0,0
2025-09-27 19:16:16,525.429602,525,391210.17,3.144444084,5,0,0
2025-09-27 19:16:17,526.539494,526,390953.92,3.076884256,5,0,0
2025-09-27 19:16:17,526.539494,526,391027.78,3.096355812,5,0,0
2025-09-27 19:16:19,528.426922,528,390698.3,3.009487198,5,0,0
2025-09-27 19:16:19,528.426922,528,390953.92,3.076884256,5,0,0
2025-09-27 19:16:20,529.092677,529,390698.3,3.009487198,5,0,0
2025-09-27 19:16:20,529.092677,529,390953.92,3.076884256,5,0,0
2025-09-27 19:16:22,531.025489,531,389745.49,2.758275607,5,0,0
2025-09-27 19:16:22,531.025489,531,390698.3,3.009487198,5,0,0
2025-09-27 19:16:23,532.244465,532,389745.49,2.758275607,5,0,0
2025-09-27 19:16:23,532.244465,532,389796.85,2.771816291,5,0,0
2025-09-27 19:16:24,532.956951,532,389201.12,2.614749421,5,0,0
2025-09-27 19:16:24,532.956951,532,389745.49,2.758275607,5,0,0
2025-09-27 19:16:24,533.688002,533,389201.12,2.614749421,5,0,0
2025-09-27 19:16:24,533.688002,533,389203.45,2.615364387,5,0,0
2025-09-27 19:16:25,534.14904,534,388492.79,2.427995738,5,0,0
2025-09-27 19:16:25,534.14904,534,389201.12,2.614749421,5,0,0
2025-09-27 19:16:26,535.163444,535,388492.79,2.427995738,5,0,0
2025-09-27 19:16:26,535.163444,535,389166.63,2.60565621,5,0,0
2025-09-27 19:16:27,535.941551,535,388492.79,2.427995738,5,0,0
2025-09-27 19:16:27,535.957593,535,388732.93,2.491309811,5,0,0
2025-09-27 19:16:28,536.910278,536,388492.79,2.427995738,5,0,0
2025-09-27 19:16:28,536.910278,536,388732.93,2.491309811,5,0,0
2025-09-27 19:16:28,537.307049,537,388492.79,2.427995738,5,0,0
2025-09-27 19:16:28,537.322971,537,388732.93,2.491309811,5,0,0
2025-09-27 19:16:30,538.799924,538,388492.79,2.427995738,5,0,0
2025-09-27 19:16:30,538.799924,538,388539.36,2.440274152,5,0,0
2025-09-27 19:16:31,539.795988,539,388339.99,2.387707512,5,0,0
2025-09-27 19:16:31,539.795988,539,388492.79,2.427995738,5,0,0
2025-09-27 19:16:31,540.337872,540,388339.99,2.387707512,5,0,0
2025-09-27 19:16:31,540.337872,540,388339.99,2.387707512,5,0,0
2025-09-27 19:16:33,542.125488,542,388339.99,2.387707512,5,0,0
2025-09-27 19:16:33,542.125488,542,388339.99,2.387707512,5,0,0
2025-09-27 19:16:33,542.634056,542,388339.99,2.387707512,5,0,0
2025-09-27 19:16:33,542.634056,542,388339.99,2.387707512,5,0,0
2025-09-27 19:16:36,544.94541,544,388339.99,2.387707512,5,0,0
2025-09-27 19:16:36,544.94541,544,388339.99,2.387707512,5,0,0
2025-09-27 19:16:37,546.200053,546,388057.89,2.313330965,5,0,0
2025-09-27 19:16:37,546.200053,546,388338.88,2.387415438,5,0,0
2025-09-27 19:16:38,546.886074,546,388057.89,2.313330965,5,0,0
2025-09-27 19:16:38,546.888088,546,388305.61,2.378643434,5,0,0
2025-09-27 19:16:38,547.580413,547,387872.42,2.264431121,5,0,0
2025-09-27 19:16:38,547.580413,547,388057.89,2.313330965,5,0,0
2025-09-27 19:16:39,548.292245,548,387860.29,2.26123342,5,0,0
2025-09-27 19:16:39,548.292245,548,387872.42,2.264431121,5,0,0
2025-09-27 19:16:40,549.309154,549,387860.29,2.26123342,5,0,0
2025-09-27 19:16:40,549.309154,549,387860.29,2.26123342,5,0,0
2025-09-27 19:16:41,549.819685,549,387807.58,2.247334744,5,0,0
2025-09-27 19:16:41,549.819685,549,387860.29,2.26123342,5,0,0
2025-09-27 19:16:42,550.788959,550,387694.97,2.217644809,5,0,0
2025-09-27 19:16:42,550.788959,550,387807.58,2.247334744,5,0,0
2025-09-27 19:16:42,551.503576,551,387694.97,2.217644809,5,0,0
2025-09-27 19:16:42,551.503576,551,387694.97,2.217644809,5,0,0
2025-09-27 19:16:43,552.139023,552,387694.97,2.217644809,5,0,0
2025-09-27 19:16:43,552.139023,552,387694.97,2.217644809,5,0,0
2025-09-27 19:16:44,552.845414,552,387694.97,2.217644809,5,0,0
2025-09-27 19:16:44,552.845414,552,387694.97,2.217644809,5,0,0
2025-09-27 19:16:45,553.916054,553,387694.97,2.217644809,5,0,0
2025-09-27 19:16:45,553.916054,553,387694.97,2.217644809,5,0,0
2025-09-27 19:16:45,554.471491,554,387694.97,2.217644809,5,0,0
2025-09-27 19:16:45,554.471491,554,387694.97,2.217644809,5,0,0
2025-09-27 19:16:46,555.340625,555,387694.97,2.217644809,5,0,0
2025-09-27 19:16:46,555.340625,555,387694.97,2.217644809,5,0,0
2025-09-27 19:16:47,556.219974,556,387694.97,2.217644809,5,0,0
2025-09-27 19:16:47,556.219974,556,387694.97,2.217644809,5,0,0
2025-09-27 19:16:47,556.6988,556,387694.97,2.217644809,5,0,0
2025-09-27 19:16:47,556.6988,556,387694.97,2.217644809,5,0,0
2025-09-27 19:16:48,557.46251,557,387651.84,2.206274275,5,0,0
2025-09-27 19:16:48,557.46251,557,387694.97,2.217644809,5,0,0
2025-09-27 19:16:49,558.572652,558,387651.84,2.206274275,5,0,0
2025-09-27 19:16:49,558.572652,558,387694.97,2.217644809,5,0,0
2025-09-27 19:16:52,561.599829,561,387651.84,2.206274275,5,0,0
2025-09-27 19:16:52,561.599829,561,387694.97,2.217644809,5,0,0
2025-09-27 19:16:53,562.598058,562,387651.84,2.206274275,5,0,0
2025-09-27 19:16:53,562.598058,562,387694.97,2.217644809,5,0,0
2025-09-27 19:16:54,563.278704,563,387651.84,2.206274275,5,0,0
2025-09-27 19:16:54,563.278704,563,387694.97,2.217644809,5,0,0
2025-09-27 19:16:55,563.991819,563,387651.84,2.206274275,5,0,0
2025-09-27 19:16:55,563.991819,563,387694.97,2.217644809,5,0,0
2025-09-27 19:16:56,564.994897,564,387651.84,2.206274275,5,0,0
2025-09-27 19:16:56,564.994897,564,387694.97,2.217644809,5,0,0
2025-09-27 19:16:56,565.726076,565,387651.84,2.206274275,5,0,0
2025-09-27 19:16:56,565.726076,565,387694.97,2.217644809,5,0,0
2025-09-27 19:16:57,566.664736,566,387651.84,2.206274275,5,0,0
2025-09-27 19:16:57,566.664736,566,387694.97,2.217644809,5,0,0
2025-09-27 19:16:58,567.204467,567,387651.1,2.20608001,5,0,0
2025-09-27 19:16:58,567.204467,567,387651.84,2.206274275,5,0,0
2025-09-27 19:16:59,568.395033,568,387651.1,2.20608001,5,0,0
2025-09-27 19:16:59,568.395033,568,387651.84,2.206274275,5,0,0
2025-09-27 19:17:00,568.997555,568,387651.1,2.20608001,5,0,0
2025-09-27 19:17:00,568.997555,568,387651.1,2.20608001,5,0,0
2025-09-27 19:17:00,569.679887,569,387651.1,2.20608001,5,0,0
2025-09-27 19:17:00,569.679887,569,387651.1,2.20608001,5,0,0
2025-09-27 19:17:03,571.932668,571,387651.1,2.20608001,5,0,0
2025-09-27 19:17:03,571.932668,571,387651.1,2.20608001,5,0,0
2025-09-27 19:17:03,572.599573,572,387651.1,2.20608001,5,0,0
2025-09-27 19:17:03,572.599573,572,387651.1,2.20608001,5,0,0
2025-09-27 19:17:04,573.547814,573,387651.1,2.20608001,5,0,0
2025-09-27 19:17:04,573.547814,573,387651.1,2.20608001,5,0,0
2025-09-27 19:17:06,574.825115,574,387571.85,2.185184711,5,0,0
2025-09-27 19:17:06,574.825115,574,387577.25,2.186608454,5,0,0
2025-09-27 19:17:06,575.22808,575,387571.85,2.185184711,5,0,0
2025-09-27 19:17:06,575.22808,575,387577.25,2.186608454,5,0,0
2025-09-27 19:17:07,576.115567,576,387571.85,2.185184711,5,0,0
2025-09-27 19:17:07,576.115567,576,387577.25,2.186608454,5,0,0
2025-09-27 19:17:08,576.878284,576,387571.85,2.185184711,5,0,0
2025-09-27 19:17:08,576.878284,576,387571.85,2.185184711,5,0,0
2025-09-27 19:17:09,578.149749,578,387571.85,2.185184711,5,0,0
2025-09-27 19:17:09,578.149749,578,387571.85,2.185184711,5,0,0
2025-09-27 19:17:10,578.834291,578,387571.85,2.185184711,5,0,0
2025-09-27 19:17:10,578.834291,578,387571.85,2.185184711,5,0,0
2025-09-27 19:17:10,579.705639,579,387534.78,2.175409703,5,0,0
2025-09-27 19:17:10,579.705639,579,387571.85,2.185184711,5,0,0
2025-09-27 19:17:11,580.494836,580,387534.78,2.175409703,5,0,0
2025-09-27 19:17:11,580.494836,580,387571.85,2.185184711,5,0,0
2025-09-27 19:17:12,581.026861,581,387534.78,2.175409703,5,0,0
2025-09-27 19:17:12,581.026861,581,387534.78,2.175409703,5,0,0
2025-09-27 19:17:13,582.488452,582,387534.78,2.175409703,5,0,0
2025-09-27 19:17:13,582.488452,582,387534.78,2.175409703,5,0,0
2025-09-27 19:17:15,583.832835,583,387534.78,2.175409703,5,0,0
2025-09-27 19:17:15,583.832835,583,387534.78,2.175409703,5,0,0
2025-09-27 19:17:16,584.91716,584,387501.77,2.166706527,5,0,0
2025-09-27 19:17:16,584.91716,584,387534.78,2.175409703,5,0,0
2025-09-27 19:17:16,585.474379,585,387501.77,2.166706527,5,0,0
2025-09-27 19:17:16,585.474379,585,387534.78,2.175409703,5,0,0
2025-09-27 19:17:18,586.964809,586,387501.77,2.166706527,5,0,0
2025-09-27 19:17:18,586.964809,586,387509.18,2.168661922,5,0,0
2025-09-27 19:17:19,588.43908,588,387501.77,2.166706527,5,0,0
2025-09-27 19:17:19,588.454916,588,387509.18,2.168661922,5,0,0
2025-09-27 19:17:21,590.179838,590,387501.77,2.166706527,5,0,0
2025-09-27 19:17:21,590.179838,590,387509.18,2.168661922,5,0,0
2025-09-27 19:17:22,590.925724,590,387501.77,2.166706527,5,0,0
2025-09-27 19:17:22,590.925724,590,387501.77,2.166706527,5,0,0
2025-09-27 19:17:22,591.688072,591,387501.77,2.166706527,5,0,0
2025-09-27 19:17:22,591.688072,591,387501.77,2.166706527,5,0,0
2025-09-27 19:17:23,592.641535,592,387454.84,2.154332877,5,0,0
2025-09-27 19:17:23,592.641535,592,387476.87,2.160142852,5,0,0
2025-09-27 19:17:24,593.292762,593,387454.84,2.154332877,5,0,0
2025-09-27 19:17:24,593.292762,593,387466.14,2.157314493,5,0,0
2025-09-27 19:17:25,594.183075,594,387454.84,2.154332877,5,0,0
2025-09-27 19:17:25,594.183075,594,387466.14,2.157314493,5,0,0
2025-09-27 19:17:26,594.833365,594,387454.84,2.154332877,5,0,0
2025-09-27 19:17:26,594.833365,594,387454.84,2.154332877,5,0,0
2025-09-27 19:17:27,596.65525,596,387454.84,2.154332877,5,0,0
2025-09-27 19:17:27,596.65525,596,387454.84,2.154332877,5,0,0
2025-09-27 19:17:31,599.933929,599,387454.84,2.154332877,5,0,0
2025-09-27 19:17:31,599.933929,599,387454.84,2.154332877,5,0,0
2025-09-27 19:17:31,600.567072,600,387454.84,2.154332877,5,0,0
2025-09-27 19:17:31,600.567072,600,387454.84,2.154332877,5,0,0
2025-09-27 19:17:32,601.276325,601,387453.73,2.154040803,5,0,0
2025-09-27 19:17:32,601.276325,601,387454.84,2.154332877,5,0,0
2025-09-27 19:17:33,602.337477,602,387453.73,2.154040803,5,0,0
2025-09-27 19:17:33,602.339483,602,387454.84,2.154332877,5,0,0
2025-09-27 19:17:34,603.158846,603,387453.73,2.154040803,5,0,0
2025-09-27 19:17:34,603.158846,603,387454.25,2.154179363,5,0,0
2025-09-27 19:17:35,604.318368,604,387453.73,2.154040803,5,0,0
2025-09-27 19:17:35,604.318368,604,387454.25,2.154179363,5,0,0
2025-09-27 19:17:36,605.035315,605,387425.88,2.146697313,5,0,0
2025-09-27 19:17:36,605.035315,605,387453.73,2.154040803,5,0,0
2025-09-27 19:17:36,605.718095,605,387425.88,2.146697313,5,0,0
2025-09-27 19:17:36,605.718095,605,387425.88,2.146697313,5,0,0
2025-09-27 19:17:37,606.290843,606,387425.88,2.146697313,5,0,0
2025-09-27 19:17:37,606.290843,606,387425.88,2.146697313,5,0,0
2025-09-27 19:17:38,607.144568,607,387425.88,2.146697313,5,0,0
2025-09-27 19:17:38,607.144568,607,387425.88,2.146697313,5,0,0
2025-09-27 19:17:39,607.826096,607,387336.08,2.123022572,5,0,0
2025-09-27 19:17:39,607.826096,607,387424.19,2.1462521,5,0,0
2025-09-27 19:17:39,608.558767,608,387336.08,2.123022572,5,0,0
2025-09-27 19:17:39,608.558767,608,387394.65,2.138465351,5,0,0
2025-09-27 19:17:40,609.14999,609,387336.08,2.123022572,5,0,0
2025-09-27 19:17:40,609.14999,609,387371.4,2.132333971,5,0,0
2025-09-27 19:17:41,610.406309,610,387336.08,2.123022572,5,0,0
2025-09-27 19:17:41,610.406309,610,387336.08,2.123022572,5,0,0
2025-09-27 19:17:42,611.056488,611,387334.39,2.122577359,5,0,0
2025-09-27 19:17:42,611.056488,611,387336.08,2.123022572,5,0,0
2025-09-27 19:17:42,611.676555,611,387333.87,2.122438799,5,0,0
2025-09-27 19:17:42,611.676555,611,387334.39,2.122577359,5,0,0
2025-09-27 19:17:44,613.155909,613,387333.87,2.122438799,5,0,0
2025-09-27 19:17:44,613.155909,613,387334.39,2.122577359,5,0,0
2025-09-27 19:17:45,614.070349,614,387333.87,2.122438799,5,0,0
2025-09-27 19:17:45,614.070349,614,387334.39,2.122577359,5,0,0
2025-09-27 19:17:46,615.168031,615,387333.87,2.122438799,5,0,0
2025-09-27 19:17:46,615.168031,615,387333.87,2.122438799,5,0,0
2025-09-27 19:17:47,615.973878,615,387333.87,2.122438799,5,0,0
2025-09-27 19:17:47,615.973878,615,387333.87,2.122438799,5,0,0
2025-09-27 19:17:47,616.72101,616,387333.87,2.122438799,5,0,0
2025-09-27 19:17:47,616.72101,616,387333.87,2.122438799,5,0,0
2025-09-27 19:17:48,617.341091,617,387333.87,2.122438799,5,0,0
2025-09-27 19:17:48,617.341091,617,387333.87,2.122438799,5,0,0
2025-09-27 19:17:49,618.08668,618,387333.87,2.122438799,5,0,0
2025-09-27 19:17:49,618.102836,618,387333.87,2.122438799,5,0,0
2025-09-27 19:17:50,618.943237,618,387333.87,2.122438799,5,0,0
2025-09-27 19:17:50,618.943237,618,387333.87,2.122438799,5,0,0
2025-09-27 19:17:51,619.957222,619,387333.87,2.122438799,5,0,0
2025-09-27 19:17:51,619.957222,619,387333.87,2.122438799,5,0,0
2025-09-27 19:17:51,620.529469,620,387333.87,2.122438799,5,0,0
2025-09-27 19:17:51,620.529469,620,387333.87,2.122438799,5,0,0
2025-09-27 19:17:52,621.293839,621,387320.47,2.118907331,5,0,0
2025-09-27 19:17:52,621.293839,621,387333.87,2.122438799,5,0,0
2025-09-27 19:17:53,622.087061,622,387320.47,2.118907331,5,0,0
2025-09-27 19:17:53,622.087061,622,387320.47,2.118907331,5,0,0
2025-09-27 19:17:53,622.594082,622,387320.47,2.118907331,5,0,0
2025-09-27 19:17:53,622.594082,622,387320.47,2.118907331,5,0,0
2025-09-27 19:17:55,623.927314,623,387320.47,2.118907331,5,0,0
2025-09-27 19:17:55,623.927314,623,387320.47,2.118907331,5,0,0
2025-09-27 19:17:56,624.815829,624,387320.47,2.118907331,5,0,0
2025-09-27 19:17:56,624.815829,624,387320.47,2.118907331,5,0,0
2025-09-27 19:17:57,625.940832,625,387320.47,2.118907331,5,0,0
2025-09-27 19:17:57,625.940832,625,387320.47,2.118907331,5,0,0
2025-09-27 19:17:58,626.832519,626,387320.47,2.118907331,5,0,0
2025-09-27 19:17:58,626.832519,626,387320.47,2.118907331,5,0,0
2025-09-27 19:17:58,627.278441,627,387320.47,2.118907331,5,0,0
2025-09-27 19:17:58,627.278441,627,387320.47,2.118907331,5,0,0
2025-09-27 19:17:58,627.692179,627,387320.47,2.118907331,5,0,0
2025-09-27 19:17:58,627.692179,627,387320.47,2.118907331,5,0,0
2025-09-27 19:17:59,628.343717,628,387320.47,2.118907331,5,0,0
2025-09-27 19:17:59,628.343717,628,387320.47,2.118907331,5,0,0
2025-09-27 19:18:00,629.184726,629,387278.05,2.107721593,5,0,0
2025-09-27 19:18:00,629.184726,629,387320.47,2.118907331,5,0,0
2025-09-27 19:18:00,629.67542,629,387278.05,2.107721593,5,0,0
2025-09-27 19:18:00,629.67542,629,387320.47,2.118907331,5,0,0
2025-09-27 19:18:01,630.483117,630,387278.05,2.107721593,5,0,0
2025-09-27 19:18:01,630.483117,630,387320.47,2.118907331,5,0,0
2025-09-27 19:18:02,631.349687,631,387278.05,2.107721593,5,0,0
2025-09-27 19:18:02,631.349687,631,387278.57,2.107860153,5,0,0
2025-09-27 19:18:03,632.00984,632,387278.05,2.107721593,5,0,0
2025-09-27 19:18:03,632.013417,632,387278.57,2.107860153,5,0,0
2025-09-27 19:18:03,632.467378,632,387278.05,2.107721593,5,0,0
2025-09-27 19:18:03,632.467378,632,387278.57,2.107860153,5,0,0
2025-09-27 19:18:04,633.277344,633,387278.05,2.107721593,5,0,0
2025-09-27 19:18:04,633.277344,633,387278.57,2.107860153,5,0,0
2025-09-27 19:18:05,634.262064,634,387278.05,2.107721593,5,0,0
2025-09-27 19:18:05,634.262064,634,387278.57,2.107860153,5,0,0
2025-09-27 19:18:06,634.977111,634,387278.05,2.107721593,5,0,0
2025-09-27 19:18:06,634.977111,634,387278.57,2.107860153,5,0,0
2025-09-27 19:18:06,635.6911,635,387278.05,2.107721593,5,0,0
2025-09-27 19:18:06,635.6911,635,387278.05,2.107721593,5,0,0
2025-09-27 19:18:08,637.358791,637,387278.05,2.107721593,5,0,0
2025-09-27 19:18:08,637.358791,637,387278.05,2.107721593,5,0,0
2025-09-27 19:18:09,638.312071,638,387278.05,2.107721593,5,0,0
2025-09-27 19:18:09,638.312071,638,387278.05,2.107721593,5,0,0
2025-09-27 19:18:10,638.802218,638,387278.05,2.107721593,5,0,0
2025-09-27 19:18:10,638.802218,638,387278.05,2.107721593,5,0,0
2025-09-27 19:18:11,640.262444,640,387278.05,2.107721593,5,0,0
2025-09-27 19:18:11,640.262444,640,387278.05,2.107721593,5,0,0
2025-09-27 19:18:11,640.707161,640,387278.05,2.107721593,5,0,0
2025-09-27 19:18:11,640.707161,640,387278.05,2.107721593,5,0,0
2025-09-27 19:18:12,641.437642,641,387278.05,2.107721593,5,0,0
2025-09-27 19:18:12,641.437642,641,387278.05,2.107721593,5,0,0
2025-09-27 19:18:13,642.169379,642,387278.05,2.107721593,5,0,0
2025-09-27 19:18:13,642.169379,642,387278.05,2.107721593,5,0,0
2025-09-27 19:18:14,642.991479,642,387278.05,2.107721593,5,0,0
2025-09-27 19:18:14,642.991479,642,387278.05,2.107721593,5,0,0
2025-09-27 19:18:15,644.399547,644,387278.05,2.107721593,5,0,0
2025-09-27 19:18:15,644.399547,644,387278.05,2.107721593,5,0,0
2025-09-27 19:18:16,645.5279,645,387278.05,2.107721593,5,0,0
2025-09-27 19:18:16,645.5279,645,387278.05,2.107721593,5,0,0
2025-09-27 19:18:17,646.633392,646,387278.05,2.107721593,5,0,0
2025-09-27 19:18:17,646.633392,646,387278.05,2.107721593,5,0,0
2025-09-27 19:18:18,647.257051,647,387278.05,2.107721593,5,0,0
2025-09-27 19:18:18,647.257051,647,387278.05,2.107721593,5,0,0
2025-09-27 19:18:19,648.161704,648,387278.05,2.107721593,5,0,0
2025-09-27 19:18:19,648.161704,648,387278.05,2.107721593,5,0,0
2025-09-27 19:18:20,649.192942,649,387278.05,2.107721593,5,0,0
2025-09-27 19:18:20,649.192942,649,387278.05,2.107721593,5,0,0
2025-09-27 19:18:21,650.084152,650,387278.05,2.107721593,5,0,0
2025-09-27 19:18:21,650.084152,650,387278.05,2.107721593,5,0,0
2025-09-27 19:18:22,650.974788,650,387278.05,2.107721593,5,0,0
2025-09-27 19:18:22,650.974788,650,387278.05,2.107721593,5,0,0
2025-09-27 19:18:22,651.500944,651,387278.05,2.107721593,5,0,0
2025-09-27 19:18:22,651.500944,651,387278.05,2.107721593,5,0,0
2025-09-27 19:18:24,653.293578,653,387278.05,2.107721593,5,0,0
2025-09-27 19:18:24,653.293578,653,387278.05,2.107721593,5,0,0
2025-09-27 19:18:26,655.118825,655,387278.05,2.107721593,5,0,0
2025-09-27 19:18:26,655.118825,655,387278.05,2.107721593,5,0,0
2025-09-27 19:18:26,655.724578,655,387044.02,2.046020432,5,0,0
2025-09-27 19:18:26,655.724578,655,387278.05,2.107721593,5,0,0
2025-09-27 19:18:27,656.677181,656,387044.02,2.046020432,5,0,0
2025-09-27 19:18:27,656.677181,656,387278.05,2.107721593,5,0,0
2025-09-27 19:18:29,657.978917,657,387044.02,2.046020432,5,0,0
2025-09-27 19:18:29,657.978917,657,387186.87,2.083681397,5,0,0
2025-09-27 19:18:30,659.150716,659,387044.02,2.046020432,5,0,0
2025-09-27 19:18:30,659.150716,659,387186.87,2.083681397,5,0,0
2025-09-27 19:18:31,659.802619,659,386488.25,1.899489053,5,0,0
2025-09-27 19:18:31,659.802619,659,387044.02,2.046020432,5,0,0
2025-09-27 19:18:32,660.993812,660,386487.42,1.899268295,5,0,0
2025-09-27 19:18:32,660.993812,660,386488.25,1.899489053,5,0,0
2025-09-27 19:18:33,661.803674,661,386487.42,1.899268295,5,0,0
2025-09-27 19:18:33,661.803674,661,386488.25,1.899489053,5,0,0
2025-09-27 19:18:33,662.586356,662,386487.42,1.899268295,5,0,0
2025-09-27 19:18:33,662.586356,662,386488.25,1.899489053,5,0,0
2025-09-27 19:18:34,663.23688,663,386487.42,1.899268295,5,0,0
2025-09-27 19:18:34,663.23688,663,386488.25,1.899489053,5,0,0
2025-09-27 19:18:35,664.26972,664,386487.42,1.899268295,5,0,0
2025-09-27 19:18:35,664.26972,664,386488.25,1.899489053,5,0,0
2025-09-27 19:18:36,664.919722,664,386487.42,1.899268295,5,0,0
2025-09-27 19:18:36,664.921741,664,386488.25,1.899489053,5,0,0
2025-09-27 19:18:37,665.822509,665,386487.42,1.899268295,5,0,0
2025-09-27 19:18:37,665.822509,665,386487.42,1.899268295,5,0,0
2025-09-27 19:18:37,666.476198,666,386487.42,1.899268295,5,0,0
2025-09-27 19:18:37,666.476198,666,386487.42,1.899268295,5,0,0
2025-09-27 19:18:38,667.493515,667,386487.42,1.899268295,5,0,0
2025-09-27 19:18:38,667.493515,667,386487.42,1.899268295,5,0,0
2025-09-27 19:18:39,668.239709,668,386487.42,1.899268295,5,0,0
2025-09-27 19:18:39,668.239709,668,386487.42,1.899268295,5,0,0
2025-09-27 19:18:40,668.779639,668,386487.42,1.899268295,5,0,0
2025-09-27 19:18:40,668.779639,668,386487.42,1.899268295,5,0,0
2025-09-27 19:18:42,671.507666,671,386405.86,1.877766447,5,0,0
2025-09-27 19:18:42,671.507666,671,386487.42,1.899268295,5,0,0
2025-09-27 19:18:43,672.12638,672,386405.86,1.877766447,5,0,0
2025-09-27 19:18:43,672.12638,672,386487.42,1.899268295,5,0,0
2025-09-27 19:18:44,673.014382,673,386405.86,1.877766447,5,0,0
2025-09-27 19:18:44,673.014382,673,386487.42,1.899268295,5,0,0
2025-09-27 19:18:45,674.522233,674,386405.86,1.877766447,5,0,0
2025-09-27 19:18:45,674.522233,674,386487.42,1.899268295,5,0,0
2025-09-27 19:18:46,675.38096,675,386405.86,1.877766447,5,0,0
2025-09-27 19:18:46,675.38096,675,386487.42,1.899268295,5,0,0
2025-09-27 19:18:48,676.866105,676,386405.86,1.877766447,5,0,0
2025-09-27 19:18:48,676.868112,676,386487.42,1.899268295,5,0,0
2025-09-27 19:18:49,677.861566,677,386405.86,1.877766447,5,0,0
2025-09-27 19:18:49,677.861566,677,386487.42,1.899268295,5,0,0
2025-09-27 19:18:49,678.729555,678,386405.86,1.877766447,5,0,0
2025-09-27 19:18:49,678.729555,678,386487.42,1.899268295,5,0,0
2025-09-27 19:18:50,679.280571,679,386405.86,1.877766447,5,0,0
2025-09-27 19:18:50,679.280571,679,386459.36,1.891871169,5,0,0
2025-09-27 19:18:51,680.343263,680,386405.86,1.877766447,5,0,0
2025-09-27 19:18:51,680.343263,680,386459.36,1.891871169,5,0,0
2025-09-27 19:18:52,681.237125,681,386405.86,1.877766447,5,0,0
2025-09-27 19:18:52,681.238871,681,386459.36,1.891871169,5,0,0
2025-09-27 19:18:54,683.54682,683,386405.86,1.877766447,5,0,0
2025-09-27 19:18:54,683.54682,683,386459.36,1.891871169,5,0,0
2025-09-27 19:18:55,683.996374,683,386405.86,1.877766447,5,0,0
2025-09-27 19:18:55,683.996374,683,386405.86,1.877766447,5,0,0
2025-09-27 19:18:55,684.721558,684,386405.86,1.877766447,5,0,0
2025-09-27 19:18:55,684.721558,684,386405.86,1.877766447,5,0,0
2025-09-27 19:18:56,685.647064,685,386405.86,1.877766447,5,0,0
2025-09-27 19:18:56,685.647064,685,386405.86,1.877766447,5,0,0
2025-09-27 19:19:00,688.793888,688,386405.86,1.877766447,5,0,0
2025-09-27 19:19:00,688.793888,688,386405.86,1.877766447,5,0,0
2025-09-27 19:19:01,690.505959,690,386405.86,1.877766447,5,0,0
2025-09-27 19:19:01,690.505959,690,386405.86,1.877766447,5,0,0
2025-09-27 19:19:03,691.917547,691,386405.86,1.877766447,5,0,0
2025-09-27 19:19:03,691.917547,691,386405.86,1.877766447,5,0,0
2025-09-27 19:19:03,692.300291,692,386405.86,1.877766447,5,0,0
2025-09-27 19:19:03,692.300291,692,386405.86,1.877766447,5,0,0
2025-09-27 19:19:05,693.886176,693,386405.86,1.877766447,5,0,0
2025-09-27 19:19:05,693.902291,693,386405.86,1.877766447,5,0,0
2025-09-27 19:19:06,694.949928,694,384855.87,1.469102586,5,0,0
2025-09-27 19:19:06,694.949928,694,386405.86,1.877766447,5,0,0
2025-09-27 19:19:07,695.822001,695,384855.87,1.469102586,5,0,0
2025-09-27 19:19:07,695.822001,695,384864.95,1.471497102,5,0,0
2025-09-27 19:19:09,697.885423,697,384855.87,1.469102586,5,0,0
2025-09-27 19:19:09,697.885423,697,384864.95,1.471497102,5,0,0
2025-09-27 19:19:09,698.712098,698,384855.87,1.469102586,5,0,0
2025-09-27 19:19:09,698.728251,698,384864.95,1.471497102,5,0,0
2025-09-27 19:19:10,699.396455,699,384855.87,1.469102586,5,0,0
2025-09-27 19:19:10,699.396455,699,384864.95,1.471497102,5,0,0
2025-09-27 19:19:11,699.92943,699,384855.87,1.469102586,5,0,0
2025-09-27 19:19:11,699.92943,699,384864.95,1.471497102,5,0,0
2025-09-27 19:19:11,700.699332,700,384855.87,1.469102586,5,0,0
2025-09-27 19:19:11,700.699332,700,384864.95,1.471497102,5,0,0
2025-09-27 19:19:12,701.340139,701,384855.87,1.469102586,5,0,0
2025-09-27 19:19:12,701.340139,701,384864.95,1.471497102,5,0,0
2025-09-27 19:19:13,701.986671,701,384855.87,1.469102586,5,0,0
2025-09-27 19:19:13,701.986671,701,384863.24,1.471046813,5,0,0
2025-09-27 19:19:14,703.097649,703,384855.87,1.469102586,5,0,0
2025-09-27 19:19:14,703.097649,703,384863.24,1.471046813,5,0,0
2025-09-27 19:19:15,704.575682,704,384855.87,1.469102586,5,0,0
2025-09-27 19:19:15,704.575682,704,384863.24,1.471046813,5,0,0
2025-09-27 19:19:16,705.08654,705,384855.87,1.469102586,5,0,0
2025-09-27 19:19:16,705.08654,705,384855.87,1.469102586,5,0,0
2025-09-27 19:19:17,706.054847,706,384855.87,1.469102586,5,0,0
2025-09-27 19:19:17,706.054847,706,384855.87,1.469102586,5,0,0
2025-09-27 19:19:17,706.720011,706,384855.87,1.469102586,5,0,0
2025-09-27 19:19:17,706.720011,706,384855.87,1.469102586,5,0,0
2025-09-27 19:19:21,710.708228,710,384855.87,1.469102586,5,0,0
2025-09-27 19:19:21,710.708228,710,384855.87,1.469102586,5,0,0
2025-09-27 19:19:23,712.178491,712,384855.87,1.469102586,5,0,0
2025-09-27 19:19:23,712.178491,712,384855.87,1.469102586,5,0,0
2025-09-27 19:19:24,713.22287,713,384855.87,1.469102586,5,0,0
2025-09-27 19:19:24,713.22287,713,384855.87,1.469102586,5,0,0
2025-09-27 19:19:25,714.080362,714,384855.87,1.469102586,5,0,0
2025-09-27 19:19:25,714.080362,714,384855.87,1.469102586,5,0,0
2025-09-27 19:19:26,714.936933,714,384855.87,1.469102586,5,0,0
2025-09-27 19:19:26,714.936933,714,384855.87,1.469102586,5,0,0
2025-09-27 19:19:27,716.154545,716,384855.87,1.469102586,5,0,0
2025-09-27 19:19:27,716.154545,716,384855.87,1.469102586,5,0,0
2025-09-27 19:19:28,717.753577,717,384855.87,1.469102586,5,0,0
2025-09-27 19:19:28,717.753577,717,384855.87,1.469102586,5,0,0
2025-09-27 19:19:31,720.050462,720,384855.87,1.469102586,5,0,0
2025-09-27 19:19:31,720.066347,720,384855.87,1.469102586,5,0,0
2025-09-27 19:19:32,721.285532,721,384855.87,1.469102586,5,0,0
2025-09-27 19:19:32,721.285532,721,384855.87,1.469102586,5,0,0
2025-09-27 19:19:32,721.681912,721,384855.87,1.469102586,5,0,0
2025-09-27 19:19:32,721.681912,721,384855.87,1.469102586,5,0,0
2025-09-27 19:19:33,722.064342,722,384810.13,1.457043177,5,0,0
2025-09-27 19:19:33,722.064342,722,384855.87,1.469102586,5,0,0
2025-09-27 19:19:33,722.713993,722,384810.13,1.457043177,5,0,0
2025-09-27 19:19:33,722.713993,722,384810.13,1.457043177,5,0,0
2025-09-27 19:19:35,723.775436,723,384810.13,1.457042993,5,0,0
2025-09-27 19:19:35,723.775436,723,384810.13,1.457043177,5,0,0
2025-09-27 19:19:35,724.664172,724,384810.13,1.457042993,5,0,0
2025-09-27 19:19:35,724.664172,724,384810.13,1.457043177,5,0,0
2025-09-27 19:19:36,725.615727,725,384810.13,1.457042993,5,0,0
2025-09-27 19:19:36,725.615727,725,384810.13,1.457043177,5,0,0
2025-09-27 19:19:37,726.362401,726,384405.83,1.35044759,5,0,0
2025-09-27 19:19:37,726.362401,726,384810.13,1.457042993,5,0,0
2025-09-27 19:19:38,727.388918,727,384405.83,1.35044759,5,0,0
2025-09-27 19:19:38,727.388918,727,384434.21,1.357929639,5,0,0
2025-09-27 19:19:39,727.897163,727,384405.1,1.350254793,5,0,0
2025-09-27 19:19:39,727.897163,727,384405.83,1.35044759,5,0,0
2025-09-27 19:19:39,728.560371,728,384405.1,1.350254793,5,0,0
2025-09-27 19:19:39,728.560371,728,384405.83,1.35044759,5,0,0
2025-09-27 19:19:41,730.722759,730,384405.1,1.350254793,5,0,0
2025-09-27 19:19:41,730.722759,730,384405.83,1.35044759,5,0,0
2025-09-27 19:19:42,731.596059,731,384405.1,1.350254793,5,0,0
2025-09-27 19:19:42,731.596059,731,384405.83,1.35044759,5,0,0
2025-09-27 19:19:43,732.103989,732,384405.1,1.350254793,5,0,0
2025-09-27 19:19:43,732.103989,732,384405.83,1.35044759,5,0,0
2025-09-27 19:19:44,732.850483,732,384405.1,1.350254793,5,0,0
2025-09-27 19:19:44,732.850483,732,384405.1,1.350254793,5,0,0
2025-09-27 19:19:45,733.761971,733,384405.1,1.350254793,5,0,0
2025-09-27 19:19:45,733.771333,733,384405.1,1.350254793,5,0,0
2025-09-27 19:19:45,734.580091,734,384405.1,1.350254793,5,0,0
2025-09-27 19:19:45,734.580091,734,384405.1,1.350254793,5,0,0
2025-09-27 19:19:46,735.229416,735,384405.1,1.350254793,5,0,0
2025-09-27 19:19:46,735.229416,735,384405.1,1.350254793,5,0,0
2025-09-27 19:19:47,735.912289,735,384405.1,1.350254793,5,0,0
2025-09-27 19:19:47,735.912289,735,384405.1,1.350254793,5,0,0
2025-09-27 19:19:47,736.689758,736,384405.1,1.350254793,5,0,0
2025-09-27 19:19:47,736.689758,736,384405.1,1.350254793,5,0,0
2025-09-27 19:19:48,737.524199,737,384405.1,1.350254793,5,0,0
2025-09-27 19:19:48,737.524199,737,384405.1,1.350254793,5,0,0
2025-09-27 19:19:49,738.503243,738,384405.1,1.350254793,5,0,0
2025-09-27 19:19:49,738.503243,738,384405.1,1.350254793,5,0,0
2025-09-27 19:19:50,739.137739,739,384405.1,1.350254793,5,0,0
2025-09-27 19:19:50,739.137739,739,384405.1,1.350254793,5,0,0
2025-09-27 19:19:51,739.863965,739,384405.1,1.350254793,5,0,0
2025-09-27 19:19:51,739.863965,739,384405.1,1.350254793,5,0,0
2025-09-27 19:19:52,740.923872,740,384405.1,1.350254793,5,0,0
2025-09-27 19:19:52,740.923872,740,384405.1,1.350254793,5,0,0
2025-09-27 19:19:53,742.097127,742,384405.1,1.350254793,5,0,0
2025-09-27 19:19:53,742.097127,742,384405.1,1.350254793,5,0,0
2025-09-27 19:19:53,742.683731,742,384405.1,1.350254793,5,0,0
2025-09-27 19:19:53,742.683731,742,384405.1,1.350254793,5,0,0
2025-09-27 19:19:54,743.507049,743,384405.1,1.350254793,5,0,0
2025-09-27 19:19:54,743.507049,743,384405.1,1.350254793,5,0,0
2025-09-27 19:19:55,744.157206,744,384405.1,1.350254793,5,0,0
2025-09-27 19:19:55,744.157206,744,384405.1,1.350254793,5,0,0
2025-09-27 19:19:56,744.840314,744,384405.1,1.350254793,5,0,0
2025-09-27 19:19:56,744.840314,744,384405.1,1.350254793,5,0,0
2025-09-27 19:19:56,745.506617,745,384405.1,1.350254793,5,0,0
2025-09-27 19:19:56,745.506617,745,384405.1,1.350254793,5,0,0
2025-09-27 19:19:57,746.268949,746,384405.1,1.350254793,5,0,0
2025-09-27 19:19:57,746.268949,746,384405.1,1.350254793,5,0,0
2025-09-27 19:19:58,747.392997,747,384405.1,1.350254793,5,0,0
2025-09-27 19:19:58,747.392997,747,384405.1,1.350254793,5,0,0
2025-09-27 19:19:59,747.790079,747,384405.1,1.350254793,5,0,0
2025-09-27 19:19:59,747.790079,747,384405.1,1.350254793,5,0,0
2025-09-27 19:20:00,749.356729,749,384405.1,1.350254793,5,0,0
2025-09-27 19:20:00,749.356729,749,384405.1,1.350254793,5,0,0
2025-09-27 19:20:01,750.691519,750,384405.1,1.350254793,5,0,0
2025-09-27 19:20:01,750.691519,750,384405.1,1.350254793,5,0,0
2025-09-27 19:20:02,751.644667,751,384385.41,1.345065041,5,0,0
2025-09-27 19:20:02,751.644667,751,384405.1,1.350254793,5,0,0
2025-09-27 19:20:03,752.597596,752,384385.41,1.345065041,5,0,0
2025-09-27 19:20:03,752.597596,752,384385.41,1.345065041,5,0,0
2025-09-27 19:20:04,753.707242,753,384385.41,1.345065041,5,0,0
2025-09-27 19:20:04,753.707242,753,384385.41,1.345065041,5,0,0
2025-09-27 19:20:05,754.419529,754,384385.41,1.345065041,5,0,0
2025-09-27 19:20:05,754.419529,754,384385.41,1.345065041,5,0,0
2025-09-27 19:20:06,754.911921,754,384385.41,1.345065041,5,0,0
2025-09-27 19:20:06,754.911921,754,384385.41,1.345065041,5,0,0
2025-09-27 19:20:06,755.673098,755,384385.41,1.345065041,5,0,0
2025-09-27 19:20:06,755.673098,755,384385.41,1.345065041,5,0,0
2025-09-27 19:20:08,756.863215,756,384385.41,1.345065041,5,0,0
2025-09-27 19:20:08,756.879127,756,384385.41,1.345065041,5,0,0
2025-09-27 19:20:08,757.524614,757,384385.41,1.345065041,5,0,0
2025-09-27 19:20:08,757.528891,757,384385.41,1.345065041,5,0,0
2025-09-27 19:20:09,758.463161,758,384385.41,1.345065041,5,0,0
2025-09-27 19:20:09,758.463161,758,384385.41,1.345065041,5,0,0
2025-09-27 19:20:11,759.993249,759,384385.41,1.345065041,5,0,0
2025-09-27 19:20:11,759.994992,759,384385.41,1.345065041,5,0,0
2025-09-27 19:20:12,761.010287,761,384385.41,1.345065041,5,0,0
2025-09-27 19:20:12,761.010287,761,384385.41,1.345065041,5,0,0
2025-09-27 19:20:13,761.83187,761,384385.41,1.345065041,5,0,0
2025-09-27 19:20:13,761.83187,761,384385.41,1.345065041,5,0,0
2025-09-27 19:20:14,762.859805,762,384385.41,1.345065041,5,0,0
2025-09-27 19:20:14,762.859805,762,384385.41,1.345065041,5,0,0
2025-09-27 19:20:14,763.634989,763,384385.41,1.345065041,5,0,0
2025-09-27 19:20:14,763.636748,763,384385.41,1.345065041,5,0,0
2025-09-27 19:20:16,765.552689,765,384359.98,1.338360435,5,0,0
2025-09-27 19:20:16,765.552689,765,384385.41,1.345065041,5,0,0
2025-09-27 19:20:17,766.363169,766,384359.98,1.338360435,5,0,0
2025-09-27 19:20:17,766.363169,766,384385.41,1.345065041,5,0,0
2025-09-27 19:20:18,766.953495,766,384359.98,1.338360435,5,0,0
2025-09-27 19:20:18,766.953495,766,384385.41,1.345065041,5,0,0
2025-09-27 19:20:19,767.891749,767,384359.98,1.338360435,5,0,0
2025-09-27 19:20:19,767.891749,767,384385.41,1.345065041,5,0,0
2025-09-27 19:20:19,768.351083,768,384359.98,1.338360435,5,0,0
2025-09-27 19:20:19,768.351083,768,384385.41,1.345065041,5,0,0
2025-09-27 19:20:20,769.015953,769,384359.98,1.338360435,5,0,0
2025-09-27 19:20:20,769.015953,769,384385.41,1.345065041,5,0,0
2025-09-27 19:20:21,769.830536,769,384359.98,1.338360435,5,0,0
2025-09-27 19:20:21,769.831329,769,384385.41,1.345065041,5,0,0
2025-09-27 19:20:22,771.063114,771,384359.98,1.338360435,5,0,0
2025-09-27 19:20:22,771.063114,771,384385.41,1.345065041,5,0,0
2025-09-27 19:20:26,774.808224,774,384359.98,1.338360435,5,0,0
2025-09-27 19:20:26,774.808224,774,384385.41,1.345065041,5,0,0
2025-09-27 19:20:26,775.536602,775,384359.98,1.338360435,5,0,0
2025-09-27 19:20:26,775.536602,775,384359.98,1.338360435,5,0,0
2025-09-27 19:20:27,776.29875,776,384359.98,1.338360435,5,0,0
2025-09-27 19:20:27,776.29875,776,384359.98,1.338360435,5,0,0
2025-09-27 19:20:28,777.282787,777,384310.98,1.325439351,5,0,0
2025-09-27 19:20:28,777.282787,777,384359.98,1.338360435,5,0,0
2025-09-27 19:20:29,778.044656,778,384310.98,1.325439351,5,0,0
2025-09-27 19:20:29,778.044656,778,384359.98,1.338360435,5,0,0
2025-09-27 19:20:30,778.853797,778,384310.98,1.325439351,5,0,0
2025-09-27 19:20:30,778.853797,778,384346.05,1.334687438,5,0,0
2025-09-27 19:20:31,779.88334,779,384310.98,1.325439351,5,0,0
2025-09-27 19:20:31,779.88334,779,384346.05,1.334687438,5,0,0
2025-09-27 19:20:31,780.409015,780,384310.98,1.325439351,5,0,0
2025-09-27 19:20:31,780.409015,780,384346.05,1.334687438,5,0,0
2025-09-27 19:20:32,781.234497,781,384310.98,1.325439351,5,0,0
2025-09-27 19:20:32,781.234497,781,384346.05,1.334687438,5,0,0
2025-09-27 19:20:33,782.041968,782,384310.98,1.325439351,5,0,0
2025-09-27 19:20:33,782.041968,782,384322.9,1.328582963,5,0,0
2025-09-27 19:20:34,782.913772,782,384310.98,1.325439351,5,0,0
2025-09-27 19:20:34,782.913772,782,384322.9,1.328582963,5,0,0
2025-09-27 19:20:35,783.927625,783,384310.98,1.325439351,5,0,0
2025-09-27 19:20:35,783.927625,783,384322.9,1.328582963,5,0,0
2025-09-27 19:20:35,784.610446,784,384310.98,1.325439351,5,0,0
2025-09-27 19:20:35,784.610446,784,384320.06,1.327833868,5,0,0
2025-09-27 19:20:36,785.471917,785,384310.98,1.325439351,5,0,0
2025-09-27 19:20:36,785.471917,785,384320.06,1.327833868,5,0,0
2025-09-27 19:20:37,786.420747,786,384310.98,1.325439351,5,0,0
2025-09-27 19:20:37,786.420747,786,384310.98,1.325439351,5,0,0
2025-09-27 19:20:38,787.468306,787,384310.98,1.325439351,5,0,0
2025-09-27 19:20:38,787.468306,787,384310.98,1.325439351,5,0,0
2025-09-27 19:20:39,788.073259,788,384310.98,1.325439351,5,0,0
2025-09-27 19:20:39,788.073259,788,384310.98,1.325439351,5,0,0
2025-09-27 19:20:40,788.993955,788,384310.98,1.325439351,5,0,0
2025-09-27 19:20:40,788.993955,788,384310.98,1.325439351,5,0,0
2025-09-27 19:20:40,789.517712,789,384310.98,1.325439351,5,0,0
2025-09-27 19:20:40,789.517712,789,384310.98,1.325439351,5,0,0
2025-09-27 19:20:41,790.025968,790,384310.98,1.325439351,5,0,0
2025-09-27 19:20:41,790.025968,790,384310.98,1.325439351,5,0,0
2025-09-27 19:20:41,790.56618,790,384310.98,1.325439351,5,0,0
2025-09-27 19:20:41,790.56618,790,384310.98,1.325439351,5,0,0
2025-09-27 19:20:42,791.122137,791,384310.98,1.325439351,5,0,0
2025-09-27 19:20:42,791.122137,791,384310.98,1.325439351,5,0,0
2025-09-27 19:20:43,792.485651,792,384310.98,1.325439351,5,0,0
2025-09-27 19:20:43,792.485651,792,384310.98,1.325439351,5,0,0
2025-09-27 19:20:45,794.438329,794,384310.98,1.325439351,5,0,0
2025-09-27 19:20:45,794.438329,794,384310.98,1.325439351,5,0,0
2025-09-27 19:20:46,794.862112,794,384233.07,1.304898076,5,0,0
2025-09-27 19:20:46,794.862112,794,384310.98,1.325439351,5,0,0
2025-09-27 19:20:47,795.799591,795,384233.07,1.304898076,5,0,0
2025-09-27 19:20:47,795.799591,795,384310.98,1.325439351,5,0,0
2025-09-27 19:20:48,796.971465,796,384233.07,1.304898076,5,0,0
2025-09-27 19:20:48,796.971465,796,384310.98,1.325439351,5,0,0
2025-09-27 19:20:48,797.641131,797,384233.07,1.304898076,5,0,0
2025-09-27 19:20:48,797.641131,797,384310.98,1.325439351,5,0,0
2025-09-27 19:20:49,798.655608,798,384233.07,1.304898076,5,0,0
2025-09-27 19:20:49,798.655608,798,384310.98,1.325439351,5,0,0
2025-09-27 19:20:54,803.471113,803,384233.07,1.304898076,5,0,0
2025-09-27 19:20:54,803.471113,803,384310.98,1.325439351,5,0,0
2025-09-27 19:20:55,804.61166,804,384233.07,1.304898076,5,0,0
2025-09-27 19:20:55,804.61166,804,384310.98,1.325439351,5,0,0
2025-09-27 19:20:56,805.436063,805,384233.07,1.304898076,5,0,0
2025-09-27 19:20:56,805.436063,805,384300.66,1.322718499,5,0,0
2025-09-27 19:20:57,806.512886,806,384233.07,1.304898076,5,0,0
2025-09-27 19:20:57,806.512886,806,384300.66,1.322718499,5,0,0
2025-09-27 19:20:58,807.037684,807,384233.07,1.304898076,5,0,0
2025-09-27 19:20:58,807.037684,807,384238.66,1.306373358,5,0,0
2025-09-27 19:20:59,807.894756,807,384233.07,1.304898076,5,0,0
2025-09-27 19:20:59,807.894756,807,384238.66,1.306373358,5,0,0
2025-09-27 19:20:59,808.685318,808,384233.07,1.304898076,5,0,0
2025-09-27 19:20:59,808.685318,808,384238.66,1.306373358,5,0,0
2025-09-27 19:21:00,809.416429,809,384233.07,1.304898076,5,0,0
2025-09-27 19:21:00,809.416429,809,384233.07,1.304898076,5,0,0
2025-09-27 19:21:02,810.979731,810,384233.07,1.304898076,5,0,0
2025-09-27 19:21:02,810.979731,810,384233.07,1.304898076,5,0,0
2025-09-27 19:21:02,811.549564,811,384233.07,1.304898076,5,0,0
2025-09-27 19:21:02,811.549564,811,384233.07,1.304898076,5,0,0
2025-09-27 19:21:03,812.682562,812,384233.07,1.304898076,5,0,0
2025-09-27 19:21:03,812.682562,812,384233.07,1.304898076,5,0,0
2025-09-27 19:21:05,813.910204,813,384233.07,1.304898076,5,0,0
2025-09-27 19:21:05,813.910204,813,384233.07,1.304898076,5,0,0
2025-09-27 19:21:06,814.944465,814,384233.07,1.304898076,5,0,0
2025-09-27 19:21:06,814.944465,814,384233.07,1.304898076,5,0,0
2025-09-27 19:21:07,816.38045,816,384233.07,1.304898076,5,0,0
2025-09-27 19:21:07,816.38045,816,384233.07,1.304898076,5,0,0
2025-09-27 19:21:08,817.724254,817,384233.07,1.304898076,5,0,0
2025-09-27 19:21:08,817.724254,817,384233.07,1.304898076,5,0,0
2025-09-27 19:21:10,818.759337,818,384233.07,1.304898076,5,0,0
2025-09-27 19:21:10,818.761344,818,384233.07,1.304898076,5,0,0
2025-09-27 19:21:10,819.272152,819,384233.07,1.304898076,5,0,0
2025-09-27 19:21:10,819.272152,819,384233.07,1.304898076,5,0,0
2025-09-27 19:21:11,819.811014,819,384233.07,1.304898076,5,0,0
2025-09-27 19:21:11,819.811014,819,384233.07,1.304898076,5,0,0
2025-09-27 19:21:11,820.599879,820,384222.24,1.30204273,5,0,0
2025-09-27 19:21:11,820.599879,820,384233.07,1.304898076,5,0,0
2025-09-27 19:21:12,821.333235,821,384222.24,1.30204273,5,0,0
2025-09-27 19:21:12,821.333235,821,384233.07,1.304898076,5,0,0
2025-09-27 19:21:14,823.410171,823,384222.24,1.30204273,5,0,0
2025-09-27 19:21:14,823.410171,823,384233.07,1.304898076,5,0,0
2025-09-27 19:21:15,824.420196,824,384222.24,1.30204273,5,0,0
2025-09-27 19:21:15,824.420196,824,384233.07,1.304898076,5,0,0
2025-09-27 19:21:16,825.652818,825,384222.24,1.30204273,5,0,0
2025-09-27 19:21:16,825.654824,825,384233.07,1.304898076,5,0,0
2025-09-27 19:21:18,826.968821,826,384222.24,1.30204273,5,0,0
2025-09-27 19:21:18,826.968821,826,384233.07,1.304898076,5,0,0
2025-09-27 19:21:19,827.998205,827,384222.24,1.30204273,5,0,0
2025-09-27 19:21:19,827.998205,827,384222.24,1.30204273,5,0,0
2025-09-27 19:21:20,829.417121,829,384222.24,1.30204273,5,0,0
2025-09-27 19:21:20,829.417121,829,384222.24,1.30204273,5,0,0
2025-09-27 19:21:21,830.444913,830,384222.24,1.30204273,5,0,0
2025-09-27 19:21:21,830.444913,830,384222.24,1.30204273,5,0,0
2025-09-27 19:21:22,831.13284,831,384222.24,1.30204273,5,0,0
2025-09-27 19:21:22,831.13284,831,384222.24,1.30204273,5,0,0
2025-09-27 19:21:23,832.369939,832,384222.24,1.30204273,5,0,0
2025-09-27 19:21:23,832.369939,832,384222.24,1.30204273,5,0,0
2025-09-27 19:21:24,833.505035,833,384222.24,1.30204273,5,0,0
2025-09-27 19:21:24,833.505035,833,384222.24,1.30204273,5,0,0
2025-09-27 19:21:25,834.169418,834,384222.24,1.30204273,5,0,0
2025-09-27 19:21:25,834.169418,834,384222.24,1.30204273,5,0,0
2025-09-27 19:21:26,834.883543,834,384222.24,1.30204273,5,0,0
2025-09-27 19:21:26,834.883543,834,384222.24,1.30204273,5,0,0
2025-09-27 19:21:26,835.646463,835,384222.24,1.30204273,5,0,0
2025-09-27 19:21:26,835.646463,835,384222.24,1.30204273,5,0,0
2025-09-27 19:21:27,836.425824,836,384222.24,1.30204273,5,0,0
2025-09-27 19:21:27,836.425824,836,384222.24,1.30204273,5,0,0
2025-09-27 19:21:28,837.140655,837,384222.24,1.30204273,5,0,0
2025-09-27 19:21:28,837.140655,837,384222.24,1.30204273,5,0,0
2025-09-27 19:21:29,837.928486,837,384222.24,1.30204273,5,0,0
2025-09-27 19:21:29,837.928486,837,384222.24,1.30204273,5,0,0
2025-09-27 19:21:30,839.605849,839,384222.24,1.30204273,5,0,0
2025-09-27 19:21:30,839.605849,839,384222.24,1.30204273,5,0,0
2025-09-27 19:21:32,841.300996,841,384222.24,1.30204273,5,0,0
2025-09-27 19:21:32,841.300996,841,384222.24,1.30204273,5,0,0
2025-09-27 19:21:33,841.763683,841,384217.16,1.300704673,5,0,0
2025-09-27 19:21:33,841.763683,841,384222.24,1.30204273,5,0,0
2025-09-27 19:21:34,842.904443,842,384217.16,1.300704673,5,0,0
2025-09-27 19:21:34,842.904443,842,384222.24,1.30204273,5,0,0
2025-09-27 19:21:34,843.634692,843,384217.16,1.300704673,5,0,0
2025-09-27 19:21:34,843.634692,843,384217.16,1.300704673,5,0,0
2025-09-27 19:21:35,844.569759,844,384140.05,1.280373351,5,0,0
2025-09-27 19:21:35,844.569759,844,384217.16,1.300704673,5,0,0
2025-09-27 19:21:36,845.443089,845,384140.05,1.280373351,5,0,0
2025-09-27 19:21:36,845.443089,845,384140.05,1.280373351,5,0,0
2025-09-27 19:21:37,846.511293,846,384140.05,1.280373351,5,0,0
2025-09-27 19:21:37,846.511293,846,384140.05,1.280373351,5,0,0
2025-09-27 19:21:38,847.375926,847,384140.05,1.280373351,5,0,0
2025-09-27 19:21:38,847.375926,847,384140.05,1.280373351,5,0,0
2025-09-27 19:21:39,848.275711,848,384140.05,1.280373351,5,0,0
2025-09-27 19:21:39,848.275711,848,384140.05,1.280373351,5,0,0
2025-09-27 19:21:40,849.455379,849,384140.05,1.280373351,5,0,0
2025-09-27 19:21:40,849.471601,849,384140.05,1.280373351,5,0,0
2025-09-27 19:21:41,850.185916,850,384140.05,1.280373351,5,0,0
2025-09-27 19:21:41,850.185916,850,384140.05,1.280373351,5,0,0
2025-09-27 19:21:43,852.244049,852,384140.05,1.280373351,5,0,0
2025-09-27 19:21:43,852.244049,852,384140.05,1.280373351,5,0,0
2025-09-27 19:21:44,852.847291,852,384140.05,1.280373351,5,0,0
2025-09-27 19:21:44,852.847291,852,384140.05,1.280373351,5,0,0
2025-09-27 19:21:44,853.276984,853,384140.05,1.280373351,5,0,0
2025-09-27 19:21:44,853.276984,853,384140.05,1.280373351,5,0,0
2025-09-27 19:21:45,853.943392,853,384140.05,1.280373351,5,0,0
2025-09-27 19:21:45,853.943392,853,384140.05,1.280373351,5,0,0
2025-09-27 19:21:46,855.114549,855,384140.05,1.280373351,5,0,0
2025-09-27 19:21:46,855.114549,855,384140.05,1.280373351,5,0,0
2025-09-27 19:21:46,855.670357,855,384140.05,1.280373351,5,0,0
2025-09-27 19:21:46,855.670357,855,384140.05,1.280373351,5,0,0
2025-09-27 19:21:47,856.561724,856,384140.05,1.280373351,5,0,0
2025-09-27 19:21:47,856.561724,856,384140.05,1.280373351,5,0,0
2025-09-27 19:21:49,858.047628,858,384140.05,1.280373351,5,0,0
2025-09-27 19:21:49,858.047628,858,384140.05,1.280373351,5,0,0
2025-09-27 19:21:50,859.003321,859,384140.05,1.280373351,5,0,0
2025-09-27 19:21:50,859.003321,859,384140.05,1.280373351,5,0,0
2025-09-27 19:21:50,859.713007,859,384140.05,1.280373351,5,0,0
2025-09-27 19:21:50,859.713007,859,384140.05,1.280373351,5,0,0
2025-09-27 19:21:52,860.943304,860,384140.05,1.280373351,5,0,0
2025-09-27 19:21:52,860.943304,860,384140.05,1.280373351,5,0,0
2025-09-27 19:21:53,862.34183,862,384140.05,1.280373351,5,0,0
2025-09-27 19:21:53,862.34183,862,384140.05,1.280373351,5,0,0
2025-09-27 19:21:55,863.971358,863,384140.05,1.280373351,5,0,0
2025-09-27 19:21:55,863.971358,863,384140.05,1.280373351,5,0,0
2025-09-27 19:21:56,864.770047,864,384140.05,1.280373351,5,0,0
2025-09-27 19:21:56,864.772176,864,384140.05,1.280373351,5,0,0
2025-09-27 19:21:56,865.704614,865,384140.05,1.280373351,5,0,0
2025-09-27 19:21:56,865.704614,865,384140.05,1.280373351,5,0,0
2025-09-27 19:21:57,866.560107,866,384140.05,1.280373351,5,0,0
2025-09-27 19:21:57,866.560107,866,384140.05,1.280373351,5,0,0
2025-09-27 19:21:58,867.274373,867,384140.05,1.280373351,5,0,0
2025-09-27 19:21:58,867.274373,867,384140.05,1.280373351,5,0,0
2025-09-27 19:21:59,867.86013,867,384140.05,1.280373351,5,0,0
2025-09-27 19:21:59,867.868285,867,384140.05,1.280373351,5,0,0
2025-09-27 19:21:59,868.691802,868,384140.05,1.280373351,5,0,0
2025-09-27 19:21:59,868.691802,868,384140.05,1.280373351,5,0,0
2025-09-27 19:22:00,869.25997,869,384140.05,1.280373351,5,0,0
2025-09-27 19:22:00,869.25997,869,384140.05,1.280373351,5,0,0
2025-09-27 19:22:01,869.840392,869,384140.05,1.280373351,5,0,0
2025-09-27 19:22:01,869.840392,869,384140.05,1.280373351,5,0,0
2025-09-27 19:22:01,870.21232,870,384140.05,1.280373351,5,0,0
2025-09-27 19:22:01,870.21232,870,384140.05,1.280373351,5,0,0
2025-09-27 19:22:02,871.261966,871,384140.05,1.280373351,5,0,0
2025-09-27 19:22:02,871.263714,871,384140.05,1.280373351,5,0,0
2025-09-27 19:22:03,872.047931,872,384140.05,1.280373351,5,0,0
2025-09-27 19:22:03,872.047931,872,384140.05,1.280373351,5,0,0
2025-09-27 19:22:04,873.397895,873,384140.05,1.280373351,5,0,0
2025-09-27 19:22:04,873.398902,873,384140.05,1.280373351,5,0,0
2025-09-27 19:22:05,874.012503,874,384140.05,1.280373351,5,0,0
2025-09-27 19:22:05,874.012503,874,384140.05,1.280373351,5,0,0
2025-09-27 19:22:05,874.526424,874,384140.05,1.280373351,5,0,0
2025-09-27 19:22:05,874.526424,874,384140.05,1.280373351,5,0,0
2025-09-27 19:22:07,876.338791,876,384140.05,1.280373351,5,0,0
2025-09-27 19:22:07,876.338791,876,384140.05,1.280373351,5,0,0
2025-09-27 19:22:08,877.194012,877,384140.05,1.280373351,5,0,0
2025-09-27 19:22:08,877.194753,877,384140.05,1.280373351,5,0,0
2025-09-27 19:22:09,878.092332,878,384140.05,1.280373351,5,0,0
2025-09-27 19:22:09,878.094339,878,384140.05,1.280373351,5,0,0
2025-09-27 19:22:10,879.199954,879,384140.05,1.280373351,5,0,0
2025-09-27 19:22:10,879.199954,879,384140.05,1.280373351,5,0,0
2025-09-27 19:22:12,881.102097,881,384140.05,1.280373351,5,0,0
2025-09-27 19:22:12,881.102097,881,384140.05,1.280373351,5,0,0
2025-09-27 19:22:13,882.434619,882,383953.97,1.231312406,5,0,0
2025-09-27 19:22:13,882.434619,882,384140.05,1.280373351,5,0,0
2025-09-27 19:22:14,883.360226,883,383953.97,1.231312406,5,0,0
2025-09-27 19:22:14,883.360226,883,383953.97,1.231312406,5,0,0
2025-09-27 19:22:16,884.875073,884,383953.97,1.231312406,5,0,0
2025-09-27 19:22:16,884.875073,884,383953.97,1.231312406,5,0,0
2025-09-27 19:22:16,885.379773,885,383953.97,1.231312406,5,0,0
2025-09-27 19:22:16,885.379773,885,383953.97,1.231312406,5,0,0
2025-09-27 19:22:17,886.388001,886,383953.97,1.231312406,5,0,0
2025-09-27 19:22:17,886.388001,886,383953.97,1.231312406,5,0,0
2025-09-27 19:22:18,887.650391,887,383953.97,1.231312406,5,0,0
2025-09-27 19:22:18,887.650391,887,383953.97,1.231312406,5,0,0
2025-09-27 19:22:19,888.334891,888,383953.97,1.231312406,5,0,0
2025-09-27 19:22:19,888.334891,888,383953.97,1.231312406,5,0,0
2025-09-27 19:22:20,889.287123,889,383953.97,1.231312406,5,0,0
2025-09-27 19:22:20,889.287123,889,383953.97,1.231312406,5,0,0
2025-09-27 19:22:21,890.317154,890,383953.97,1.231312406,5,0,0
2025-09-27 19:22:21,890.317154,890,383953.97,1.231312406,5,0,0
2025-09-27 19:22:22,891.114738,891,383953.97,1.231312406,5,0,0
2025-09-27 19:22:22,891.114738,891,383953.97,1.231312406,5,0,0
2025-09-27 19:22:22,891.636633,891,383953.97,1.231312406,5,0,0
2025-09-27 19:22:22,891.636633,891,383953.97,1.231312406,5,0,0
2025-09-27 19:22:23,892.204704,892,383953.97,1.231312406,5,0,0
2025-09-27 19:22:23,892.204704,892,383953.97,1.231312406,5,0,0
2025-09-27 19:22:24,893.331949,893,383953.97,1.231312406,5,0,0
2025-09-27 19:22:24,893.331949,893,383953.97,1.231312406,5,0,0
2025-09-27 19:22:25,894.146183,894,383953.97,1.231312406,5,0,0
2025-09-27 19:22:25,894.147095,894,383953.97,1.231312406,5,0,0
2025-09-27 19:22:26,894.79508,894,383953.97,1.231312406,5,0,0
2025-09-27 19:22:26,894.79508,894,383953.97,1.231312406,5,0,0
2025-09-27 19:22:26,895.68439,895,383953.97,1.231312406,5,0,0
2025-09-27 19:22:26,895.68439,895,383953.97,1.231312406,5,0,0
2025-09-27 19:22:27,896.474379,896,383953.97,1.231312406,5,0,0
2025-09-27 19:22:27,896.474379,896,383953.97,1.231312406,5,0,0
2025-09-27 19:22:28,897.189091,897,383953.97,1.231312406,5,0,0
2025-09-27 19:22:28,897.189091,897,383953.97,1.231312406,5,0,0
2025-09-27 19:22:29,897.897262,897,383953.97,1.231312406,5,0,0
2025-09-27 19:22:29,897.897262,897,383953.97,1.231312406,5,0,0
2025-09-27 19:22:29,898.615332,898,383953.97,1.231312406,5,0,0
2025-09-27 19:22:29,898.617359,898,383953.97,1.231312406,5,0,0
2025-09-27 19:22:31,900.478755,900,383953.97,1.231312406,5,0,0
2025-09-27 19:22:31,900.478755,900,383953.97,1.231312406,5,0,0
2025-09-27 19:22:32,901.411078,901,383953.97,1.231312406,5,0,0
2025-09-27 19:22:32,901.411078,901,383953.97,1.231312406,5,0,0
2025-09-27 19:22:33,902.378873,902,383943.73,1.228614011,5,0,0
2025-09-27 19:22:33,902.378873,902,383953.97,1.231312406,5,0,0
2025-09-27 19:22:34,903.243817,903,383943.73,1.228614011,5,0,0
2025-09-27 19:22:34,903.243817,903,383953.97,1.231312406,5,0,0
2025-09-27 19:22:35,904.196164,904,383943.73,1.228614011,5,0,0
2025-09-27 19:22:35,904.196164,904,383953.97,1.231312406,5,0,0
2025-09-27 19:22:36,905.324271,905,383943.73,1.228614011,5,0,0
2025-09-27 19:22:36,905.324271,905,383953.97,1.231312406,5,0,0
2025-09-27 19:22:37,906.430871,906,383943.73,1.228614011,5,0,0
2025-09-27 19:22:37,906.430871,906,383953.97,1.231312406,5,0,0
2025-09-27 19:22:38,906.95323,906,383943.73,1.228614011,5,0,0
2025-09-27 19:22:38,906.95323,906,383943.73,1.228614011,5,0,0
2025-09-27 19:22:40,908.769669,908,383943.73,1.228614011,5,0,0
2025-09-27 19:22:40,908.769669,908,383943.73,1.228614011,5,0,0
2025-09-27 19:22:40,909.734482,909,383943.73,1.228614011,5,0,0
2025-09-27 19:22:40,909.734482,909,383943.73,1.228614011,5,0,0
2025-09-27 19:22:42,910.924475,910,383943.73,1.228614011,5,0,0
2025-09-27 19:22:42,910.924475,910,383943.73,1.228614011,5,0,0
2025-09-27 19:22:43,911.942628,911,383943.73,1.228614011,5,0,0
2025-09-27 19:22:43,911.942628,911,383943.73,1.228614011,5,0,0
2025-09-27 19:22:43,912.609407,912,383943.73,1.228614011,5,0,0
2025-09-27 19:22:43,912.609407,912,383943.73,1.228614011,5,0,0
2025-09-27 19:22:44,913.607189,913,383943.73,1.228614011,5,0,0
2025-09-27 19:22:44,913.607189,913,383943.73,1.228614011,5,0,0
2025-09-27 19:22:45,914.457807,914,383943.73,1.228614011,5,0,0
2025-09-27 19:22:45,914.457807,914,383943.73,1.228614011,5,0,0
2025-09-27 19:22:46,915.562546,915,383943.73,1.228614011,5,0,0
2025-09-27 19:22:46,915.562546,915,383943.73,1.228614011,5,0,0
2025-09-27 19:22:47,916.276991,916,383943.73,1.228614011,5,0,0
2025-09-27 19:22:47,916.276991,916,383943.73,1.228614011,5,0,0
2025-09-27 19:22:48,917.037785,917,383943.73,1.228614011,5,0,0
2025-09-27 19:22:48,917.037785,917,383943.73,1.228614011,5,0,0
2025-09-27 19:22:49,917.862892,917,383943.73,1.228614011,5,0,0
2025-09-27 19:22:49,917.862892,917,383943.73,1.228614011,5,0,0
2025-09-27 19:22:50,918.766912,918,383943.73,1.228614011,5,0,0
2025-09-27 19:22:50,918.766912,918,383943.73,1.228614011,5,0,0
2025-09-27 19:22:50,919.543145,919,383943.73,1.228614011,5,0,0
2025-09-27 19:22:50,919.543145,919,383943.73,1.228614011,5,0,0
2025-09-27 19:22:51,920.258279,920,383943.73,1.228614011,5,0,0
2025-09-27 19:22:51,920.258279,920,383943.73,1.228614011,5,0,0
2025-09-27 19:22:52,921.146233,921,383943.73,1.228614011,5,0,0
2025-09-27 19:22:52,921.146233,921,383943.73,1.228614011,5,0,0
2025-09-27 19:22:52,921.701233,921,383943.73,1.228614011,5,0,0
2025-09-27 19:22:52,921.701233,921,383943.73,1.228614011,5,0,0
2025-09-27 19:22:53,922.351834,922,383943.73,1.228614011,5,0,0
2025-09-27 19:22:53,922.351834,922,383943.73,1.228614011,5,0,0
2025-09-27 19:22:54,923.3209,923,383943.73,1.228614011,5,0,0
2025-09-27 19:22:54,923.3209,923,383943.73,1.228614011,5,0,0
2025-09-27 19:22:55,924.430885,924,383943.73,1.228614011,5,0,0
2025-09-27 19:22:55,924.430885,924,383943.73,1.228614011,5,0,0
2025-09-27 19:22:56,925.21759,925,383943.73,1.228614011,5,0,0
2025-09-27 19:22:56,925.224227,925,383943.73,1.228614011,5,0,0
2025-09-27 19:22:57,926.113958,926,383943.73,1.228614011,5,0,0
2025-09-27 19:22:57,926.113958,926,383943.73,1.228614011,5,0,0
2025-09-27 19:22:58,926.816637,926,383943.73,1.228614011,5,0,0
2025-09-27 19:22:58,926.816637,926,383943.73,1.228614011,5,0,0
2025-09-27 19:22:59,927.798826,927,383943.73,1.228614011,5,0,0
2025-09-27 19:22:59,927.798826,927,383943.73,1.228614011,5,0,0
2025-09-27 19:22:59,928.656551,928,383943.73,1.228614011,5,0,0
2025-09-27 19:22:59,928.665318,928,383943.73,1.228614011,5,0,0
2025-09-27 19:23:00,929.432599,929,383943.73,1.228614011,5,0,0
2025-09-27 19:23:00,929.432599,929,383943.73,1.228614011,5,0,0
2025-09-27 19:23:02,930.778385,930,383943.73,1.228614011,5,0,0
2025-09-27 19:23:02,930.778385,930,383943.73,1.228614011,5,0,0
2025-09-27 19:23:03,932.046659,932,383943.73,1.228614011,5,0,0
2025-09-27 19:23:03,932.046659,932,383943.73,1.228614011,5,0,0
2025-09-27 19:23:06,935.314532,935,383943.73,1.228614011,5,0,0
2025-09-27 19:23:06,935.314532,935,383943.73,1.228614011,5,0,0
2025-09-27 19:23:07,936.319016,936,383943.73,1.228614011,5,0,0
2025-09-27 19:23:07,936.319016,936,383943.73,1.228614011,5,0,0
2025-09-27 19:23:08,937.567181,937,383943.73,1.228614011,5,0,0
2025-09-27 19:23:08,937.569204,937,383943.73,1.228614011,5,0,0
2025-09-27 19:23:10,938.977914,938,383943.73,1.228614011,5,0,0
2025-09-27 19:23:10,938.977914,938,383943.73,1.228614011,5,0,0
2025-09-27 19:23:10,939.534653,939,383943.73,1.228614011,5,0,0
2025-09-27 19:23:10,939.534653,939,383943.73,1.228614011,5,0,0
2025-09-27 19:23:11,940.172718,940,383943.73,1.228614011,5,0,0
2025-09-27 19:23:11,940.172718,940,383943.73,1.228614011,5,0,0
2025-09-27 19:23:12,940.789512,940,383943.73,1.228614011,5,0,0
2025-09-27 19:23:12,940.789512,940,383943.73,1.228614011,5,0,0
2025-09-27 19:23:12,941.520741,941,383943.73,1.228614011,5,0,0
2025-09-27 19:23:12,941.520741,941,383943.73,1.228614011,5,0,0
2025-09-27 19:23:13,942.281973,942,383943.73,1.228614011,5,0,0
2025-09-27 19:23:13,942.281973,942,383943.73,1.228614011,5,0,0
2025-09-27 19:23:15,944.380663,944,383943.73,1.228614011,5,0,0
2025-09-27 19:23:15,944.380663,944,383943.73,1.228614011,5,0,0
2025-09-27 19:23:16,945.15756,945,383938.14,1.227137971,5,0,0
2025-09-27 19:23:16,945.15756,945,383943.73,1.228614011,5,0,0
2025-09-27 19:23:17,945.872605,945,383938.14,1.227137971,5,0,0
2025-09-27 19:23:17,945.872605,945,383943.73,1.228614011,5,0,0
2025-09-27 19:23:17,946.605378,946,383938.14,1.227137971,5,0,0
2025-09-27 19:23:17,946.605378,946,383943.73,1.228614011,5,0,0
2025-09-27 19:23:18,947.468386,947,383938.14,1.227137971,5,0,0
2025-09-27 19:23:18,947.468386,947,383943.73,1.228614011,5,0,0
2025-09-27 19:23:19,947.926357,947,383938.14,1.227137971,5,0,0
2025-09-27 19:23:19,947.926357,947,383943.73,1.228614011,5,0,0
2025-09-27 19:23:20,948.99868,948,383938.14,1.227137971,5,0,0
2025-09-27 19:23:20,948.99868,948,383938.14,1.227137971,5,0,0
2025-09-27 19:23:21,950.102061,950,383938.14,1.227137971,5,0,0
2025-09-27 19:23:21,950.102061,950,383938.14,1.227137971,5,0,0
2025-09-27 19:23:22,951.111791,951,383938.14,1.227137971,5,0,0
2025-09-27 19:23:22,951.111791,951,383938.14,1.227137971,5,0,0
2025-09-27 19:23:23,951.886042,951,383938.14,1.227137971,5,0,0
2025-09-27 19:23:23,951.886042,951,383938.14,1.227137971,5,0,0
2025-09-27 19:23:24,953.0844,953,383938.14,1.227137971,5,0,0
2025-09-27 19:23:24,953.0844,953,383938.14,1.227137971,5,0,0
2025-09-27 19:23:24,953.626589,953,383938.14,1.227137971,5,0,0
2025-09-27 19:23:24,953.626589,953,383938.14,1.227137971,5,0,0
2025-09-27 19:23:25,954.394291,954,383938.14,1.227137971,5,0,0
2025-09-27 19:23:25,954.394291,954,383938.14,1.227137971,5,0,0
2025-09-27 19:23:26,954.915021,954,383938.14,1.227137971,5,0,0
2025-09-27 19:23:26,954.915021,954,383938.14,1.227137971,5,0,0
2025-09-27 19:23:26,955.389385,955,383938.14,1.227137971,5,0,0
2025-09-27 19:23:26,955.389385,955,383938.14,1.227137971,5,0,0
2025-09-27 19:23:27,956.483514,956,383938.14,1.227137971,5,0,0
2025-09-27 19:23:27,956.483514,956,383938.14,1.227137971,5,0,0
2025-09-27 19:23:28,957.225713,957,383938.14,1.227137971,5,0,0
2025-09-27 19:23:28,957.225713,957,383938.14,1.227137971,5,0,0
2025-09-27 19:23:29,958.240204,958,383938.14,1.227137971,5,0,0
2025-09-27 19:23:29,958.240204,958,383938.14,1.227137971,5,0,0
2025-09-27 19:23:31,959.858505,959,383938.14,1.227137971,5,0,0
2025-09-27 19:23:31,959.858505,959,383938.14,1.227137971,5,0,0
2025-09-27 19:23:32,961.15824,961,383938.14,1.227137971,5,0,0
2025-09-27 19:23:32,961.15824,961,383938.14,1.227137971,5,0,0
2025-09-27 19:23:33,962.171639,962,383938.14,1.227137971,5,0,0
2025-09-27 19:23:33,962.171639,962,383938.14,1.227137971,5,0,0
2025-09-27 19:23:34,963.264478,963,383938.14,1.227137971,5,0,0
2025-09-27 19:23:34,963.264478,963,383938.14,1.227137971,5,0,0
2025-09-27 19:23:35,964.135811,964,383938.14,1.227137971,5,0,0
2025-09-27 19:23:35,964.135811,964,383938.14,1.227137971,5,0,0
2025-09-27 19:23:36,965.166303,965,383938.14,1.227137971,5,0,0
2025-09-27 19:23:36,965.166303,965,383938.14,1.227137971,5,0,0
2025-09-27 19:23:37,965.846542,965,383938.14,1.227137971,5,0,0
2025-09-27 19:23:37,965.846542,965,383938.14,1.227137971,5,0,0
2025-09-27 19:23:38,967.750185,967,383938.14,1.227137971,5,0,0
2025-09-27 19:23:38,967.750185,967,383938.14,1.227137971,5,0,0
2025-09-27 19:23:40,969.158978,969,383938.14,1.227137971,5,0,0
2025-09-27 19:23:40,969.158978,969,383938.14,1.227137971,5,0,0
2025-09-27 19:23:40,969.699414,969,383938.14,1.227137971,5,0,0
2025-09-27 19:23:40,969.699414,969,383938.14,1.227137971,5,0,0
2025-09-27 19:23:41,970.446132,970,383938.14,1.227137971,5,0,0
2025-09-27 19:23:41,970.446132,970,383938.14,1.227137971,5,0,0
2025-09-27 19:23:42,971.206578,971,383938.14,1.227137971,5,0,0
2025-09-27 19:23:42,971.206578,971,383938.14,1.227137971,5,0,0
2025-09-27 19:23:43,971.792839,971,383938.14,1.227137971,5,0,0
2025-09-27 19:23:43,971.792839,971,383938.14,1.227137971,5,0,0
2025-09-27 19:23:43,972.585677,972,383938.14,1.227137971,5,0,0
2025-09-27 19:23:43,972.585677,972,383938.14,1.227137971,5,0,0
2025-09-27 19:23:44,973.204553,973,383938.14,1.227137971,5,0,0
2025-09-27 19:23:44,973.204553,973,383938.14,1.227137971,5,0,0
2025-09-27 19:23:45,974.281214,974,383938.14,1.227137971,5,0,0
2025-09-27 19:23:45,974.281214,974,383938.14,1.227137971,5,0,0
2025-09-27 19:23:46,975.076725,975,383938.14,1.227137971,5,0,0
2025-09-27 19:23:46,975.076725,975,383938.14,1.227137971,5,0,0
2025-09-27 19:23:47,975.774385,975,383938.14,1.227137971,5,0,0
2025-09-27 19:23:47,975.774385,975,383938.14,1.227137971,5,0,0
2025-09-27 19:23:47,976.581076,976,383938.14,1.227137971,5,0,0
2025-09-27 19:23:47,976.596906,976,383938.14,1.227137971,5,0,0
2025-09-27 19:23:48,977.311623,977,383938.14,1.227137971,5,0,0
2025-09-27 19:23:48,977.311623,977,383938.14,1.227137971,5,0,0
2025-09-27 19:23:49,978.022146,978,383938.14,1.227137971,5,0,0
2025-09-27 19:23:49,978.022146,978,383938.14,1.227137971,5,0,0
2025-09-27 19:23:50,979.163225,979,383938.14,1.227137971,5,0,0
2025-09-27 19:23:50,979.163225,979,383938.14,1.227137971,5,0,0
2025-09-27 19:23:50,979.734719,979,383910.48,1.219845176,5,0,0
2025-09-27 19:23:50,979.734719,979,383938.14,1.227137971,5,0,0
2025-09-27 19:23:51,980.259701,980,383910.48,1.219845176,5,0,0
2025-09-27 19:23:51,980.259701,980,383938.14,1.227137971,5,0,0
2025-09-27 19:23:52,981.099395,981,383910.48,1.219845176,5,0,0
2025-09-27 19:23:52,981.099395,981,383938.14,1.227137971,5,0,0
2025-09-27 19:23:52,981.717814,981,383910.48,1.219845176,5,0,0
2025-09-27 19:23:52,981.717814,981,383938.14,1.227137971,5,0,0
2025-09-27 19:23:53,982.352626,982,383910.48,1.219845176,5,0,0
2025-09-27 19:23:53,982.352626,982,383938.14,1.227137971,5,0,0
2025-09-27 19:23:54,983.337223,983,383910.48,1.219845176,5,0,0
2025-09-27 19:23:54,983.337223,983,383938.14,1.227137971,5,0,0
2025-09-27 19:23:55,983.956832,983,383910.48,1.219845176,5,0,0
2025-09-27 19:23:55,983.956832,983,383910.48,1.219845176,5,0,0
2025-09-27 19:23:56,985.142675,985,383910.48,1.219845176,5,0,0
2025-09-27 19:23:56,985.142675,985,383910.48,1.219845176,5,0,0
2025-09-27 19:23:57,986.299161,986,383910.48,1.219845176,5,0,0
2025-09-27 19:23:57,986.299161,986,383910.48,1.219845176,5,0,0
2025-09-27 19:23:58,987.082675,987,383910.48,1.219845176,5,0,0
2025-09-27 19:23:58,987.0914,987,383910.48,1.219845176,5,0,0
2025-09-27 19:23:58,987.694274,987,383910.48,1.219845176,5,0,0
2025-09-27 19:23:58,987.694274,987,383910.48,1.219845176,5,0,0
2025-09-27 19:23:59,988.692565,988,383910.48,1.219845176,5,0,0
2025-09-27 19:23:59,988.692565,988,383910.48,1.219845176,5,0,0
2025-09-27 19:24:00,989.135441,989,383910.48,1.219845176,5,0,0
2025-09-27 19:24:00,989.135441,989,383910.48,1.219845176,5,0,0
2025-09-27 19:24:01,990.104594,990,383910.48,1.219845176,5,0,0
2025-09-27 19:24:01,990.104594,990,383910.48,1.219845176,5,0,0
2025-09-27 19:24:02,991.117581,991,383910.48,1.219845176,5,0,0
2025-09-27 19:24:02,991.117581,991,383910.48,1.219845176,5,0,0
2025-09-27 19:24:02,991.722146,991,383910.48,1.219845176,5,0,0
2025-09-27 19:24:02,991.722146,991,383910.48,1.219845176,5,0,0
2025-09-27 19:24:03,992.29182,992,383910.48,1.219845176,5,0,0
2025-09-27 19:24:03,992.29182,992,383910.48,1.219845176,5,0,0
2025-09-27 19:24:04,993.003344,993,383910.48,1.219845176,5,0,0
2025-09-27 19:24:04,993.003344,993,383910.48,1.219845176,5,0,0
2025-09-27 19:24:04,993.734198,993,383910.48,1.219845176,5,0,0
2025-09-27 19:24:04,993.734198,993,383910.48,1.219845176,5,0,0
2025-09-27 19:24:05,994.272849,994,383910.48,1.219845176,5,0,0
2025-09-27 19:24:05,994.272849,994,383910.48,1.219845176,5,0,0
2025-09-27 19:24:06,995.003784,995,383910.48,1.219845176,5,0,0
2025-09-27 19:24:06,995.003784,995,383910.48,1.219845176,5,0,0
2025-09-27 19:24:07,995.874748,995,383910.48,1.219845176,5,0,0
2025-09-27 19:24:07,995.874748,995,383910.48,1.219845176,5,0,0
2025-09-27 19:24:08,997.093489,997,383910.48,1.219845176,5,0,0
2025-09-27 19:24:08,997.093489,997,383910.48,1.219845176,5,0,0
2025-09-27 19:24:08,997.616556,997,383910.48,1.219845176,5,0,0
2025-09-27 19:24:08,997.616556,997,383910.48,1.219845176,5,0,0
2025-09-27 19:24:09,998.472725,998,383910.48,1.219845176,5,0,0
2025-09-27 19:24:09,998.472725,998,383910.48,1.219845176,5,0,0
2025-09-27 19:24:10,999.582762,999,383910.48,1.219845176,5,0,0
2025-09-27 19:24:10,999.582762,999,383910.48,1.219845176,5,0,0
2025-09-27 19:24:11,1000.595229,1000,383910.48,1.219845176,5,0,0
2025-09-27 19:24:11,1000.595229,1000,383910.48,1.219845176,5,0,0
2025-09-27 19:24:12,1001.530918,1001,383910.48,1.219845176,5,0,0
2025-09-27 19:24:12,1001.530918,1001,383910.48,1.219845176,5,0,0
2025-09-27 19:24:14,1003.034529,1003,383910.48,1.219845176,5,0,0
2025-09-27 19:24:14,1003.034529,1003,383910.48,1.219845176,5,0,0
2025-09-27 19:24:16,1005.268202,1005,383910.48,1.219845176,5,0,0
2025-09-27 19:24:16,1005.268202,1005,383910.48,1.219845176,5,0,0
2025-09-27 19:24:18,1007.508199,1007,383910.48,1.219845176,5,0,0
2025-09-27 19:24:18,1007.508199,1007,383910.48,1.219845176,5,0,0
2025-09-27 19:24:19,1008.378651,1008,383910.48,1.219845176,5,0,0
2025-09-27 19:24:19,1008.378651,1008,383910.48,1.219845176,5,0,0
2025-09-27 19:24:20,1009.250064,1009,383910.48,1.219845176,5,0,0
2025-09-27 19:24:20,1009.250064,1009,383910.48,1.219845176,5,0,0
2025-09-27 19:24:21,1010.042586,1010,383910.48,1.219845176,5,0,0
2025-09-27 19:24:21,1010.042586,1010,383910.48,1.219845176,5,0,0
2025-09-27 19:24:21,1010.741003,1010,383910.48,1.219845176,5,0,0
2025-09-27 19:24:21,1010.741003,1010,383910.48,1.219845176,5,0,0
2025-09-27 19:24:22,1011.422672,1011,383910.48,1.219845176,5,0,0
2025-09-27 19:24:22,1011.422672,1011,383910.48,1.219845176,5,0,0
2025-09-27 19:24:23,1012.263416,1012,383910.48,1.219845176,5,0,0
2025-09-27 19:24:23,1012.263416,1012,383910.48,1.219845176,5,0,0
2025-09-27 19:24:26,1015.375113,1015,383910.48,1.219845176,5,0,0
2025-09-27 19:24:26,1015.375113,1015,383910.48,1.219845176,5,0,0
2025-09-27 19:24:27,1016.01047,1016,383910.48,1.219845176,5,0,0
2025-09-27 19:24:27,1016.01047,1016,383910.48,1.219845176,5,0,0
2025-09-27 19:24:27,1016.660234,1016,383910.48,1.219845176,5,0,0
2025-09-27 19:24:27,1016.660234,1016,383910.48,1.219845176,5,0,0
2025-09-27 19:24:28,1017.345349,1017,383910.48,1.219845176,5,0,0
2025-09-27 19:24:28,1017.345349,1017,383910.48,1.219845176,5,0,0
2025-09-27 19:24:29,1018.247706,1018,383910.48,1.219845176,5,0,0
2025-09-27 19:24:29,1018.247706,1018,383910.48,1.219845176,5,0,0
2025-09-27 19:24:30,1018.996542,1018,383910.48,1.219845176,5,0,0
2025-09-27 19:24:30,1018.997645,1018,383910.48,1.219845176,5,0,0
2025-09-27 19:24:30,1019.645302,1019,383910.48,1.219845176,5,0,0
2025-09-27 19:24:30,1019.645302,1019,383910.48,1.219845176,5,0,0
2025-09-27 19:24:31,1020.645013,1020,383910.48,1.219845176,5,0,0
2025-09-27 19:24:31,1020.645013,1020,383910.48,1.219845176,5,0,0
2025-09-27 19:24:33,1022.614862,1022,383910.48,1.219845176,5,0,0
2025-09-27 19:24:33,1022.614862,1022,383910.48,1.219845176,5,0,0
2025-09-27 19:24:34,1023.582382,1023,383910.48,1.219845176,5,0,0
2025-09-27 19:24:34,1023.582382,1023,383910.48,1.219845176,5,0,0
2025-09-27 19:24:35,1024.280352,1024,383910.48,1.219845176,5,0,0
2025-09-27 19:24:35,1024.280352,1024,383910.48,1.219845176,5,0,0
2025-09-27 19:24:36,1024.868874,1024,383910.48,1.219845176,5,0,0
2025-09-27 19:24:36,1024.885039,1024,383910.48,1.219845176,5,0,0
2025-09-27 19:24:37,1026.107779,1026,383910.48,1.219845176,5,0,0
2025-09-27 19:24:37,1026.107779,1026,383910.48,1.219845176,5,0,0
2025-09-27 19:24:38,1026.884719,1026,383910.48,1.219845176,5,0,0
2025-09-27 19:24:38,1026.884719,1026,383910.48,1.219845176,5,0,0
2025-09-27 19:24:39,1027.902438,1027,383910.48,1.219845176,5,0,0
2025-09-27 19:24:39,1027.902438,1027,383910.48,1.219845176,5,0,0
2025-09-27 19:24:40,1028.871038,1028,383910.48,1.219845176,5,0,0
2025-09-27 19:24:40,1028.871038,1028,383910.48,1.219845176,5,0,0
2025-09-27 19:24:40,1029.711512,1029,383910.48,1.219845176,5,0,0
2025-09-27 19:24:40,1029.711512,1029,383910.48,1.219845176,5,0,0
2025-09-27 19:24:41,1030.536372,1030,383910.48,1.219845176,5,0,0
2025-09-27 19:24:41,1030.536372,1030,383910.48,1.219845176,5,0,0
2025-09-27 19:24:42,1031.696942,1031,383808.3,1.192906182,5,0,0
2025-09-27 19:24:42,1031.696942,1031,383910.48,1.219845176,5,0,0
2025-09-27 19:24:44,1033.15401,1033,383808.3,1.192906182,5,0,0
2025-09-27 19:24:44,1033.15401,1033,383910.48,1.219845176,5,0,0
2025-09-27 19:24:45,1033.96332,1033,383808.3,1.192906182,5,0,0
2025-09-27 19:24:45,1033.96332,1033,383809.41,1.193198256,5,0,0
2025-09-27 19:24:45,1034.740229,1034,383808.3,1.192906182,5,0,0
2025-09-27 19:24:45,1034.740229,1034,383809.41,1.193198256,5,0,0
2025-09-27 19:24:46,1035.329689,1035,383808.3,1.192906182,5,0,0
2025-09-27 19:24:46,1035.329689,1035,383809.41,1.193198256,5,0,0
2025-09-27 19:24:47,1036.49081,1036,383808.3,1.192906182,5,0,0
2025-09-27 19:24:47,1036.49081,1036,383809.41,1.193198256,5,0,0
2025-09-27 19:24:48,1037.102507,1037,383808.3,1.192906182,5,0,0
2025-09-27 19:24:48,1037.102507,1037,383809.41,1.193198256,5,0,0
2025-09-27 19:24:49,1037.998849,1037,383808.3,1.192906182,5,0,0
2025-09-27 19:24:49,1037.998849,1037,383808.3,1.192906182,5,0,0
2025-09-27 19:24:49,1038.648754,1038,383808.3,1.192906182,5,0,0
2025-09-27 19:24:49,1038.648754,1038,383808.3,1.192906182,5,0,0
2025-09-27 19:24:50,1039.681857,1039,383808.3,1.192906182,5,0,0
2025-09-27 19:24:50,1039.681857,1039,383808.3,1.192906182,5,0,0
2025-09-27 19:24:51,1040.535696,1040,383808.3,1.192906182,5,0,0
2025-09-27 19:24:51,1040.535696,1040,383808.3,1.192906182,5,0,0
2025-09-27 19:24:52,1041.13397,1041,383808.3,1.192906182,5,0,0
2025-09-27 19:24:52,1041.13397,1041,383808.3,1.192906182,5,0,0
2025-09-27 19:24:53,1042.170555,1042,383754.8,1.17880146,5,0,0
2025-09-27 19:24:53,1042.170555,1042,383808.3,1.192906182,5,0,0
2025-09-27 19:24:54,1042.837791,1042,383754.8,1.17880146,5,0,0
2025-09-27 19:24:54,1042.837791,1042,383762.18,1.180745687,5,0,0
2025-09-27 19:24:54,1043.676586,1043,383754.8,1.17880146,5,0,0
2025-09-27 19:24:54,1043.676586,1043,383762.18,1.180745687,5,0,0
2025-09-27 19:24:56,1045.057084,1045,383754.8,1.17880146,5,0,0
2025-09-27 19:24:56,1045.057084,1045,383762.18,1.180745687,5,0,0
2025-09-27 19:24:56,1045.723635,1045,383754.8,1.17880146,5,0,0
2025-09-27 19:24:56,1045.723635,1045,383762.18,1.180745687,5,0,0
2025-09-27 19:24:57,1046.566227,1046,383754.8,1.17880146,5,0,0
2025-09-27 19:24:57,1046.566227,1046,383762.18,1.180745687,5,0,0
2025-09-27 19:24:58,1047.357658,1047,383754.8,1.17880146,5,0,0
2025-09-27 19:24:58,1047.357658,1047,383762.18,1.180745687,5,0,0
2025-09-27 19:25:01,1050.325285,1050,383754.8,1.17880146,5,0,0
2025-09-27 19:25:01,1050.325285,1050,383762.18,1.180745687,5,0,0
2025-09-27 19:25:02,1051.228564,1051,383754.8,1.17880146,5,0,0
2025-09-27 19:25:02,1051.228564,1051,383762.18,1.180745687,5,0,0
2025-09-27 19:25:02,1051.721003,1051,383754.8,1.17880146,5,0,0
2025-09-27 19:25:02,1051.721003,1051,383754.8,1.17880146,5,0,0
2025-09-27 19:25:03,1052.402966,1052,383754.8,1.17880146,5,0,0
2025-09-27 19:25:03,1052.402966,1052,383754.8,1.17880146,5,0,0
2025-09-27 19:25:05,1054.174834,1054,383754.8,1.17880146,5,0,0
2025-09-27 19:25:05,1054.174834,1054,383754.8,1.17880146,5,0,0
2025-09-27 19:25:06,1055.428019,1055,383634.83,1.147168934,5,0,0
2025-09-27 19:25:06,1055.428019,1055,383754.8,1.17880146,5,0,0
2025-09-27 19:25:07,1055.953013,1055,383634.83,1.147168934,5,0,0
2025-09-27 19:25:07,1055.969115,1055,383648.32,1.150727036,5,0,0
2025-09-27 19:25:07,1056.746619,1056,383634.83,1.147168934,5,0,0
2025-09-27 19:25:07,1056.746619,1056,383648.32,1.150727036,5,0,0
2025-09-27 19:25:09,1058.507441,1058,383634.83,1.147168934,5,0,0
2025-09-27 19:25:09,1058.507441,1058,383648.32,1.150727036,5,0,0
2025-09-27 19:25:10,1059.266525,1059,383634.83,1.147168934,5,0,0
2025-09-27 19:25:10,1059.266525,1059,383648.32,1.150727036,5,0,0
2025-09-27 19:25:11,1060.009579,1060,383634.83,1.147168934,5,0,0
2025-09-27 19:25:11,1060.009579,1060,383648.32,1.150727036,5,0,0
2025-09-27 19:25:12,1060.835054,1060,383634.83,1.147168934,5,0,0
2025-09-27 19:25:12,1060.835054,1060,383648.32,1.150727036,5,0,0
2025-09-27 19:25:13,1062.118662,1062,383634.83,1.147168934,5,0,0
2025-09-27 19:25:13,1062.118662,1062,383648.32,1.150727036,5,0,0
2025-09-27 19:25:15,1063.845004,1063,383634.83,1.147168934,5,0,0
2025-09-27 19:25:15,1063.845004,1063,383648.32,1.150727036,5,0,0
2025-09-27 19:25:16,1065.335795,1065,383634.83,1.147168934,5,0,0
2025-09-27 19:25:16,1065.335795,1065,383648.32,1.150727036,5,0,0
2025-09-27 19:25:18,1067.505353,1067,383624.25,1.144381584,5,0,0
2025-09-27 19:25:18,1067.505353,1067,383634.83,1.147168934,5,0,0
2025-09-27 19:25:19,1068.409093,1068,383624.25,1.144381584,5,0,0
2025-09-27 19:25:19,1068.409093,1068,383634.83,1.147168934,5,0,0
2025-09-27 19:25:20,1069.264033,1069,383624.25,1.144381584,5,0,0
2025-09-27 19:25:20,1069.279862,1069,383634.83,1.147168934,5,0,0
2025-09-27 19:25:21,1069.868062,1069,383624.25,1.144381584,5,0,0
2025-09-27 19:25:21,1069.868062,1069,383634.83,1.147168934,5,0,0
2025-09-27 19:25:22,1071.232563,1071,383624.25,1.144381584,5,0,0
2025-09-27 19:25:22,1071.232563,1071,383634.83,1.147168934,5,0,0
2025-09-27 19:25:22,1071.629191,1071,383624.25,1.144381584,5,0,0
2025-09-27 19:25:22,1071.629191,1071,383631.67,1.146336979,5,0,0
2025-09-27 19:25:23,1072.262705,1072,383624.25,1.144381584,5,0,0
2025-09-27 19:25:23,1072.262705,1072,383624.25,1.144381584,5,0,0
2025-09-27 19:25:24,1072.945447,1072,383624.25,1.144381584,5,0,0
2025-09-27 19:25:24,1072.945447,1072,383624.25,1.144381584,5,0,0
2025-09-27 19:25:24,1073.596213,1073,383624.25,1.144381584,5,0,0
2025-09-27 19:25:24,1073.596213,1073,383624.25,1.144381584,5,0,0
2025-09-27 19:25:27,1075.973655,1075,383624.25,1.144381584,5,0,0
2025-09-27 19:25:27,1075.973655,1075,383624.25,1.144381584,5,0,0
2025-09-27 19:25:28,1076.846015,1076,383624.25,1.144381584,5,0,0
2025-09-27 19:25:28,1076.846015,1076,383624.25,1.144381584,5,0,0
2025-09-27 19:25:29,1077.954425,1077,383624.25,1.144381584,5,0,0
2025-09-27 19:25:29,1077.954425,1077,383624.25,1.144381584,5,0,0
2025-09-27 19:25:30,1078.825805,1078,383624.25,1.144381584,5,0,0
2025-09-27 19:25:30,1078.825805,1078,383624.25,1.144381584,5,0,0
2025-09-27 19:25:31,1079.791609,1079,383624.25,1.144381584,5,0,0
2025-09-27 19:25:31,1079.791609,1079,383624.25,1.144381584,5,0,0
2025-09-27 19:25:32,1080.935349,1080,383406.6,1.086997182,5,0,0
2025-09-27 19:25:32,1080.935349,1080,383624.25,1.144381584,5,0,0
2025-09-27 19:25:33,1081.777027,1081,383406.6,1.086997182,5,0,0
2025-09-27 19:25:33,1081.777027,1081,383406.6,1.086997182,5,0,0
2025-09-27 19:25:33,1082.696037,1082,383406.6,1.086997182,5,0,0
2025-09-27 19:25:33,1082.696037,1082,383406.6,1.086997182,5,0,0
2025-09-27 19:25:34,1083.234551,1083,383406.6,1.086997182,5,0,0
2025-09-27 19:25:34,1083.234551,1083,383406.6,1.086997182,5,0,0
2025-09-27 19:25:35,1084.388333,1084,383406.6,1.086997182,5,0,0
2025-09-27 19:25:35,1084.388333,1084,383406.6,1.086997182,5,0,0
2025-09-27 19:25:36,1085.512635,1085,383310.37,1.061623728,5,0,0
2025-09-27 19:25:36,1085.512635,1085,383406.6,1.086997182,5,0,0
2025-09-27 19:25:37,1086.273024,1086,383310.37,1.061623728,5,0,0
2025-09-27 19:25:37,1086.273024,1086,383406.6,1.086997182,5,0,0
2025-09-27 19:25:38,1086.987028,1086,383310.37,1.061623728,5,0,0
2025-09-27 19:25:38,1086.987028,1086,383347.75,1.071479636,5,0,0
2025-09-27 19:25:38,1087.714791,1087,383310.37,1.061623728,5,0,0
2025-09-27 19:25:38,1087.714791,1087,383347.75,1.071479636,5,0,0
2025-09-27 19:25:39,1088.175915,1088,383310.37,1.061623728,5,0,0
2025-09-27 19:25:39,1088.175915,1088,383310.37,1.061623728,5,0,0
2025-09-27 19:25:40,1088.954981,1088,383235.62,1.041917013,5,0,0
2025-09-27 19:25:40,1088.954981,1088,383310.37,1.061623728,5,0,0
2025-09-27 19:25:41,1089.82649,1089,383099.18,1.005944609,5,0,0
2025-09-27 19:25:41,1089.842209,1089,383235.62,1.041917013,5,0,0
2025-09-27 19:25:42,1091.590166,1091,383099.18,1.005944609,5,0,0
2025-09-27 19:25:42,1091.590166,1091,383235.62,1.041917013,5,0,0
2025-09-27 19:25:43,1092.633793,1092,382495.62,0.846811832,5,0,0
2025-09-27 19:25:43,1092.633793,1092,383099.18,1.005944609,5,0,0
2025-09-27 19:25:44,1093.392834,1093,382495.62,0.846811832,5,0,0
2025-09-27 19:25:44,1093.392834,1093,382495.62,0.846811832,5,0,0
2025-09-27 19:25:46,1095.138833,1095,382495.62,0.846811832,5,0,0
2025-09-27 19:25:46,1095.140841,1095,382495.62,0.846811832,5,0,0
2025-09-27 19:25:46,1095.690617,1095,382495.62,0.846811832,5,0,0
2025-09-27 19:25:46,1095.690617,1095,382495.62,0.846811832,5,0,0
2025-09-27 19:25:47,1096.4044,1096,382495.62,0.846811832,5,0,0
2025-09-27 19:25:47,1096.4044,1096,382495.62,0.846811832,5,0,0
2025-09-27 19:25:48,1097.51381,1097,382495.62,0.846811832,5,0,0
2025-09-27 19:25:48,1097.51381,1097,382495.62,0.846811832,5,0,0
2025-09-27 19:25:49,1098.417691,1098,382495.62,0.846811832,5,0,0
2025-09-27 19:25:49,1098.417691,1098,382495.62,0.846811832,5,0,0
2025-09-27 19:25:50,1099.399147,1099,382495.62,0.846811832,5,0,0
2025-09-27 19:25:50,1099.399147,1099,382495.62,0.846811832,5,0,0
2025-09-27 19:25:51,1099.985923,1099,382495.62,0.846811832,5,0,0
2025-09-27 19:25:51,1099.985923,1099,382495.62,0.846811832,5,0,0
2025-09-27 19:25:51,1100.680001,1100,382495.62,0.846811832,5,0,0
2025-09-27 19:25:51,1100.680001,1100,382495.62,0.846811832,5,0,0
2025-09-27 19:25:53,1101.793737,1101,382495.62,0.846811832,5,0,0
2025-09-27 19:25:53,1101.793737,1101,382495.62,0.846811832,5,0,0
2025-09-27 19:25:54,1102.759663,1102,382495.62,0.846811832,5,0,0
2025-09-27 19:25:54,1102.759663,1102,382495.62,0.846811832,5,0,0
2025-09-27 19:25:54,1103.678973,1103,382495.62,0.846811832,5,0,0
2025-09-27 19:25:54,1103.678973,1103,382495.62,0.846811832,5,0,0
2025-09-27 19:25:55,1104.235277,1104,382495.62,0.846811832,5,0,0
2025-09-27 19:25:55,1104.235277,1104,382495.62,0.846811832,5,0,0
2025-09-27 19:25:56,1104.838592,1104,382495.62,0.846811832,5,0,0
2025-09-27 19:25:56,1104.838592,1104,382495.62,0.846811832,5,0,0
2025-09-27 19:25:56,1105.633765,1105,382495.62,0.846811832,5,0,0
2025-09-27 19:25:56,1105.633765,1105,382495.62,0.846811832,5,0,0
2025-09-27 19:25:59,1107.791196,1107,382495.62,0.846811832,5,0,0
2025-09-27 19:25:59,1107.791196,1107,382495.62,0.846811832,5,0,0
2025-09-27 19:25:59,1108.504004,1108,382309.54,0.7977508866,5,0,0
2025-09-27 19:25:59,1108.504004,1108,382495.62,0.846811832,5,0,0
2025-09-27 19:26:01,1110.060513,1110,382309.54,0.7977508866,5,0,0
2025-09-27 19:26:01,1110.060513,1110,382495.62,0.846811832,5,0,0
2025-09-27 19:26:03,1111.944531,1111,382309.54,0.7977508866,5,0,0
2025-09-27 19:26:03,1111.944531,1111,382495.62,0.846811832,5,0,0
2025-09-27 19:26:03,1112.707306,1112,382309.54,0.7977508866,5,0,0
2025-09-27 19:26:03,1112.707306,1112,382495.62,0.846811832,5,0,0
2025-09-27 19:26:04,1113.358618,1113,382309.54,0.7977508866,5,0,0
2025-09-27 19:26:04,1113.358618,1113,382495.62,0.846811832,5,0,0
2025-09-27 19:26:05,1114.167955,1114,382309.54,0.7977508866,5,0,0
2025-09-27 19:26:05,1114.167955,1114,382495.62,0.846811832,5,0,0
2025-09-27 19:26:06,1115.324762,1115,382309.54,0.7977508866,5,0,0
2025-09-27 19:26:06,1115.324762,1115,382309.54,0.7977508866,5,0,0
2025-09-27 19:26:08,1117.272742,1117,382157.69,0.7577157901,5,0,0
2025-09-27 19:26:08,1117.272742,1117,382309.54,0.7977508866,5,0,0
2025-09-27 19:26:09,1118.382272,1118,382157.69,0.7577157901,5,0,0
2025-09-27 19:26:09,1118.382272,1118,382309.54,0.7977508866,5,0,0
2025-09-27 19:26:10,1119.396785,1119,382157.69,0.7577157901,5,0,0
2025-09-27 19:26:10,1119.396785,1119,382309.54,0.7977508866,5,0,0
2025-09-27 19:26:12,1121.138507,1121,382157.69,0.7577157901,5,0,0
2025-09-27 19:26:12,1121.138507,1121,382309.54,0.7977508866,5,0,0
2025-09-27 19:26:13,1122.027224,1122,382157.69,0.7577157901,5,0,0
2025-09-27 19:26:13,1122.027224,1122,382309.54,0.7977508866,5,0,0
2025-09-27 19:26:14,1123.043479,1123,382157.69,0.7577157901,5,0,0
2025-09-27 19:26:14,1123.043479,1123,382286.28,0.7916188463,5,0,0
2025-09-27 19:26:15,1124.59641,1124,382157.69,0.7577157901,5,0,0
2025-09-27 19:26:15,1124.59641,1124,382286.28,0.7916188463,5,0,0
2025-09-27 19:26:17,1125.928444,1125,382157.69,0.7577157901,5,0,0
2025-09-27 19:26:17,1125.928444,1125,382286.28,0.7916188463,5,0,0
2025-09-27 19:26:20,1128.903269,1128,382157.69,0.7577157901,5,0,0
2025-09-27 19:26:20,1128.903269,1128,382157.69,0.7577157901,5,0,0
2025-09-27 19:26:22,1130.866365,1130,382157.69,0.7577157901,5,0,0
2025-09-27 19:26:22,1130.866365,1130,382157.69,0.7577157901,5,0,0
2025-09-27 19:26:22,1131.486885,1131,382157.69,0.7577157901,5,0,0
2025-09-27 19:26:22,1131.486885,1131,382157.69,0.7577157901,5,0,0
2025-09-27 19:26:23,1132.454613,1132,382157.69,0.7577157901,5,0,0
2025-09-27 19:26:23,1132.454613,1132,382157.69,0.7577157901,5,0,0
2025-09-27 19:26:24,1133.645458,1133,382157.69,0.7577157901,5,0,0
2025-09-27 19:26:24,1133.645458,1133,382157.69,0.7577157901,5,0,0
2025-09-27 19:26:26,1134.847547,1134,382157.69,0.7577157901,5,0,0
2025-09-27 19:26:26,1134.847547,1134,382157.69,0.7577157901,5,0,0
2025-09-27 19:26:27,1136.480412,1136,382157.69,0.7577157901,5,0,0
2025-09-27 19:26:27,1136.480412,1136,382157.69,0.7577157901,5,0,0
2025-09-27 19:26:28,1137.460648,1137,382157.69,0.7577157901,5,0,0
2025-09-27 19:26:28,1137.460648,1137,382157.69,0.7577157901,5,0,0
2025-09-27 19:26:29,1138.096364,1138,382125.55,0.7492410228,5,0,0
2025-09-27 19:26:29,1138.096364,1138,382157.69,0.7577157901,5,0,0
2025-09-27 19:26:30,1139.081612,1139,382125.55,0.7492410228,5,0,0
2025-09-27 19:26:30,1139.081612,1139,382157.69,0.7577157901,5,0,0
2025-09-27 19:26:31,1139.872637,1139,382125.55,0.7492410228,5,0,0
2025-09-27 19:26:31,1139.872637,1139,382125.55,0.7492410228,5,0,0
2025-09-27 19:26:31,1140.333827,1140,382125.55,0.7492410228,5,0,0
2025-09-27 19:26:31,1140.333827,1140,382125.55,0.7492410228,5,0,0
2025-09-27 19:26:31,1140.750259,1140,382125.55,0.7492410228,5,0,0
2025-09-27 19:26:31,1140.750259,1140,382125.55,0.7492410228,5,0,0
2025-09-27 19:26:32,1141.574111,1141,382125.55,0.7492410228,5,0,0
2025-09-27 19:26:32,1141.574111,1141,382125.55,0.7492410228,5,0,0
2025-09-27 19:26:33,1142.303418,1142,382125.55,0.7492410228,5,0,0
2025-09-27 19:26:33,1142.303418,1142,382125.55,0.7492410228,5,0,0
2025-09-27 19:26:34,1143.080687,1143,382125.55,0.7492410228,5,0,0
2025-09-27 19:26:34,1143.080687,1143,382125.55,0.7492410228,5,0,0
2025-09-27 19:26:35,1143.936071,1143,382125.55,0.7492410228,5,0,0
2025-09-27 19:26:35,1143.936071,1143,382125.55,0.7492410228,5,0,0
2025-09-27 19:26:36,1144.903612,1144,382125.55,0.7492410228,5,0,0
2025-09-27 19:26:36,1144.903612,1144,382125.55,0.7492410228,5,0,0
2025-09-27 19:26:36,1145.537344,1145,382125.55,0.7492410228,5,0,0
2025-09-27 19:26:36,1145.537344,1145,382125.55,0.7492410228,5,0,0
2025-09-27 19:26:37,1146.658031,1146,382125.55,0.7492410228,5,0,0
2025-09-27 19:26:37,1146.673848,1146,382125.55,0.7492410228,5,0,0
2025-09-27 19:26:39,1148.083378,1148,382125.55,0.7492410228,5,0,0
2025-09-27 19:26:39,1148.083378,1148,382125.55,0.7492410228,5,0,0
2025-09-27 19:26:39,1148.638484,1148,382125.55,0.7492410228,5,0,0
2025-09-27 19:26:39,1148.638484,1148,382125.55,0.7492410228,5,0,0
2025-09-27 19:26:40,1149.290781,1149,382125.55,0.7492410228,5,0,0
2025-09-27 19:26:40,1149.290781,1149,382125.55,0.7492410228,5,0,0
2025-09-27 19:26:41,1150.116747,1150,382125.55,0.7492410228,5,0,0
2025-09-27 19:26:41,1150.116747,1150,382125.55,0.7492410228,5,0,0
2025-09-27 19:26:42,1151.477674,1151,382125.55,0.7492410228,5,0,0
2025-09-27 19:26:42,1151.477674,1151,382125.55,0.7492410228,5,0,0
2025-09-27 19:26:43,1152.381306,1152,382125.55,0.7492410228,5,0,0
2025-09-27 19:26:43,1152.381306,1152,382125.55,0.7492410228,5,0,0
2025-09-27 19:26:44,1153.741873,1153,382125.55,0.7492410228,5,0,0
2025-09-27 19:26:44,1153.741873,1153,382125.55,0.7492410228,5,0,0
2025-09-27 19:26:45,1154.394011,1154,382125.55,0.7492410228,5,0,0
2025-09-27 19:26:45,1154.394011,1154,382125.55,0.7492410228,5,0,0
2025-09-27 19:26:46,1155.409386,1155,382125.55,0.7492410228,5,0,0
2025-09-27 19:26:46,1155.409386,1155,382125.55,0.7492410228,5,0,0
2025-09-27 19:26:47,1155.869573,1155,382125.55,0.7492410228,5,0,0
2025-09-27 19:26:47,1155.869573,1155,382125.55,0.7492410228,5,0,0
2025-09-27 19:26:47,1156.537542,1156,382125.55,0.7492410228,5,0,0
2025-09-27 19:26:47,1156.537542,1156,382125.55,0.7492410228,5,0,0
2025-09-27 19:26:49,1158.07429,1158,382125.55,0.7492410228,5,0,0
2025-09-27 19:26:49,1158.07429,1158,382125.55,0.7492410228,5,0,0
2025-09-27 19:26:50,1159.119645,1159,382125.55,0.7492410228,5,0,0
2025-09-27 19:26:50,1159.119645,1159,382125.55,0.7492410228,5,0,0
2025-09-27 19:26:51,1160.417505,1160,382125.55,0.7492410228,5,0,0
2025-09-27 19:26:51,1160.417505,1160,382125.55,0.7492410228,5,0,0
2025-09-27 19:26:52,1161.277164,1161,382125.55,0.7492410228,5,0,0
2025-09-27 19:26:52,1161.277164,1161,382125.55,0.7492410228,5,0,0
2025-09-27 19:26:54,1163.510054,1163,382125.55,0.7492410228,5,0,0
2025-09-27 19:26:54,1163.510054,1163,382125.55,0.7492410228,5,0,0
2025-09-27 19:26:55,1164.319884,1164,382125.55,0.7492410228,5,0,0
2025-09-27 19:26:55,1164.319884,1164,382125.55,0.7492410228,5,0,0
2025-09-27 19:26:56,1165.351104,1165,382125.55,0.7492410228,5,0,0
2025-09-27 19:26:56,1165.351104,1165,382125.55,0.7492410228,5,0,0
2025-09-27 19:26:57,1166.414619,1166,382125.55,0.7492410228,5,0,0
2025-09-27 19:26:57,1166.414619,1166,382125.55,0.7492410228,5,0,0
2025-09-27 19:26:58,1167.364181,1167,382125.55,0.7492410228,5,0,0
2025-09-27 19:26:58,1167.364181,1167,382125.55,0.7492410228,5,0,0
2025-09-27 19:26:59,1168.030805,1168,382125.55,0.7492410228,5,0,0
2025-09-27 19:26:59,1168.030805,1168,382125.55,0.7492410228,5,0,0
2025-09-27 19:27:00,1168.871322,1168,382125.55,0.7492410228,5,0,0
2025-09-27 19:27:00,1168.871322,1168,382125.55,0.7492410228,5,0,0
2025-09-27 19:27:02,1170.995188,1170,382125.55,0.7492410228,5,0,0
2025-09-27 19:27:02,1170.995188,1170,382125.55,0.7492410228,5,0,0
2025-09-27 19:27:03,1171.897016,1171,382125.55,0.7492410228,5,0,0
2025-09-27 19:27:03,1171.897016,1171,382125.55,0.7492410228,5,0,0
2025-09-27 19:27:05,1174.349566,1174,382125.55,0.7492410228,5,0,0
2025-09-27 19:27:05,1174.349566,1174,382125.55,0.7492410228,5,0,0
2025-09-27 19:31:05,240.065165,240,420103.17,10.76222356,6,0,0
2025-09-27 19:31:05,240.065165,240,444002.11,17.06329434,6,0,0
2025-09-27 19:35:01,475.701325,475,413317.8,8.973227191,6,0,0
2025-09-27 19:35:01,475.701325,475,420103.17,10.76222356,6,0,0
2025-09-27 19:36:40,574.513108,574,413317.8,8.973227191,6,0,0
2025-09-27 19:36:40,574.513108,574,413317.8,8.973227191,6,0,0
2025-09-27 19:36:41,576.092895,576,412883.14,8.858626895,6,0,0
2025-09-27 19:36:41,576.092895,576,413317.8,8.973227191,6,0,0
2025-09-27 19:36:42,576.774447,576,412855.88,8.851440642,6,0,0
2025-09-27 19:36:42,576.774447,576,412883.14,8.858626895,6,0,0
2025-09-27 19:36:44,578.560415,578,409958.91,8.087640074,6,0,0
2025-09-27 19:36:44,578.560415,578,412855.88,8.851440642,6,0,0
2025-09-27 19:36:47,581.921592,581,405187.96,6.829756374,6,0,0
2025-09-27 19:36:47,581.921592,581,409958.91,8.087640074,6,0,0
2025-09-27 19:36:48,583.043395,583,405187.96,6.829756374,6,0,0
2025-09-27 19:36:48,583.047495,583,406010.88,7.046724067,6,0,0
2025-09-27 19:36:50,584.399667,584,405187.96,6.829756374,6,0,0
2025-09-27 19:36:50,584.399667,584,405663.79,6.955212303,6,0,0
2025-09-27 19:36:50,585.186713,585,405187.96,6.829756374,6,0,0
2025-09-27 19:36:50,585.186713,585,405337.56,6.869198737,6,0,0
2025-09-27 19:36:51,586.244434,586,404653.01,6.688713113,6,0,0
2025-09-27 19:36:51,586.244434,586,405038.34,6.790308117,6,0,0
2025-09-27 19:36:53,587.604789,587,404653.01,6.688713113,6,0,0
2025-09-27 19:36:53,587.604789,587,404809.13,6.729876594,6,0,0
2025-09-27 19:36:54,588.602744,588,403667.32,6.428833324,6,0,0
2025-09-27 19:36:54,588.602744,588,404653.01,6.688713113,6,0,0
2025-09-27 19:36:55,589.396743,589,403667.32,6.428833324,6,0,0
2025-09-27 19:36:55,589.396743,589,403744.18,6.449097677,6,0,0
2025-09-27 19:37:05,600.075943,600,401195.6,5.77715046,6,0,0
2025-09-27 19:37:05,600.075943,600,403667.32,6.428833324,6,0,0
2025-09-27 19:37:06,601.091901,601,401195.6,5.77715046,6,0,0
2025-09-27 19:37:06,601.091901,601,401428.58,5.838579175,6,0,0
2025-09-27 19:37:08,602.693861,602,399988.72,5.458952139,6,0,0
2025-09-27 19:37:08,602.693861,602,401195.6,5.77715046,6,0,0
2025-09-27 19:37:09,603.823675,603,399399.75,5.303666572,6,0,0
2025-09-27 19:37:09,603.823675,603,399988.72,5.458952139,6,0,0
2025-09-27 19:37:11,605.757282,605,399399.75,5.303666572,6,0,0
2025-09-27 19:37:11,605.757282,605,399955.71,5.450248963,6,0,0
2025-09-27 19:37:16,611.225951,611,399399.75,5.303666572,6,0,0
2025-09-27 19:37:16,611.225951,611,399415.89,5.307922667,6,0,0
2025-09-27 19:37:18,613.335897,613,398955.91,5.18664649,6,0,0
2025-09-27 19:37:18,613.335897,613,399399.75,5.303666572,6,0,0
2025-09-27 19:37:20,614.397299,614,398477.95,5.060630831,6,0,0
2025-09-27 19:37:20,614.397299,614,398955.91,5.18664649,6,0,0
2025-09-27 19:37:21,615.521133,615,398153.06,4.974970319,6,0,0
2025-09-27 19:37:21,615.521133,615,398477.95,5.060630831,6,0,0
2025-09-27 19:37:21,616.077096,616,398143.97,4.972575802,6,0,0
2025-09-27 19:37:21,616.077096,616,398153.06,4.974970319,6,0,0
2025-09-27 19:37:22,616.648683,616,398143.97,4.972575802,6,0,0
2025-09-27 19:37:22,616.648683,616,398153.06,4.974970319,6,0,0
2025-09-27 19:37:24,619.008778,619,398127.14,4.968138407,6,0,0
2025-09-27 19:37:24,619.008778,619,398142.23,4.972114973,6,0,0
2025-09-27 19:37:25,619.501691,619,398085.84,4.957247469,6,0,0
2025-09-27 19:37:25,619.501691,619,398105.75,4.962497081,6,0,0
2025-09-27 19:37:26,620.752891,620,397965.37,4.925486191,6,0,0
2025-09-27 19:37:26,620.752891,620,398085.84,4.957247469,6,0,0
2025-09-27 19:37:27,621.894366,621,397895.36,4.907027394,6,0,0
2025-09-27 19:37:27,621.894366,621,397965.37,4.925486191,6,0,0
2025-09-27 19:37:28,623.082702,623,397396.76,4.77556818,6,0,0
2025-09-27 19:37:28,623.082702,623,397895.36,4.907027394,6,0,0
2025-09-27 19:37:29,624.22551,624,397396.76,4.77556818,6,0,0
2025-09-27 19:37:29,624.22551,624,397895.36,4.907027394,6,0,0
2025-09-27 19:37:31,625.840428,625,397281,4.745048044,6,0,0
2025-09-27 19:37:31,625.840428,625,397396.76,4.77556818,6,0,0
2025-09-27 19:37:32,626.970324,626,396953.59,4.658726321,6,0,0
2025-09-27 19:37:32,626.970324,626,397281,4.745048044,6,0,0
2025-09-27 19:37:33,627.612247,627,396953.59,4.658726321,6,0,0
2025-09-27 19:37:33,627.618088,627,397114.2,4.701070641,6,0,0
2025-09-27 19:37:34,629.093073,629,396953.59,4.658726321,6,0,0
2025-09-27 19:37:34,629.093073,629,396964.25,4.661534481,6,0,0
2025-09-27 19:37:35,630.359974,630,396483.03,4.534658487,6,0,0
2025-09-27 19:37:35,630.359974,630,396706.23,4.593507654,6,0,0
2025-09-27 19:37:38,632.734578,632,396483.03,4.534658487,6,0,0
2025-09-27 19:37:38,632.734578,632,396706.23,4.593507654,6,0,0
2025-09-27 19:37:39,634.178557,634,396483.03,4.534658487,6,0,0
2025-09-27 19:37:39,634.178557,634,396520.86,4.544634805,6,0,0
2025-09-27 19:37:40,634.800377,634,396476.25,4.532872116,6,0,0
2025-09-27 19:37:40,634.800377,634,396483.03,4.534658487,6,0,0
2025-09-27 19:37:40,635.262081,635,396476.25,4.532872116,6,0,0
2025-09-27 19:37:40,635.262081,635,396483.03,4.534658487,6,0,0
2025-09-27 19:37:41,635.819429,635,396267.86,4.477929851,6,0,0
2025-09-27 19:37:41,635.819429,635,396476.25,4.532872116,6,0,0
2025-09-27 19:37:42,637.231244,637,396267.86,4.477929851,6,0,0
2025-09-27 19:37:42,637.231244,637,396476.25,4.532872116,6,0,0
2025-09-27 19:37:43,637.866983,637,396267.86,4.477929851,6,0,0
2025-09-27 19:37:43,637.866983,637,396267.86,4.477929851,6,0,0
2025-09-27 19:37:48,643.387972,643,395927.32,4.388143651,6,0,0
2025-09-27 19:37:48,643.387972,643,396267.86,4.477929851,6,0,0
2025-09-27 19:37:50,645.017428,645,395697.74,4.327614625,6,0,0
2025-09-27 19:37:50,645.017428,645,395927.32,4.388143651,6,0,0
2025-09-27 19:37:51,646.299632,646,395697.74,4.327614625,6,0,0
2025-09-27 19:37:51,646.299632,646,395927.32,4.388143651,6,0,0
2025-09-27 19:37:52,646.776017,646,395651.98,4.31554858,6,0,0
2025-09-27 19:37:52,646.776017,646,395697.74,4.327614625,6,0,0
2025-09-27 19:37:53,647.90194,647,395354.29,4.237062792,6,0,0
2025-09-27 19:37:53,647.90194,647,395651.98,4.31554858,6,0,0
2025-09-27 19:37:54,648.440155,648,395325.84,4.22956021,6,0,0
2025-09-27 19:37:54,648.440155,648,395354.29,4.237062792,6,0,0
2025-09-27 19:37:54,649.327659,649,395252.45,4.210210501,6,0,0
2025-09-27 19:37:54,649.327659,649,395325.84,4.22956021,6,0,0
2025-09-27 19:37:56,650.404781,650,395252.45,4.210210501,6,0,0
2025-09-27 19:37:56,650.404781,650,395325.84,4.22956021,6,0,0
2025-09-27 19:37:56,651.181475,651,395224.59,4.202865281,6,0,0
2025-09-27 19:37:56,651.181475,651,395252.45,4.210210501,6,0,0
2025-09-27 19:38:05,659.9744,659,395224.59,4.202865281,6,0,0
2025-09-27 19:38:05,659.9744,659,395252.45,4.210210501,6,0,0
2025-09-27 19:38:06,660.73527,660,395224.59,4.202865281,6,0,0
2025-09-27 19:38:06,660.73527,660,395224.59,4.202865281,6,0,0
2025-09-27 19:38:08,662.821316,662,395214.31,4.20015652,6,0,0
2025-09-27 19:38:08,662.821316,662,395224.59,4.202865281,6,0,0
2025-09-27 19:38:09,664.041508,664,395214.31,4.20015652,6,0,0
2025-09-27 19:38:09,664.041508,664,395214.31,4.20015652,6,0,0
2025-09-27 19:38:17,671.465542,671,394759.13,4.080144528,6,0,0
2025-09-27 19:38:17,671.465542,671,395214.31,4.20015652,6,0,0
2025-09-27 19:38:17,672.180063,672,394759.13,4.080144528,6,0,0
2025-09-27 19:38:17,672.180063,672,395214.31,4.20015652,6,0,0
2025-09-27 19:38:20,674.642653,674,394759.13,4.080144528,6,0,0
2025-09-27 19:38:20,674.642653,674,394976.5,4.137455001,6,0,0
2025-09-27 19:38:20,675.21525,675,394759.13,4.080144528,6,0,0
2025-09-27 19:38:20,675.21525,675,394759.13,4.080144528,6,0,0
2025-09-27 19:38:22,676.895237,676,394759.13,4.080144528,6,0,0
2025-09-27 19:38:22,676.895237,676,394759.13,4.080144528,6,0,0
2025-09-27 19:38:23,677.54535,677,394759.13,4.080144528,6,0,0
2025-09-27 19:38:23,677.54535,677,394759.13,4.080144528,6,0,0
2025-09-27 19:38:23,678.006393,678,394759.13,4.080144528,6,0,0
2025-09-27 19:38:23,678.006393,678,394759.13,4.080144528,6,0,0
2025-09-27 19:38:24,678.802709,678,394759.13,4.080144528,6,0,0
2025-09-27 19:38:24,678.802709,678,394759.13,4.080144528,6,0,0
2025-09-27 19:38:27,681.848905,681,394759.13,4.080144528,6,0,0
2025-09-27 19:38:27,681.848905,681,394759.13,4.080144528,6,0,0
2025-09-27 19:38:28,683.289976,683,394759.13,4.080144528,6,0,0
2025-09-27 19:38:28,683.289976,683,394759.13,4.080144528,6,0,0
2025-09-27 19:38:31,685.904943,685,394759.13,4.080144528,6,0,0
2025-09-27 19:38:31,685.904943,685,394759.13,4.080144528,6,0,0
2025-09-27 19:38:32,687.035424,687,394743.78,4.076098384,6,0,0
2025-09-27 19:38:32,687.035424,687,394759.13,4.080144528,6,0,0
2025-09-27 19:38:33,687.603438,687,394743.78,4.076098384,6,0,0
2025-09-27 19:38:33,687.603438,687,394759.13,4.080144528,6,0,0
2025-09-27 19:38:33,688.130344,688,394743.78,4.076098384,6,0,0
2025-09-27 19:38:33,688.130344,688,394743.78,4.076098384,6,0,0
2025-09-27 19:38:35,689.809187,689,394743.78,4.076098384,6,0,0
2025-09-27 19:38:35,689.809187,689,394743.78,4.076098384,6,0,0
2025-09-27 19:38:36,691.352219,691,394732.95,4.073243038,6,0,0
2025-09-27 19:38:36,691.352219,691,394743.78,4.076098384,6,0,0
2025-09-27 19:38:39,693.40986,693,394732.95,4.073243038,6,0,0
2025-09-27 19:38:39,693.40986,693,394743.78,4.076098384,6,0,0
2025-09-27 19:38:39,694.124297,694,394580.15,4.032955983,6,0,0
2025-09-27 19:38:39,694.124297,694,394642.1,4.049289228,6,0,0
2025-09-27 19:38:40,694.827632,694,394566.35,4.029318077,6,0,0
2025-09-27 19:38:40,694.827632,694,394580.15,4.032955983,6,0,0
2025-09-27 19:38:44,698.595484,698,394526.75,4.018877366,6,0,0
2025-09-27 19:38:44,698.597494,698,394566.35,4.029318077,6,0,0
2025-09-27 19:38:45,699.60191,699,394526.75,4.018877366,6,0,0
2025-09-27 19:38:45,699.60191,699,394566.35,4.029318077,6,0,0
2025-09-27 19:38:47,701.757579,701,394526.75,4.018877366,6,0,0
2025-09-27 19:38:47,701.757579,701,394566.35,4.029318077,6,0,0
2025-09-27 19:38:48,702.614579,702,394526.75,4.018877366,6,0,0
2025-09-27 19:38:48,702.614579,702,394566.35,4.029318077,6,0,0
2025-09-27 19:38:48,703.293734,703,394526.75,4.018877366,6,0,0
2025-09-27 19:38:48,703.293734,703,394566.35,4.029318077,6,0,0
2025-09-27 19:38:50,705.012832,705,394526.75,4.018877366,6,0,0
2025-09-27 19:38:50,705.012832,705,394526.75,4.018877366,6,0,0
2025-09-27 19:38:52,706.666427,706,394526.75,4.018877366,6,0,0
2025-09-27 19:38:52,706.668437,706,394526.75,4.018877366,6,0,0
2025-09-27 19:38:52,707.346294,707,394515.92,4.01602202,6,0,0
2025-09-27 19:38:52,707.346294,707,394526.75,4.018877366,6,0,0
2025-09-27 19:38:53,708.078751,708,394515.92,4.01602202,6,0,0
2025-09-27 19:38:53,708.078751,708,394526.75,4.018877366,6,0,0
2025-09-27 19:38:54,708.509326,708,394515.92,4.01602202,6,0,0
2025-09-27 19:38:54,708.509326,708,394526.75,4.018877366,6,0,0
2025-09-27 19:38:54,709.239106,709,394515.92,4.01602202,6,0,0
2025-09-27 19:38:54,709.239106,709,394526.75,4.018877366,6,0,0
2025-09-27 19:38:55,709.811809,709,394515.92,4.01602202,6,0,0
2025-09-27 19:38:55,709.811809,709,394526.75,4.018877366,6,0,0
2025-09-27 19:38:57,712.256681,712,394422.25,3.991326138,6,0,0
2025-09-27 19:38:57,712.256681,712,394515.92,4.01602202,6,0,0
2025-09-27 19:38:58,712.863994,712,394196.28,3.931746636,6,0,0
2025-09-27 19:38:58,712.863994,712,394422.25,3.991326138,6,0,0
2025-09-27 19:38:59,713.594942,713,394196.28,3.931746636,6,0,0
2025-09-27 19:38:59,713.594942,713,394411.42,3.988470792,6,0,0
2025-09-27 19:39:00,714.972375,714,394196.28,3.931746636,6,0,0
2025-09-27 19:39:00,714.972375,714,394411.42,3.988470792,6,0,0
2025-09-27 19:39:04,718.716461,718,394196.28,3.931746636,6,0,0
2025-09-27 19:39:04,718.716461,718,394376,3.979130192,6,0,0
2025-09-27 19:39:05,719.612696,719,394196.28,3.931746636,6,0,0
2025-09-27 19:39:05,719.612696,719,394223.56,3.938940447,6,0,0
2025-09-27 19:39:06,720.518867,720,394196.28,3.931746636,6,0,0
2025-09-27 19:39:06,720.518867,720,394223.56,3.938940447,6,0,0
2025-09-27 19:39:07,722.172825,722,394196.28,3.931746636,6,0,0
2025-09-27 19:39:07,722.172825,722,394223.56,3.938940447,6,0,0
2025-09-27 19:39:08,723.205382,723,394167.92,3.924270372,6,0,0
2025-09-27 19:39:08,723.205382,723,394196.28,3.931746636,6,0,0
2025-09-27 19:39:09,723.607981,723,394167.92,3.924270372,6,0,0
2025-09-27 19:39:09,723.607981,723,394196.28,3.931746636,6,0,0
2025-09-27 19:39:13,727.614118,727,394167.92,3.924270372,6,0,0
2025-09-27 19:39:13,727.614118,727,394196.28,3.931746636,6,0,0
2025-09-27 19:39:14,728.581047,728,394167.92,3.924270372,6,0,0
2025-09-27 19:39:14,728.581047,728,394196.28,3.931746636,6,0,0
2025-09-27 19:39:14,729.152391,729,394070.96,3.898707109,6,0,0
2025-09-27 19:39:14,729.152391,729,394109.7,3.908920138,6,0,0
2025-09-27 19:39:15,730.055229,730,393974.96,3.873395321,6,0,0
2025-09-27 19:39:15,730.071021,730,394070.96,3.898707109,6,0,0
2025-09-27 19:39:17,731.501072,731,393886.45,3.850058449,6,0,0
2025-09-27 19:39:17,731.501072,731,393974.96,3.873395321,6,0,0
2025-09-27 19:39:20,735.314342,735,393823.48,3.833455902,6,0,0
2025-09-27 19:39:20,735.314342,735,393886.45,3.850058449,6,0,0
2025-09-27 19:39:22,736.437369,736,393795.02,3.82595332,6,0,0
2025-09-27 19:39:22,736.437369,736,393823.48,3.833455902,6,0,0
2025-09-27 19:39:24,739.165233,739,393795.02,3.82595332,6,0,0
2025-09-27 19:39:24,739.165233,739,393795.02,3.82595332,6,0,0
2025-09-27 19:39:25,740.322772,740,393795.02,3.82595332,6,0,0
2025-09-27 19:39:25,740.322772,740,393795.02,3.82595332,6,0,0
2025-09-27 19:39:27,741.651861,741,393795.02,3.82595332,6,0,0
2025-09-27 19:39:27,741.651861,741,393795.02,3.82595332,6,0,0
2025-09-27 19:39:28,742.665408,742,393795.02,3.82595332,6,0,0
2025-09-27 19:39:28,742.665408,742,393795.02,3.82595332,6,0,0
2025-09-27 19:39:29,743.629097,743,393795.02,3.82595332,6,0,0
2025-09-27 19:39:29,743.629097,743,393795.02,3.82595332,6,0,0
2025-09-27 19:39:30,745.116628,745,393725.69,3.807673147,6,0,0
2025-09-27 19:39:30,745.116628,745,393795.02,3.82595332,6,0,0
2025-09-27 19:39:31,746.159789,746,393725.69,3.807673147,6,0,0
2025-09-27 19:39:31,746.159789,746,393725.69,3.807673147,6,0,0
2025-09-27 19:39:35,750.388175,750,393725.69,3.807673147,6,0,0
2025-09-27 19:39:35,750.388175,750,393725.69,3.807673147,6,0,0
2025-09-27 19:39:37,751.435877,751,393725.69,3.807673147,6,0,0
2025-09-27 19:39:37,751.435877,751,393725.69,3.807673147,6,0,0
2025-09-27 19:39:39,753.508479,753,393581.75,3.769722088,6,0,0
2025-09-27 19:39:39,753.508479,753,393725.69,3.807673147,6,0,0
2025-09-27 19:39:40,754.758845,754,393581.75,3.769722088,6,0,0
2025-09-27 19:39:40,754.758845,754,393702.24,3.801492391,6,0,0
2025-09-27 19:39:41,755.900433,755,393581.75,3.769722088,6,0,0
2025-09-27 19:39:41,755.900433,755,393702.24,3.801492391,6,0,0
2025-09-27 19:39:42,757.337344,757,393581.75,3.769722088,6,0,0
2025-09-27 19:39:42,757.337344,757,393690.91,3.798504368,6,0,0
2025-09-27 19:39:44,758.478183,758,393581.75,3.769722088,6,0,0
2025-09-27 19:39:44,758.478183,758,393614.91,3.778465656,6,0,0
2025-09-27 19:39:47,762.234494,762,393581.75,3.769722088,6,0,0
2025-09-27 19:39:47,762.234494,762,393587.62,3.771271844,6,0,0
2025-09-27 19:39:49,763.482885,763,393581.75,3.769722088,6,0,0
2025-09-27 19:39:49,763.482885,763,393587.62,3.771271844,6,0,0
2025-09-27 19:39:51,765.621482,765,393369,3.713631901,6,0,0
2025-09-27 19:39:51,765.621482,765,393581.75,3.769722088,6,0,0
2025-09-27 19:39:52,767.251693,767,393369,3.713631901,6,0,0
2025-09-27 19:39:52,767.251693,767,393581.75,3.769722088,6,0,0
2025-09-27 19:39:54,769.330053,769,393369,3.713631901,6,0,0
2025-09-27 19:39:54,769.330053,769,393369,3.713631901,6,0,0
2025-09-27 19:39:56,771.086343,771,393369,3.713631901,6,0,0
2025-09-27 19:39:56,771.086343,771,393369,3.713631901,6,0,0
2025-09-27 19:39:57,772.286195,772,393369,3.713631901,6,0,0
2025-09-27 19:39:57,772.286195,772,393369,3.713631901,6,0,0
2025-09-27 19:39:59,773.524002,773,393293.26,3.693660749,6,0,0
2025-09-27 19:39:59,773.524002,773,393369,3.713631901,6,0,0
2025-09-27 19:40:00,775.237108,775,393293.26,3.693660749,6,0,0
2025-09-27 19:40:00,775.237108,775,393293.26,3.693660749,6,0,0
2025-09-27 19:40:02,776.964697,776,393293.26,3.693660749,6,0,0
2025-09-27 19:40:02,776.964697,776,393293.26,3.693660749,6,0,0
2025-09-27 19:40:03,777.471928,777,393293.26,3.693660749,6,0,0
2025-09-27 19:40:03,777.471928,777,393293.26,3.693660749,6,0,0
2025-09-27 19:40:04,778.595205,778,393243.33,3.680497125,6,0,0
2025-09-27 19:40:04,778.595205,778,393293.26,3.693660749,6,0,0
2025-09-27 19:40:05,779.702159,779,393243.33,3.680497125,6,0,0
2025-09-27 19:40:05,779.702159,779,393282.88,3.690924057,6,0,0
2025-09-27 19:40:06,781.033183,781,393243.33,3.680497125,6,0,0
2025-09-27 19:40:06,781.033183,781,393257.78,3.68430695,6,0,0
2025-09-27 19:40:11,785.883805,785,393243.33,3.680497125,6,0,0
2025-09-27 19:40:11,785.883805,785,393257.78,3.68430695,6,0,0
2025-09-27 19:40:14,788.513777,788,393243.33,3.680497125,6,0,0
2025-09-27 19:40:14,788.513777,788,393257.78,3.68430695,6,0,0
2025-09-27 19:40:16,791.236754,791,393243.33,3.680497125,6,0,0
2025-09-27 19:40:16,791.236754,791,393257.78,3.68430695,6,0,0
2025-09-27 19:40:17,792.122159,792,392801.46,3.563996088,6,0,0
2025-09-27 19:40:17,792.122159,792,393243.33,3.680497125,6,0,0
2025-09-27 19:40:18,792.852053,792,392801.46,3.563996088,6,0,0
2025-09-27 19:40:18,792.852053,792,392997.71,3.615737543,6,0,0
2025-09-27 19:40:19,793.566269,793,392801.46,3.563996088,6,0,0
2025-09-27 19:40:19,793.566269,793,392827.7,3.57091575,6,0,0
2025-09-27 19:40:19,794.05487,794,392801.46,3.563996088,6,0,0
2025-09-27 19:40:19,794.056878,794,392827.7,3.57091575,6,0,0
2025-09-27 19:40:20,795.229786,795,392801.46,3.563996088,6,0,0
2025-09-27 19:40:20,795.229786,795,392801.46,3.563996088,6,0,0
2025-09-27 19:40:24,798.478465,798,392798.47,3.563206965,6,0,0
2025-09-27 19:40:24,798.478465,798,392801.46,3.563996088,6,0,0
2025-09-27 19:40:27,801.7677,801,392798.47,3.563206965,6,0,0
2025-09-27 19:40:27,801.7677,801,392801.46,3.563996088,6,0,0
2025-09-27 19:40:28,803.305276,803,392798.47,3.563206965,6,0,0
2025-09-27 19:40:28,803.305276,803,392801.46,3.563996088,6,0,0
2025-09-27 19:40:30,804.996452,804,392798.47,3.563206965,6,0,0
2025-09-27 19:40:30,804.996452,804,392798.47,3.563206965,6,0,0
2025-09-27 19:40:32,807.070411,807,392771.06,3.55598227,6,0,0
2025-09-27 19:40:32,807.070411,807,392798.47,3.563206965,6,0,0
2025-09-27 19:40:33,808.24302,808,392771.06,3.55598227,6,0,0
2025-09-27 19:40:33,808.24302,808,392798.47,3.563206965,6,0,0
2025-09-27 19:40:34,809.212546,809,392771.06,3.55598227,6,0,0
2025-09-27 19:40:34,809.212546,809,392771.06,3.55598227,6,0,0
2025-09-27 19:40:35,809.989233,809,392390.46,3.455633896,6,0,0
2025-09-27 19:40:35,809.989233,809,392771.06,3.55598227,6,0,0
2025-09-27 19:40:36,810.974374,810,392390.46,3.455633896,6,0,0
2025-09-27 19:40:36,810.974374,810,392771.06,3.55598227,6,0,0
2025-09-27 19:40:37,811.782993,811,392379.63,3.45277855,6,0,0
2025-09-27 19:40:37,811.782993,811,392390.46,3.455633896,6,0,0
2025-09-27 19:40:38,812.465363,812,392379.63,3.45277855,6,0,0
2025-09-27 19:40:38,812.465363,812,392379.63,3.45277855,6,0,0
2025-09-27 19:40:39,814.064146,814,392379.63,3.45277855,6,0,0
2025-09-27 19:40:39,814.064146,814,392379.63,3.45277855,6,0,0
2025-09-27 19:40:40,815.362484,815,392379.63,3.45277855,6,0,0
2025-09-27 19:40:40,815.362484,815,392379.63,3.45277855,6,0,0
2025-09-27 19:40:43,817.877917,817,392379.63,3.45277855,6,0,0
2025-09-27 19:40:43,817.877917,817,392379.63,3.45277855,6,0,0
2025-09-27 19:40:44,818.734263,818,392309.37,3.434255481,6,0,0
2025-09-27 19:40:44,818.734263,818,392379.63,3.45277855,6,0,0
2025-09-27 19:40:47,822.29543,822,392309.37,3.434255481,6,0,0
2025-09-27 19:40:47,822.29543,822,392309.37,3.434255481,6,0,0
2025-09-27 19:40:49,823.942264,823,392309.37,3.434255481,6,0,0
2025-09-27 19:40:49,823.942264,823,392309.37,3.434255481,6,0,0
2025-09-27 19:40:51,825.797971,825,392309.37,3.434255481,6,0,0
2025-09-27 19:40:51,825.797971,825,392309.37,3.434255481,6,0,0
2025-09-27 19:40:52,826.812122,826,392309.37,3.434255481,6,0,0
2025-09-27 19:40:52,826.812122,826,392309.37,3.434255481,6,0,0
2025-09-27 19:40:53,828.204791,828,392309.37,3.434255481,6,0,0
2025-09-27 19:40:53,828.204791,828,392309.37,3.434255481,6,0,0
2025-09-27 19:40:54,829.190469,829,392309.37,3.434255481,6,0,0
2025-09-27 19:40:54,829.206511,829,392309.37,3.434255481,6,0,0
2025-09-27 19:40:56,830.615851,830,392261.11,3.421529954,6,0,0
2025-09-27 19:40:56,830.615851,830,392309.37,3.434255481,6,0,0
2025-09-27 19:40:57,831.505512,831,392261.11,3.421529954,6,0,0
2025-09-27 19:40:57,831.505512,831,392261.11,3.421529954,6,0,0
2025-09-27 19:40:58,832.548178,832,392261.11,3.421529954,6,0,0
2025-09-27 19:40:58,832.548178,832,392261.11,3.421529954,6,0,0
2025-09-27 19:40:59,833.610274,833,392232.05,3.413867403,6,0,0
2025-09-27 19:40:59,833.610274,833,392261.11,3.421529954,6,0,0
2025-09-27 19:40:59,834.322551,834,392232.05,3.413867403,6,0,0
2025-09-27 19:40:59,834.322551,834,392247.39,3.417913547,6,0,0
2025-09-27 19:41:00,834.912131,834,392164.46,3.39604698,6,0,0
2025-09-27 19:41:00,834.912131,834,392232.05,3.413867403,6,0,0
2025-09-27 19:41:01,835.666357,835,392164.46,3.39604698,6,0,0
2025-09-27 19:41:01,835.666357,835,392164.46,3.39604698,6,0,0
2025-09-27 19:41:03,837.89285,837,392164.46,3.39604698,6,0,0
2025-09-27 19:41:03,837.89285,837,392164.46,3.39604698,6,0,0
2025-09-27 19:41:05,839.509802,839,392164.46,3.39604698,6,0,0
2025-09-27 19:41:05,839.509802,839,392164.46,3.39604698,6,0,0
2025-09-27 19:41:05,840.192609,840,392164.46,3.39604698,6,0,0
2025-09-27 19:41:05,840.192609,840,392164.46,3.39604698,6,0,0
2025-09-27 19:41:06,840.730966,840,392016.79,3.357115321,6,0,0
2025-09-27 19:41:06,840.730966,840,392164.46,3.39604698,6,0,0
2025-09-27 19:41:08,843.044819,843,392016.79,3.357115321,6,0,0
2025-09-27 19:41:08,843.044819,843,392164.46,3.39604698,6,0,0
2025-09-27 19:41:09,843.898491,843,392016.79,3.357115321,6,0,0
2025-09-27 19:41:09,843.898491,843,392090.65,3.376586877,6,0,0
2025-09-27 19:41:10,845.106134,845,392016.79,3.357115321,6,0,0
2025-09-27 19:41:10,845.106134,845,392090.65,3.376586877,6,0,0
2025-09-27 19:41:11,845.960885,845,391989.51,3.349921509,6,0,0
2025-09-27 19:41:11,845.960885,845,392016.79,3.357115321,6,0,0
2025-09-27 19:41:13,847.734087,847,391989.51,3.349921509,6,0,0
2025-09-27 19:41:13,847.734087,847,392016.79,3.357115321,6,0,0
2025-09-27 19:41:14,848.512585,848,391989.51,3.349921509,6,0,0
2025-09-27 19:41:14,848.512585,848,392016.79,3.357115321,6,0,0
2025-09-27 19:41:15,849.495883,849,391989.51,3.349921509,6,0,0
2025-09-27 19:41:15,849.495883,849,391989.51,3.349921509,6,0,0
2025-09-27 19:41:15,850.00452,850,391989.51,3.349921509,6,0,0
2025-09-27 19:41:15,850.00452,850,391989.51,3.349921509,6,0,0
2025-09-27 19:41:17,852.113129,852,391989.51,3.349921509,6,0,0
2025-09-27 19:41:17,852.113129,852,391989.51,3.349921509,6,0,0
2025-09-27 19:41:19,854.380324,854,391989.51,3.349921509,6,0,0
2025-09-27 19:41:19,854.380324,854,391989.51,3.349921509,6,0,0
2025-09-27 19:41:21,855.708752,855,391902,3.326849367,6,0,0
2025-09-27 19:41:21,855.708752,855,391989.51,3.349921509,6,0,0
2025-09-27 19:41:22,856.691147,856,391902,3.326849367,6,0,0
2025-09-27 19:41:22,856.691147,856,391989.51,3.349921509,6,0,0
2025-09-27 19:41:23,857.419423,857,391902,3.326849367,6,0,0
2025-09-27 19:41:23,857.419423,857,391935.01,3.335552543,6,0,0
2025-09-27 19:41:25,859.699931,859,391902,3.326849367,6,0,0
2025-09-27 19:41:25,859.699931,859,391935.01,3.335552543,6,0,0
2025-09-27 19:41:26,860.572306,860,391902,3.326849367,6,0,0
2025-09-27 19:41:26,860.572306,860,391935.01,3.335552543,6,0,0
2025-09-27 19:41:27,861.429186,861,391902,3.326849367,6,0,0
2025-09-27 19:41:27,861.429186,861,391935.01,3.335552543,6,0,0
2025-09-27 19:41:28,862.618835,862,391492.21,3.218805583,6,0,0
2025-09-27 19:41:28,862.618835,862,391902,3.326849367,6,0,0
2025-09-27 19:41:28,863.20848,863,391492.21,3.218805583,6,0,0
2025-09-27 19:41:28,863.20848,863,391902,3.326849367,6,0,0
2025-09-27 19:41:30,864.604178,864,391492.21,3.218805583,6,0,0
2025-09-27 19:41:30,864.604178,864,391902,3.326849367,6,0,0
2025-09-27 19:41:31,865.50816,865,391492.21,3.218805583,6,0,0
2025-09-27 19:41:31,865.50816,865,391612.19,3.250438899,6,0,0
2025-09-27 19:41:32,866.881303,866,391492.21,3.218805583,6,0,0
2025-09-27 19:41:32,866.883311,866,391612.19,3.250438899,6,0,0
2025-09-27 19:41:33,867.698454,867,391492.21,3.218805583,6,0,0
2025-09-27 19:41:33,867.698454,867,391496.12,3.21983774,6,0,0
2025-09-27 19:41:36,870.75376,870,391492.21,3.218805583,6,0,0
2025-09-27 19:41:36,870.75376,870,391496.12,3.21983774,6,0,0
2025-09-27 19:41:37,871.991304,871,391492.21,3.218805583,6,0,0
2025-09-27 19:41:37,871.991304,871,391496.12,3.21983774,6,0,0
2025-09-27 19:41:38,873.340371,873,391402.78,3.19522761,6,0,0
2025-09-27 19:41:38,873.340371,873,391492.21,3.218805583,6,0,0
2025-09-27 19:41:39,874.15786,874,391402.78,3.19522761,6,0,0
2025-09-27 19:41:39,874.167813,874,391463.17,3.211149482,6,0,0
2025-09-27 19:41:40,875.073143,875,390817.57,3.040933856,6,0,0
2025-09-27 19:41:40,875.073143,875,391402.78,3.19522761,6,0,0
2025-09-27 19:41:41,875.819122,875,390817.57,3.040933856,6,0,0
2025-09-27 19:41:41,875.819122,875,390817.57,3.040933856,6,0,0
2025-09-27 19:41:42,877.06018,877,390817.57,3.040933856,6,0,0
2025-09-27 19:41:42,877.06018,877,390817.57,3.040933856,6,0,0
2025-09-27 19:41:43,877.753897,877,390303.7,2.905448757,6,0,0
2025-09-27 19:41:43,877.753897,877,390817.57,3.040933856,6,0,0
2025-09-27 19:41:43,878.262443,878,390303.7,2.905448757,6,0,0
2025-09-27 19:41:43,878.262443,878,390316.09,2.908715617,6,0,0
2025-09-27 19:41:46,880.402813,880,390303.7,2.905448757,6,0,0
2025-09-27 19:41:46,880.402813,880,390316.09,2.908715617,6,0,0
2025-09-27 19:41:46,881.268485,881,390289.08,2.901594563,6,0,0
2025-09-27 19:41:46,881.268485,881,390303.7,2.905448757,6,0,0
2025-09-27 19:41:47,882.097636,882,390289.08,2.901594563,6,0,0
2025-09-27 19:41:47,882.097636,882,390289.08,2.901594563,6,0,0
2025-09-27 19:41:49,884.206453,884,390289.08,2.901594563,6,0,0
2025-09-27 19:41:49,884.206453,884,390289.08,2.901594563,6,0,0
2025-09-27 19:41:50,884.967503,884,390289.08,2.901594563,6,0,0
2025-09-27 19:41:50,884.967503,884,390289.08,2.901594563,6,0,0
2025-09-27 19:41:51,886.268747,886,390277.53,2.898549459,6,0,0
2025-09-27 19:41:51,886.268747,886,390289.08,2.901594563,6,0,0
2025-09-27 19:41:52,887.142146,887,390259.56,2.893812554,6,0,0
2025-09-27 19:41:52,887.142146,887,390277.53,2.898549459,6,0,0
2025-09-27 19:41:57,891.940282,891,390259.56,2.893812554,6,0,0
2025-09-27 19:41:57,891.940282,891,390277.53,2.898549459,6,0,0
2025-09-27 19:41:58,892.745045,892,390259.56,2.893812554,6,0,0
2025-09-27 19:41:58,892.745045,892,390259.56,2.893812554,6,0,0
2025-09-27 19:42:02,897.006521,897,390259.56,2.893812554,6,0,0
2025-09-27 19:42:02,897.006521,897,390259.56,2.893812554,6,0,0
2025-09-27 19:42:03,897.64115,897,390259.56,2.893812554,6,0,0
2025-09-27 19:42:03,897.64115,897,390259.56,2.893812554,6,0,0
2025-09-27 19:42:04,898.830465,898,390259.56,2.893812554,6,0,0
2025-09-27 19:42:04,898.830465,898,390259.56,2.893812554,6,0,0
2025-09-27 19:42:05,899.529705,899,390248.01,2.89076745,6,0,0
2025-09-27 19:42:05,899.529705,899,390259.56,2.893812554,6,0,0
2025-09-27 19:42:05,900.260965,900,390136.01,2.86123747,6,0,0
2025-09-27 19:42:05,900.260965,900,390248.01,2.89076745,6,0,0
2025-09-27 19:42:06,901.150838,901,390136.01,2.86123747,6,0,0
2025-09-27 19:42:06,901.150838,901,390232.67,2.886721306,6,0,0
2025-09-27 19:42:08,902.939967,902,390004.49,2.826562064,6,0,0
2025-09-27 19:42:08,902.956216,902,390136.01,2.86123747,6,0,0
2025-09-27 19:42:09,904.018916,904,390004.49,2.826562064,6,0,0
2025-09-27 19:42:09,904.018916,904,390037.75,2.835329494,6,0,0
2025-09-27 19:42:10,904.922584,904,389969.7,2.817389591,6,0,0
2025-09-27 19:42:10,904.922584,904,390004.49,2.826562064,6,0,0
2025-09-27 19:42:13,907.791085,907,389969.7,2.817389591,6,0,0
2025-09-27 19:42:13,907.791085,907,390004.49,2.826562064,6,0,0
2025-09-27 19:42:14,908.489496,908,389846.85,2.784999481,6,0,0
2025-09-27 19:42:14,908.489496,908,389969.7,2.817389591,6,0,0
2025-09-27 19:42:14,908.951587,908,389846.85,2.784999481,6,0,0
2025-09-27 19:42:14,908.955113,908,389846.85,2.784999481,6,0,0
2025-09-27 19:42:15,909.681679,909,389572.65,2.71270413,6,0,0
2025-09-27 19:42:15,909.681679,909,389790.36,2.770105774,6,0,0
2025-09-27 19:42:16,910.787067,910,389572.65,2.71270413,6,0,0
2025-09-27 19:42:16,910.78847,910,389603.05,2.720719748,6,0,0
2025-09-27 19:42:17,912.345854,912,389572.65,2.71270413,6,0,0
2025-09-27 19:42:17,912.345854,912,389603.05,2.720719748,6,0,0
2025-09-27 19:42:18,913.188109,913,389572.65,2.71270413,6,0,0
2025-09-27 19:42:18,913.188109,913,389598.72,2.719577245,6,0,0
2025-09-27 19:42:20,914.523107,914,389572.65,2.71270413,6,0,0
2025-09-27 19:42:20,914.523107,914,389598.72,2.719577245,6,0,0
2025-09-27 19:42:21,916.17027,916,389518.73,2.698488473,6,0,0
2025-09-27 19:42:21,916.17027,916,389572.65,2.71270413,6,0,0
2025-09-27 19:42:22,916.665599,916,389518.73,2.698488473,6,0,0
2025-09-27 19:42:22,916.665599,916,389572.65,2.71270413,6,0,0
2025-09-27 19:42:22,917.159071,917,389446.17,2.679357711,6,0,0
2025-09-27 19:42:22,917.159071,917,389518.73,2.698488473,6,0,0
2025-09-27 19:42:26,920.659191,920,389446.17,2.679357711,6,0,0
2025-09-27 19:42:26,920.659191,920,389464.02,2.684062762,6,0,0
2025-09-27 19:42:29,923.874298,923,389446.17,2.679357711,6,0,0
2025-09-27 19:42:29,923.874298,923,389464.02,2.684062762,6,0,0
2025-09-27 19:42:30,924.811672,924,389173.93,2.607580436,6,0,0
2025-09-27 19:42:30,924.811672,924,389446.17,2.679357711,6,0,0
2025-09-27 19:42:31,925.618887,925,389173.93,2.607580436,6,0,0
2025-09-27 19:42:31,925.618887,925,389173.93,2.607580436,6,0,0
2025-09-27 19:42:34,928.520685,928,389173.93,2.607580436,6,0,0
2025-09-27 19:42:34,928.520685,928,389173.93,2.607580436,6,0,0
2025-09-27 19:42:35,929.568065,929,389173.93,2.607580436,6,0,0
2025-09-27 19:42:35,929.568065,929,389173.93,2.607580436,6,0,0
2025-09-27 19:42:36,930.783877,930,389129.33,2.595821752,6,0,0
2025-09-27 19:42:36,930.785895,930,389173.93,2.607580436,6,0,0
2025-09-27 19:42:38,932.391166,932,389129.33,2.595821752,6,0,0
2025-09-27 19:42:38,932.391166,932,389173.93,2.607580436,6,0,0
2025-09-27 19:42:39,933.643567,933,389129.33,2.595821752,6,0,0
2025-09-27 19:42:39,933.643567,933,389173.93,2.607580436,6,0,0
2025-09-27 19:42:40,934.436997,934,389118.76,2.593034401,6,0,0
2025-09-27 19:42:40,934.436997,934,389129.33,2.595821752,6,0,0
2025-09-27 19:42:43,937.956013,937,389118.76,2.593034401,6,0,0
2025-09-27 19:42:43,937.956013,937,389129.33,2.595821752,6,0,0
2025-09-27 19:42:44,939.254778,939,389118.76,2.593034401,6,0,0
2025-09-27 19:42:44,939.266088,939,389129.33,2.595821752,6,0,0
2025-09-27 19:42:46,940.864448,940,389118.76,2.593034401,6,0,0
2025-09-27 19:42:46,940.866469,940,389129.33,2.595821752,6,0,0
2025-09-27 19:42:48,942.842683,942,389118.76,2.593034401,6,0,0
2025-09-27 19:42:48,942.842683,942,389129.33,2.595821752,6,0,0
2025-09-27 19:42:49,944.042635,944,389118.76,2.593034401,6,0,0
2025-09-27 19:42:49,944.042635,944,389118.76,2.593034401,6,0,0
2025-09-27 19:42:50,944.580332,944,389107.21,2.589989298,6,0,0
2025-09-27 19:42:50,944.580332,944,389118.76,2.593034401,6,0,0
2025-09-27 19:42:52,947.102385,947,389081.46,2.58319913,6,0,0
2025-09-27 19:42:52,947.102385,947,389107.21,2.589989298,6,0,0
2025-09-27 19:42:53,947.736518,947,389081.46,2.58319913,6,0,0
2025-09-27 19:42:53,947.736518,947,389107.21,2.589989298,6,0,0
2025-09-27 19:42:54,948.517959,948,389081.46,2.58319913,6,0,0
2025-09-27 19:42:54,948.517959,948,389081.46,2.58319913,6,0,0
2025-09-27 19:42:54,949.359595,949,389069.33,2.58000143,6,0,0
2025-09-27 19:42:54,949.359595,949,389081.46,2.58319913,6,0,0
2025-09-27 19:42:56,950.454597,950,389069.33,2.58000143,6,0,0
2025-09-27 19:42:56,950.454597,950,389081.46,2.58319913,6,0,0
2025-09-27 19:42:56,951.121207,951,389069.33,2.58000143,6,0,0
2025-09-27 19:42:56,951.121207,951,389081.46,2.58319913,6,0,0
2025-09-27 19:42:57,952.072721,952,388847.42,2.521494869,6,0,0
2025-09-27 19:42:57,952.072721,952,389069.33,2.58000143,6,0,0
2025-09-27 19:42:58,953.213361,953,388845.26,2.520923781,6,0,0
2025-09-27 19:42:58,953.213361,953,388847.42,2.521494869,6,0,0
2025-09-27 19:43:01,955.441496,955,388845.26,2.520923781,6,0,0
2025-09-27 19:43:01,955.447111,955,388847.42,2.521494869,6,0,0
2025-09-27 19:43:02,956.927872,956,388845.08,2.520877531,6,0,0
2025-09-27 19:43:02,956.929881,956,388845.26,2.520923781,6,0,0
2025-09-27 19:43:03,957.492341,957,388788.77,2.506030075,6,0,0
2025-09-27 19:43:03,957.492341,957,388840.01,2.519539474,6,0,0
2025-09-27 19:43:06,961.02762,961,388788.77,2.506030075,6,0,0
2025-09-27 19:43:06,961.02762,961,388840.01,2.519539474,6,0,0
2025-09-27 19:43:08,962.918401,962,388788.77,2.506030075,6,0,0
2025-09-27 19:43:08,962.918401,962,388840.01,2.519539474,6,0,0
2025-09-27 19:43:09,964.171655,964,388788.77,2.506030075,6,0,0
2025-09-27 19:43:09,964.171655,964,388788.77,2.506030075,6,0,0
2025-09-27 19:43:14,969.327369,969,388788.77,2.506030075,6,0,0
2025-09-27 19:43:14,969.327369,969,388788.77,2.506030075,6,0,0
2025-09-27 19:43:21,975.846632,975,388788.77,2.506030075,6,0,0
2025-09-27 19:43:21,975.846632,975,388788.77,2.506030075,6,0,0
2025-09-27 19:43:23,977.918962,977,388788.77,2.506030075,6,0,0
2025-09-27 19:43:23,977.918962,977,388788.77,2.506030075,6,0,0
2025-09-27 19:43:29,984.142876,984,388788.77,2.506030075,6,0,0
2025-09-27 19:43:29,984.142876,984,388788.77,2.506030075,6,0,0
2025-09-27 19:43:31,985.648442,985,388788.77,2.506030075,6,0,0
2025-09-27 19:43:31,985.648442,985,388788.77,2.506030075,6,0,0
2025-09-27 19:43:33,988.04924,988,388788.77,2.506030075,6,0,0
2025-09-27 19:43:33,988.04924,988,388788.77,2.506030075,6,0,0
2025-09-27 19:43:36,990.391679,990,388788.77,2.506030075,6,0,0
2025-09-27 19:43:36,990.391679,990,388788.77,2.506030075,6,0,0
2025-09-27 19:43:37,991.974937,991,388788.77,2.506030075,6,0,0
2025-09-27 19:43:37,991.974937,991,388788.77,2.506030075,6,0,0
2025-09-27 19:43:38,993.004367,993,388788.77,2.506030075,6,0,0
2025-09-27 19:43:38,993.004367,993,388788.77,2.506030075,6,0,0
2025-09-27 19:43:39,993.811931,993,388788.77,2.506030075,6,0,0
2025-09-27 19:43:39,993.811931,993,388788.77,2.506030075,6,0,0
2025-09-27 19:43:40,994.87148,994,388788.77,2.506030075,6,0,0
2025-09-27 19:43:40,994.87148,994,388788.77,2.506030075,6,0,0
2025-09-27 19:43:41,995.806527,995,388788.77,2.506030075,6,0,0
2025-09-27 19:43:41,995.806527,995,388788.77,2.506030075,6,0,0
2025-09-27 19:43:42,996.896774,996,388788.77,2.506030075,6,0,0
2025-09-27 19:43:42,996.896774,996,388788.77,2.506030075,6,0,0
2025-09-27 19:43:43,998.383196,998,388788.77,2.506030075,6,0,0
2025-09-27 19:43:43,998.383196,998,388788.77,2.506030075,6,0,0
2025-09-27 19:43:44,999.378854,999,388788.77,2.506030075,6,0,0
2025-09-27 19:43:44,999.378854,999,388788.77,2.506030075,6,0,0
2025-09-27 19:43:46,1000.613629,1000,388788.77,2.506030075,6,0,0
2025-09-27 19:43:46,1000.613629,1000,388788.77,2.506030075,6,0,0
2025-09-27 19:43:46,1001.374033,1001,388777.22,2.502984971,6,0,0
2025-09-27 19:43:46,1001.376046,1001,388788.77,2.506030075,6,0,0
2025-09-27 19:43:47,1002.25913,1002,388734.85,2.491814419,6,0,0
2025-09-27 19:43:47,1002.25913,1002,388777.22,2.502984971,6,0,0
2025-09-27 19:43:50,1005.333087,1005,388734.85,2.491814419,6,0,0
2025-09-27 19:43:50,1005.333087,1005,388777.22,2.502984971,6,0,0
2025-09-27 19:43:51,1006.07745,1006,388727.43,2.489859024,6,0,0
2025-09-27 19:43:51,1006.07745,1006,388734.85,2.491814419,6,0,0
2025-09-27 19:43:52,1007.298117,1007,388727.43,2.489859024,6,0,0
2025-09-27 19:43:52,1007.314208,1007,388734.85,2.491814419,6,0,0
2025-09-27 19:43:54,1008.723628,1008,388727.43,2.489859024,6,0,0
2025-09-27 19:43:54,1008.723628,1008,388734.85,2.491814419,6,0,0
2025-09-27 19:43:55,1010.246504,1010,388538.42,2.440023872,6,0,0
2025-09-27 19:43:55,1010.246504,1010,388727.43,2.489859024,6,0,0
2025-09-27 19:43:56,1011.182316,1011,388538.42,2.440023872,6,0,0
2025-09-27 19:43:56,1011.182316,1011,388552.87,2.443833697,6,0,0
2025-09-27 19:43:57,1012.004653,1012,388538.42,2.440023872,6,0,0
2025-09-27 19:43:57,1012.004653,1012,388552.87,2.443833697,6,0,0
2025-09-27 19:43:59,1014.065624,1014,388538.42,2.440023872,6,0,0
2025-09-27 19:43:59,1014.065624,1014,388552.87,2.443833697,6,0,0
2025-09-27 19:44:00,1015.236584,1015,388538.42,2.440023872,6,0,0
2025-09-27 19:44:00,1015.236584,1015,388552.87,2.443833697,6,0,0
2025-09-27 19:44:04,1018.792985,1018,388538.42,2.440023872,6,0,0
2025-09-27 19:44:04,1018.792985,1018,388552.87,2.443833697,6,0,0
2025-09-27 19:44:05,1019.426626,1019,388538.42,2.440023872,6,0,0
2025-09-27 19:44:05,1019.426626,1019,388552.87,2.443833697,6,0,0
2025-09-27 19:44:06,1020.75735,1020,388538.42,2.440023872,6,0,0
2025-09-27 19:44:06,1020.75735,1020,388552.87,2.443833697,6,0,0
2025-09-27 19:44:07,1021.629284,1021,388538.42,2.440023872,6,0,0
2025-09-27 19:44:07,1021.629284,1021,388541.32,2.440788593,6,0,0
2025-09-27 19:44:08,1022.64328,1022,388538.42,2.440023872,6,0,0
2025-09-27 19:44:08,1022.64328,1022,388541.32,2.440788593,6,0,0
2025-09-27 19:44:09,1024.241867,1024,388538.42,2.440023872,6,0,0
2025-09-27 19:44:09,1024.257596,1024,388541.32,2.440788593,6,0,0
2025-09-27 19:44:11,1025.57202,1025,388538.42,2.440023872,6,0,0
2025-09-27 19:44:11,1025.57202,1025,388539.52,2.440315946,6,0,0
2025-09-27 19:44:12,1026.69603,1026,388527.97,2.437270843,6,0,0
2025-09-27 19:44:12,1026.69603,1026,388538.42,2.440023872,6,0,0
2025-09-27 19:44:14,1028.553217,1028,388527.97,2.437270843,6,0,0
2025-09-27 19:44:14,1028.553217,1028,388538.42,2.440023872,6,0,0
2025-09-27 19:44:15,1029.726087,1029,388468.11,2.421487108,6,0,0
2025-09-27 19:44:15,1029.726087,1029,388527.97,2.437270843,6,0,0
2025-09-27 19:44:16,1030.471621,1030,388468.11,2.421487108,6,0,0
2025-09-27 19:44:16,1030.471621,1030,388527.97,2.437270843,6,0,0
2025-09-27 19:44:17,1031.867848,1031,388468.11,2.421487108,6,0,0
2025-09-27 19:44:17,1031.867848,1031,388527.97,2.437270843,6,0,0
2025-09-27 19:44:21,1035.445091,1035,388468.11,2.421487108,6,0,0
2025-09-27 19:44:21,1035.445091,1035,388527.97,2.437270843,6,0,0
2025-09-27 19:44:21,1036.190331,1036,388468.11,2.421487108,6,0,0
2025-09-27 19:44:21,1036.190331,1036,388527.97,2.437270843,6,0,0
2025-09-27 19:44:23,1038.103892,1038,388468.11,2.421487108,6,0,0
2025-09-27 19:44:23,1038.103892,1038,388526.16,2.436791488,6,0,0
2025-09-27 19:44:25,1040.293316,1040,388468.11,2.421487108,6,0,0
2025-09-27 19:44:25,1040.293316,1040,388526.16,2.436791488,6,0,0
2025-09-27 19:44:26,1041.118915,1041,388468.11,2.421487108,6,0,0
2025-09-27 19:44:26,1041.118915,1041,388526.16,2.436791488,6,0,0
2025-09-27 19:44:27,1041.751891,1041,388468.11,2.421487108,6,0,0
2025-09-27 19:44:27,1041.751891,1041,388526.16,2.436791488,6,0,0
2025-09-27 19:44:30,1044.455588,1044,388468.11,2.421487108,6,0,0
2025-09-27 19:44:30,1044.455588,1044,388526.16,2.436791488,6,0,0
2025-09-27 19:44:32,1046.45563,1046,388468.11,2.421487108,6,0,0
2025-09-27 19:44:32,1046.45563,1046,388526.16,2.436791488,6,0,0
2025-09-27 19:44:33,1047.530359,1047,388468.11,2.421487108,6,0,0
2025-09-27 19:44:33,1047.530359,1047,388526.16,2.436791488,6,0,0
2025-09-27 19:44:34,1049.240957,1049,388468.11,2.421487108,6,0,0
2025-09-27 19:44:34,1049.240957,1049,388468.11,2.421487108,6,0,0
2025-09-27 19:44:35,1050.113117,1050,388468.11,2.421487108,6,0,0
2025-09-27 19:44:35,1050.113117,1050,388468.11,2.421487108,6,0,0
2025-09-27 19:44:36,1051.268022,1051,388463.25,2.420207412,6,0,0
2025-09-27 19:44:36,1051.268022,1051,388468.11,2.421487108,6,0,0
2025-09-27 19:44:37,1052.155783,1052,388463.25,2.420207412,6,0,0
2025-09-27 19:44:37,1052.155783,1052,388463.25,2.420207412,6,0,0
2025-09-27 19:44:38,1052.680118,1052,388463.25,2.420207412,6,0,0
2025-09-27 19:44:38,1052.680118,1052,388463.25,2.420207412,6,0,0
2025-09-27 19:44:40,1054.803927,1054,388463.25,2.420207412,6,0,0
2025-09-27 19:44:40,1054.803927,1054,388463.25,2.420207412,6,0,0
2025-09-27 19:44:42,1056.560488,1056,388463.25,2.420207412,6,0,0
2025-09-27 19:44:42,1056.560488,1056,388463.25,2.420207412,6,0,0
2025-09-27 19:44:42,1057.337655,1057,388463.25,2.420207412,6,0,0
2025-09-27 19:44:42,1057.337655,1057,388463.25,2.420207412,6,0,0
2025-09-27 19:44:43,1058.019549,1058,388463.25,2.420207412,6,0,0
2025-09-27 19:44:43,1058.019549,1058,388463.25,2.420207412,6,0,0
2025-09-27 19:44:50,1064.494161,1064,388463.25,2.420207412,6,0,0
2025-09-27 19:44:50,1064.494161,1064,388463.25,2.420207412,6,0,0
2025-09-27 19:44:50,1065.248879,1065,388463.25,2.420207412,6,0,0
2025-09-27 19:44:50,1065.255008,1065,388463.25,2.420207412,6,0,0
2025-09-27 19:44:51,1066.333617,1066,388463.25,2.420207412,6,0,0
2025-09-27 19:44:51,1066.333617,1066,388463.25,2.420207412,6,0,0
2025-09-27 19:44:52,1067.35024,1067,388462.15,2.419915338,6,0,0
2025-09-27 19:44:52,1067.35024,1067,388463.25,2.420207412,6,0,0
2025-09-27 19:44:53,1068.125459,1068,388462.15,2.419915338,6,0,0
2025-09-27 19:44:53,1068.125459,1068,388462.15,2.419915338,6,0,0
2025-09-27 19:44:57,1071.437201,1071,388462.15,2.419915338,6,0,0
2025-09-27 19:44:57,1071.437201,1071,388462.15,2.419915338,6,0,0
2025-09-27 19:44:58,1072.565931,1072,388462.15,2.419915338,6,0,0
2025-09-27 19:44:58,1072.565931,1072,388462.15,2.419915338,6,0,0
2025-09-27 19:44:58,1073.171345,1073,388462.15,2.419915338,6,0,0
2025-09-27 19:44:58,1073.171345,1073,388462.15,2.419915338,6,0,0
2025-09-27 19:44:59,1073.870312,1073,388459.15,2.419126215,6,0,0
2025-09-27 19:44:59,1073.870312,1073,388462.15,2.419915338,6,0,0
2025-09-27 19:45:03,1077.509325,1077,388459.15,2.419126215,6,0,0
2025-09-27 19:45:03,1077.509325,1077,388462.15,2.419915338,6,0,0
2025-09-27 19:45:04,1079.034328,1079,388459.15,2.419126215,6,0,0
2025-09-27 19:45:04,1079.034328,1079,388462.15,2.419915338,6,0,0
2025-09-27 19:45:05,1079.841246,1079,388432.45,2.412086235,6,0,0
2025-09-27 19:45:05,1079.841246,1079,388459.15,2.419126215,6,0,0
2025-09-27 19:45:07,1081.468604,1081,388397.7,2.402924478,6,0,0
2025-09-27 19:45:07,1081.468604,1081,388432.45,2.412086235,6,0,0
2025-09-27 19:45:08,1082.963319,1082,388305.06,2.378498207,6,0,0
2025-09-27 19:45:08,1082.963319,1082,388397.7,2.402924478,6,0,0
2025-09-27 19:45:09,1083.868033,1083,388305.06,2.378498207,6,0,0
2025-09-27 19:45:09,1083.868033,1083,388397.7,2.402924478,6,0,0
2025-09-27 19:45:10,1084.72627,1084,388305.06,2.378498207,6,0,0
2025-09-27 19:45:10,1084.72627,1084,388397.7,2.402924478,6,0,0
2025-09-27 19:45:11,1086.345238,1086,388305.06,2.378498207,6,0,0
2025-09-27 19:45:11,1086.345238,1086,388397.7,2.402924478,6,0,0
2025-09-27 19:45:12,1087.101982,1087,388305.06,2.378498207,6,0,0
2025-09-27 19:45:12,1087.101982,1087,388397.7,2.402924478,6,0,0
2025-09-27 19:45:13,1088.33011,1088,388264.39,2.367775382,6,0,0
2025-09-27 19:45:13,1088.338448,1088,388305.06,2.378498207,6,0,0
2025-09-27 19:45:15,1090.083437,1090,388264.39,2.367775382,6,0,0
2025-09-27 19:45:15,1090.083437,1090,388305.06,2.378498207,6,0,0
2025-09-27 19:45:16,1091.067157,1091,388264.39,2.367775382,6,0,0
2025-09-27 19:45:16,1091.067157,1091,388305.06,2.378498207,6,0,0
2025-09-27 19:45:19,1093.503059,1093,388264.39,2.367775382,6,0,0
2025-09-27 19:45:19,1093.503059,1093,388264.39,2.367775382,6,0,0
2025-09-27 19:45:20,1094.584332,1094,388264.39,2.367775382,6,0,0
2025-09-27 19:45:20,1094.584332,1094,388264.39,2.367775382,6,0,0
2025-09-27 19:45:21,1096.036467,1096,388264.39,2.367775382,6,0,0
2025-09-27 19:45:21,1096.036467,1096,388264.39,2.367775382,6,0,0
2025-09-27 19:45:22,1097.148703,1097,388264.39,2.367775382,6,0,0
2025-09-27 19:45:22,1097.148703,1097,388264.39,2.367775382,6,0,0
2025-09-27 19:45:26,1100.683457,1100,388257.86,2.366053721,6,0,0
2025-09-27 19:45:26,1100.683457,1100,388264.39,2.367775382,6,0,0
2025-09-27 19:45:27,1102.094302,1102,388257.86,2.366053721,6,0,0
2025-09-27 19:45:27,1102.094302,1102,388264.39,2.367775382,6,0,0
2025-09-27 19:45:29,1104.168659,1104,388257.86,2.366053721,6,0,0
2025-09-27 19:45:29,1104.168659,1104,388264.39,2.367775382,6,0,0
2025-09-27 19:45:30,1105.19785,1105,388254.82,2.365252221,6,0,0
2025-09-27 19:45:30,1105.19785,1105,388257.86,2.366053721,6,0,0
2025-09-27 19:45:31,1106.164502,1106,388254.82,2.365252221,6,0,0
2025-09-27 19:45:31,1106.171273,1106,388254.82,2.365252221,6,0,0
2025-09-27 19:45:32,1107.11427,1107,388239.47,2.361206077,6,0,0
2025-09-27 19:45:32,1107.11427,1107,388254.82,2.365252221,6,0,0
2025-09-27 19:45:34,1108.697623,1108,388239.47,2.361206077,6,0,0
2025-09-27 19:45:34,1108.697623,1108,388254.82,2.365252221,6,0,0
2025-09-27 19:45:35,1109.871381,1109,388239.47,2.361206077,6,0,0
2025-09-27 19:45:35,1109.871381,1109,388254.82,2.365252221,6,0,0
2025-09-27 19:45:37,1112.325314,1112,388239.47,2.361206077,6,0,0
2025-09-27 19:45:37,1112.325314,1112,388254.82,2.365252221,6,0,0
2025-09-27 19:45:38,1113.136412,1113,388239.47,2.361206077,6,0,0
2025-09-27 19:45:38,1113.136412,1113,388254.82,2.365252221,6,0,0
2025-09-27 19:45:39,1114.327715,1114,388239.47,2.361206077,6,0,0
2025-09-27 19:45:39,1114.327715,1114,388254.82,2.365252221,6,0,0
2025-09-27 19:45:42,1116.420942,1116,388239.47,2.361206077,6,0,0
2025-09-27 19:45:42,1116.420942,1116,388254.82,2.365252221,6,0,0
2025-09-27 19:45:43,1117.781827,1117,388239.47,2.361206077,6,0,0
2025-09-27 19:45:43,1117.781827,1117,388254.82,2.365252221,6,0,0
2025-09-27 19:45:44,1118.591047,1118,388239.47,2.361206077,6,0,0
2025-09-27 19:45:44,1118.591047,1118,388239.47,2.361206077,6,0,0
2025-09-27 19:45:45,1119.922055,1119,388239.47,2.361206077,6,0,0
2025-09-27 19:45:45,1119.922055,1119,388239.47,2.361206077,6,0,0
2025-09-27 19:45:46,1121.013815,1121,388239.47,2.361206077,6,0,0
2025-09-27 19:45:46,1121.013815,1121,388239.47,2.361206077,6,0,0
2025-09-27 19:45:49,1123.852634,1123,388239.47,2.361206077,6,0,0
2025-09-27 19:45:49,1123.852634,1123,388239.47,2.361206077,6,0,0
2025-09-27 19:45:50,1125.263872,1125,388239.47,2.361206077,6,0,0
2025-09-27 19:45:50,1125.263872,1125,388239.47,2.361206077,6,0,0
2025-09-27 19:45:51,1126.089615,1126,388239.47,2.361206077,6,0,0
2025-09-27 19:45:51,1126.089615,1126,388239.47,2.361206077,6,0,0
2025-09-27 19:45:55,1130.104437,1130,388239.47,2.361206077,6,0,0
2025-09-27 19:45:55,1130.104437,1130,388239.47,2.361206077,6,0,0
2025-09-27 19:45:56,1131.205728,1131,388239.47,2.361206077,6,0,0
2025-09-27 19:45:56,1131.205728,1131,388239.47,2.361206077,6,0,0
2025-09-27 19:45:57,1131.667262,1131,388239.47,2.361206077,6,0,0
2025-09-27 19:45:57,1131.667262,1131,388239.47,2.361206077,6,0,0
2025-09-27 19:45:57,1132.347608,1132,388239.47,2.361206077,6,0,0
2025-09-27 19:45:57,1132.347608,1132,388239.47,2.361206077,6,0,0
2025-09-27 19:45:59,1133.412489,1133,388239.47,2.361206077,6,0,0
2025-09-27 19:45:59,1133.412489,1133,388239.47,2.361206077,6,0,0
2025-09-27 19:45:59,1134.112515,1134,388239.47,2.361206077,6,0,0
2025-09-27 19:45:59,1134.112515,1134,388239.47,2.361206077,6,0,0
2025-09-27 19:46:00,1135.25478,1135,388239.47,2.361206077,6,0,0
2025-09-27 19:46:00,1135.25478,1135,388239.47,2.361206077,6,0,0
2025-09-27 19:46:03,1137.468816,1137,388239.47,2.361206077,6,0,0
2025-09-27 19:46:03,1137.468816,1137,388239.47,2.361206077,6,0,0
2025-09-27 19:46:04,1138.453489,1138,388239.47,2.361206077,6,0,0
2025-09-27 19:46:04,1138.453489,1138,388239.47,2.361206077,6,0,0
2025-09-27 19:46:05,1139.471746,1139,388239.47,2.361206077,6,0,0
2025-09-27 19:46:05,1139.471746,1139,388239.47,2.361206077,6,0,0
2025-09-27 19:46:05,1140.027653,1140,388239.47,2.361206077,6,0,0
2025-09-27 19:46:05,1140.027653,1140,388239.47,2.361206077,6,0,0
2025-09-27 19:46:06,1140.853311,1140,388239.47,2.361206077,6,0,0
2025-09-27 19:46:06,1140.853311,1140,388239.47,2.361206077,6,0,0
2025-09-27 19:46:07,1141.788965,1141,388239.47,2.361206077,6,0,0
2025-09-27 19:46:07,1141.788965,1141,388239.47,2.361206077,6,0,0
2025-09-27 19:46:08,1142.536335,1142,388239.47,2.361206077,6,0,0
2025-09-27 19:46:08,1142.536335,1142,388239.47,2.361206077,6,0,0
2025-09-27 19:46:08,1143.32983,1143,388239.47,2.361206077,6,0,0
2025-09-27 19:46:08,1143.32983,1143,388239.47,2.361206077,6,0,0
2025-09-27 19:46:10,1145.169447,1145,388239.47,2.361206077,6,0,0
2025-09-27 19:46:10,1145.169447,1145,388239.47,2.361206077,6,0,0
2025-09-27 19:46:12,1146.417832,1146,388239.47,2.361206077,6,0,0
2025-09-27 19:46:12,1146.417832,1146,388239.47,2.361206077,6,0,0
2025-09-27 19:46:12,1147.338565,1147,388239.47,2.361206077,6,0,0
2025-09-27 19:46:12,1147.338565,1147,388239.47,2.361206077,6,0,0
2025-09-27 19:46:13,1148.372919,1148,388239.47,2.361206077,6,0,0
2025-09-27 19:46:13,1148.372919,1148,388239.47,2.361206077,6,0,0
2025-09-27 19:46:14,1149.35403,1149,388239.47,2.361206077,6,0,0
2025-09-27 19:46:14,1149.35403,1149,388239.47,2.361206077,6,0,0
2025-09-27 19:46:15,1150.271892,1150,388239.47,2.361206077,6,0,0
2025-09-27 19:46:15,1150.271892,1150,388239.47,2.361206077,6,0,0
2025-09-27 19:46:16,1151.211961,1151,388239.47,2.361206077,6,0,0
2025-09-27 19:46:16,1151.213974,1151,388239.47,2.361206077,6,0,0
2025-09-27 19:46:17,1151.960829,1151,388239.47,2.361206077,6,0,0
2025-09-27 19:46:17,1151.960829,1151,388239.47,2.361206077,6,0,0
2025-09-27 19:46:19,1153.395368,1153,388239.47,2.361206077,6,0,0
2025-09-27 19:46:19,1153.395368,1153,388239.47,2.361206077,6,0,0
2025-09-27 19:46:20,1154.473268,1154,388239.47,2.361206077,6,0,0
2025-09-27 19:46:20,1154.473268,1154,388239.47,2.361206077,6,0,0
2025-09-27 19:46:21,1155.469986,1155,388239.47,2.361206077,6,0,0
2025-09-27 19:46:21,1155.469986,1155,388239.47,2.361206077,6,0,0
2025-09-27 19:46:21,1156.326553,1156,388239.47,2.361206077,6,0,0
2025-09-27 19:46:21,1156.326553,1156,388239.47,2.361206077,6,0,0
2025-09-27 19:46:23,1157.450946,1157,388239.47,2.361206077,6,0,0
2025-09-27 19:46:23,1157.450946,1157,388239.47,2.361206077,6,0,0
2025-09-27 19:46:23,1158.08834,1158,388239.47,2.361206077,6,0,0
2025-09-27 19:46:23,1158.104121,1158,388239.47,2.361206077,6,0,0
2025-09-27 19:46:24,1158.614547,1158,388239.47,2.361206077,6,0,0
2025-09-27 19:46:24,1158.614547,1158,388239.47,2.361206077,6,0,0
2025-09-27 19:46:25,1159.948421,1159,388239.47,2.361206077,6,0,0
2025-09-27 19:46:25,1159.948421,1159,388239.47,2.361206077,6,0,0
2025-09-27 19:46:26,1161.099861,1161,388239.47,2.361206077,6,0,0
2025-09-27 19:46:26,1161.099861,1161,388239.47,2.361206077,6,0,0
2025-09-27 19:46:27,1162.369711,1162,388239.47,2.361206077,6,0,0
2025-09-27 19:46:27,1162.369711,1162,388239.47,2.361206077,6,0,0
2025-09-27 19:46:28,1162.978076,1162,388239.47,2.361206077,6,0,0
2025-09-27 19:46:28,1162.978076,1162,388239.47,2.361206077,6,0,0
2025-09-27 19:46:29,1164.05563,1164,388239.47,2.361206077,6,0,0
2025-09-27 19:46:29,1164.05563,1164,388239.47,2.361206077,6,0,0
2025-09-27 19:46:33,1167.590299,1167,388211.02,2.353703495,6,0,0
2025-09-27 19:46:33,1167.590299,1167,388239.47,2.361206077,6,0,0
2025-09-27 19:46:34,1168.700813,1168,388211.02,2.353703495,6,0,0
2025-09-27 19:46:34,1168.700813,1168,388239.47,2.361206077,6,0,0
2025-09-27 19:46:35,1170.193895,1170,388211.02,2.353703495,6,0,0
2025-09-27 19:46:35,1170.193895,1170,388239.47,2.361206077,6,0,0
2025-09-27 19:46:37,1171.813239,1171,388211.02,2.353703495,6,0,0
2025-09-27 19:46:37,1171.813239,1171,388239.47,2.361206077,6,0,0
2025-09-27 19:46:38,1172.589971,1172,388211.02,2.353703495,6,0,0
2025-09-27 19:46:38,1172.589971,1172,388239.47,2.361206077,6,0,0
2025-09-27 19:46:39,1173.5414,1173,388211.02,2.353703495,6,0,0
2025-09-27 19:46:39,1173.5414,1173,388239.47,2.361206077,6,0,0
2025-09-27 19:46:40,1175.028661,1175,388211.02,2.353703495,6,0,0
2025-09-27 19:46:40,1175.028661,1175,388239.47,2.361206077,6,0,0
2025-09-27 19:46:41,1175.692534,1175,388211.02,2.353703495,6,0,0
2025-09-27 19:46:41,1175.692534,1175,388239.47,2.361206077,6,0,0
2025-09-27 19:46:43,1177.897333,1177,388211.02,2.353703495,6,0,0
2025-09-27 19:46:43,1177.897333,1177,388239.47,2.361206077,6,0,0
2025-09-27 19:46:44,1179.023062,1179,388211.02,2.353703495,6,0,0
2025-09-27 19:46:44,1179.023062,1179,388236.04,2.360301125,6,0,0
2025-09-27 19:46:46,1180.798285,1180,388211.02,2.353703495,6,0,0
2025-09-27 19:46:46,1180.798285,1180,388236.04,2.360301125,6,0,0
2025-09-27 19:46:47,1181.906921,1181,388211.02,2.353703495,6,0,0
2025-09-27 19:46:47,1181.906921,1181,388236.04,2.360301125,6,0,0
2025-09-27 19:46:48,1182.654023,1182,388211.02,2.353703495,6,0,0
2025-09-27 19:46:48,1182.654023,1182,388236.04,2.360301125,6,0,0
2025-09-27 19:46:50,1184.554982,1184,388211.02,2.353703495,6,0,0
2025-09-27 19:46:50,1184.554982,1184,388211.02,2.353703495,6,0,0
2025-09-27 19:51:02,252.191127,252,420103.17,10.76222356,7,0,0
2025-09-27 19:51:02,252.191846,252,444002.11,17.06329434,7,0,0
2025-09-27 19:53:20,390.41059,390,414586.5,9.307727416,7,0,0
2025-09-27 19:53:20,390.412599,390,420103.17,10.76222356,7,0,0
2025-09-27 19:53:53,423.326807,423,407899.6,7.544694735,7,0,0
2025-09-27 19:53:53,423.326807,423,413266.43,8.959685083,7,0,0
2025-09-27 19:54:03,433.51312,433,407899.6,7.544694735,7,0,0
2025-09-27 19:54:03,433.51312,433,408083.02,7.593051865,7,0,0
2025-09-27 19:54:05,435.622563,435,406919.27,7.286226004,7,0,0
2025-09-27 19:54:05,435.622563,435,407886.96,7.541360229,7,0,0
2025-09-27 19:54:06,436.348469,436,406886.27,7.277522828,7,0,0
2025-09-27 19:54:06,436.348469,436,406919.27,7.286226004,7,0,0
2025-09-27 19:54:08,438.463168,438,406886.27,7.277522828,7,0,0
2025-09-27 19:54:08,438.463168,438,406919.27,7.286226004,7,0,0
2025-09-27 19:54:10,440.687203,440,406886.27,7.277522828,7,0,0
2025-09-27 19:54:10,440.687203,440,406918.47,7.286014492,7,0,0
2025-09-27 19:54:21,451.743337,451,406886.27,7.277522828,7,0,0
2025-09-27 19:54:21,451.743337,451,406918.47,7.286014492,7,0,0
2025-09-27 19:54:23,453.271832,453,406886.27,7.277522828,7,0,0
2025-09-27 19:54:23,453.271832,453,406918.47,7.286014492,7,0,0
2025-09-27 19:54:26,455.916897,455,406721.01,7.233953441,7,0,0
2025-09-27 19:54:26,455.916897,455,406886.27,7.277522828,7,0,0
2025-09-27 19:54:27,456.800589,456,406281.88,7.118173742,7,0,0
2025-09-27 19:54:27,456.800589,456,406721.01,7.233953441,7,0,0
2025-09-27 19:54:28,458.421901,458,406281.88,7.118173742,7,0,0
2025-09-27 19:54:28,458.421901,458,406721.01,7.233953441,7,0,0
2025-09-27 19:54:29,459.416513,459,405423.32,6.891810253,7,0,0
2025-09-27 19:54:29,459.416513,459,405512.48,6.915319053,7,0,0
2025-09-27 19:54:31,461.575556,461,405423.32,6.891810253,7,0,0
2025-09-27 19:54:31,461.575556,461,405512.48,6.915319053,7,0,0
2025-09-27 19:54:44,474.124762,474,405423.32,6.891810253,7,0,0
2025-09-27 19:54:44,474.124762,474,405512.48,6.915319053,7,0,0
2025-09-27 19:54:51,481.331333,481,405369.1,6.877514228,7,0,0
2025-09-27 19:54:51,481.331333,481,405423.32,6.891810253,7,0,0
2025-09-27 19:54:53,482.785915,482,405369.1,6.877514228,7,0,0
2025-09-27 19:54:53,482.785915,482,405423.32,6.891810253,7,0,0
2025-09-27 19:55:00,490.602135,490,403004,6.25394414,7,0,0
2025-09-27 19:55:00,490.602135,490,404999.68,6.780115778,7,0,0
2025-09-27 19:55:06,496.249624,496,402946.45,6.238770825,7,0,0
2025-09-27 19:55:06,496.249624,496,403004,6.25394414,7,0,0
2025-09-27 19:55:10,500.693729,500,402946.45,6.238770825,7,0,0
2025-09-27 19:55:10,500.693729,500,403004,6.25394414,7,0,0
2025-09-27 19:55:15,505.420692,505,402448.84,6.107574482,7,0,0
2025-09-27 19:55:15,505.420692,505,402946.45,6.238770825,7,0,0
2025-09-27 19:55:19,509.050375,509,401876.95,5.956793102,7,0,0
2025-09-27 19:55:19,509.050375,509,402379.84,6.089381201,7,0,0
2025-09-27 19:55:21,511.768138,511,401876.95,5.956793102,7,0,0
2025-09-27 19:55:21,511.768138,511,402379.84,6.089381201,7,0,0
2025-09-27 19:55:23,512.792864,512,401876.95,5.956793102,7,0,0
2025-09-27 19:55:23,512.792864,512,401911.53,5.965910978,7,0,0
2025-09-27 19:55:27,517.058787,517,400726.54,5.653482606,7,0,0
2025-09-27 19:55:27,517.058787,517,401876.95,5.956793102,7,0,0
2025-09-27 19:55:27,517.644708,517,400726.54,5.653482606,7,0,0
2025-09-27 19:55:27,517.660577,517,400812.71,5.67620012,7,0,0
2025-09-27 19:55:28,518.581035,518,400726.54,5.653482606,7,0,0
2025-09-27 19:55:28,518.581035,518,400812.71,5.67620012,7,0,0
2025-09-27 19:55:29,519.324879,519,400489.4,5.590958679,7,0,0
2025-09-27 19:55:29,519.324879,519,400726.54,5.653482606,7,0,0
2025-09-27 19:55:31,520.829666,520,400322.48,5.546948904,7,0,0
2025-09-27 19:55:31,520.829666,520,400489.4,5.590958679,7,0,0
2025-09-27 19:55:33,523.373284,523,400263.04,5.531277694,7,0,0
2025-09-27 19:55:33,523.373284,523,400322.48,5.546948904,7,0,0
2025-09-27 19:55:34,523.962405,523,400263.04,5.531277694,7,0,0
2025-09-27 19:55:34,523.962405,523,400295.38,5.539803971,7,0,0
2025-09-27 19:55:34,524.726327,524,400263.04,5.531277694,7,0,0
2025-09-27 19:55:34,524.726327,524,400263.04,5.531277694,7,0,0
2025-09-27 19:55:36,526.753738,526,400107.23,5.490196953,7,0,0
2025-09-27 19:55:36,526.753738,526,400263.04,5.531277694,7,0,0
2025-09-27 19:55:37,527.609391,527,400107.23,5.490196953,7,0,0
2025-09-27 19:55:37,527.625507,527,400263.04,5.531277694,7,0,0
2025-09-27 19:55:38,528.196849,528,399925.09,5.442175448,7,0,0
2025-09-27 19:55:38,528.196849,528,400107.23,5.490196953,7,0,0
2025-09-27 19:55:39,529.066252,529,399925.09,5.442175448,7,0,0
2025-09-27 19:55:39,529.066252,529,400107.23,5.490196953,7,0,0
2025-09-27 19:55:40,530.289375,530,399570.15,5.348593327,7,0,0
2025-09-27 19:55:40,530.289375,530,399666.16,5.373908538,7,0,0
2025-09-27 19:55:41,531.335534,531,399570.15,5.348593327,7,0,0
2025-09-27 19:55:41,531.335534,531,399570.15,5.348593327,7,0,0
2025-09-27 19:55:42,532.74891,532,399570.15,5.348593327,7,0,0
2025-09-27 19:55:42,532.74891,532,399570.15,5.348593327,7,0,0
2025-09-27 19:55:48,538.349287,538,399167.38,5.242402432,7,0,0
2025-09-27 19:55:48,538.349287,538,399570.15,5.348593327,7,0,0
2025-09-27 19:55:50,539.998071,539,399167.38,5.242402432,7,0,0
2025-09-27 19:55:50,539.998071,539,399570.15,5.348593327,7,0,0
2025-09-27 19:55:51,541.584484,541,399167.38,5.242402432,7,0,0
2025-09-27 19:55:51,541.584484,541,399442.87,5.315034769,7,0,0
2025-09-27 19:55:53,543.196104,543,399167.38,5.242402432,7,0,0
2025-09-27 19:55:53,543.196104,543,399253.66,5.265150751,7,0,0
2025-09-27 19:55:54,543.958174,543,399167.38,5.242402432,7,0,0
2025-09-27 19:55:54,543.958174,543,399253.66,5.265150751,7,0,0
2025-09-27 19:56:03,553.392851,553,399167.38,5.242402432,7,0,0
2025-09-27 19:56:03,553.392851,553,399253.66,5.265150751,7,0,0
2025-09-27 19:56:04,554.613507,554,399167.38,5.242402432,7,0,0
2025-09-27 19:56:04,554.613507,554,399253.66,5.265150751,7,0,0
2025-09-27 19:56:06,556.38942,556,399167.38,5.242402432,7,0,0
2025-09-27 19:56:06,556.38942,556,399215.47,5.255081791,7,0,0
2025-09-27 19:56:07,557.506578,557,399167.38,5.242402432,7,0,0
2025-09-27 19:56:07,557.506578,557,399168.12,5.242596697,7,0,0
2025-09-27 19:56:09,559.266876,559,399167.38,5.242402432,7,0,0
2025-09-27 19:56:09,559.266876,559,399167.38,5.242402432,7,0,0
2025-09-27 19:56:10,560.532688,560,399167.38,5.242402432,7,0,0
2025-09-27 19:56:10,560.532688,560,399167.38,5.242402432,7,0,0
2025-09-27 19:56:12,562.417347,562,398928.87,5.179516615,7,0,0
2025-09-27 19:56:12,562.433191,562,399167.38,5.242402432,7,0,0
2025-09-27 19:56:14,563.890793,563,398845.37,5.157501854,7,0,0
2025-09-27 19:56:14,563.890793,563,398928.87,5.179516615,7,0,0
2025-09-27 19:56:15,565.650857,565,398845.37,5.157501854,7,0,0
2025-09-27 19:56:15,565.650857,565,398857.49,5.160698896,7,0,0
2025-09-27 19:56:18,567.903083,567,398845.37,5.157501854,7,0,0
2025-09-27 19:56:18,567.903083,567,398857.49,5.160698896,7,0,0
2025-09-27 19:56:20,570.726055,570,398813.47,5.149090752,7,0,0
2025-09-27 19:56:20,570.726055,570,398845.37,5.157501854,7,0,0
2025-09-27 19:56:22,572.516565,572,398813.47,5.149090752,7,0,0
2025-09-27 19:56:22,572.516565,572,398845.37,5.157501854,7,0,0
2025-09-27 19:56:23,573.453862,573,398741.51,5.130120071,7,0,0
2025-09-27 19:56:23,573.453862,573,398813.47,5.149090752,7,0,0
2025-09-27 19:56:25,574.865676,574,398741.51,5.130120071,7,0,0
2025-09-27 19:56:25,574.865676,574,398813.47,5.149090752,7,0,0
2025-09-27 19:56:26,575.926608,575,398741.51,5.130120071,7,0,0
2025-09-27 19:56:26,575.926608,575,398741.51,5.130120071,7,0,0
2025-09-27 19:56:29,578.835787,578,397831.62,4.890221028,7,0,0
2025-09-27 19:56:29,578.835787,578,398741.51,5.130120071,7,0,0
2025-09-27 19:56:30,580.519281,580,397831.62,4.890221028,7,0,0
2025-09-27 19:56:30,580.519281,580,398591.43,5.090550899,7,0,0
2025-09-27 19:56:31,581.774425,581,397831.62,4.890221028,7,0,0
2025-09-27 19:56:31,581.774425,581,398234.57,4.996461947,7,0,0
2025-09-27 19:56:38,588.327768,588,397409.13,4.778830495,7,0,0
2025-09-27 19:56:38,588.327768,588,397831.62,4.890221028,7,0,0
2025-09-27 19:56:39,589.734669,589,397409.13,4.778830495,7,0,0
2025-09-27 19:56:39,589.734669,589,397831.62,4.890221028,7,0,0
2025-09-27 19:56:40,590.733398,590,397409.13,4.778830495,7,0,0
2025-09-27 19:56:40,590.733398,590,397525.38,4.809481579,7,0,0
2025-09-27 19:56:42,592.528374,592,397409.13,4.778830495,7,0,0
2025-09-27 19:56:42,592.528374,592,397487.68,4.79954089,7,0,0
2025-09-27 19:56:46,596.501789,596,397409.13,4.778830495,7,0,0
2025-09-27 19:56:46,596.501789,596,397487.68,4.79954089,7,0,0
2025-09-27 19:56:50,600.051414,600,397391.01,4.774053068,7,0,0
2025-09-27 19:56:50,600.051414,600,397409.13,4.778830495,7,0,0
2025-09-27 19:56:55,605.488297,605,397384.38,4.772303854,7,0,0
2025-09-27 19:56:55,605.488297,605,397391.01,4.774053068,7,0,0
2025-09-27 19:56:56,606.763066,606,397384.38,4.772303854,7,0,0
2025-09-27 19:56:56,606.763066,606,397391.01,4.774053068,7,0,0
2025-09-27 19:56:58,608.522158,608,397309,4.752431218,7,0,0
2025-09-27 19:56:58,608.522158,608,397384.38,4.772303854,7,0,0
2025-09-27 19:57:00,609.804586,609,397309,4.752431218,7,0,0
2025-09-27 19:57:00,609.804586,609,397384.38,4.772303854,7,0,0
2025-09-27 19:57:00,610.546972,610,397303.93,4.751093161,7,0,0
2025-09-27 19:57:00,610.549263,610,397309,4.752431218,7,0,0
2025-09-27 19:57:01,611.707134,611,397303.93,4.751093161,7,0,0
2025-09-27 19:57:01,611.707134,611,397309,4.752431218,7,0,0
2025-09-27 19:57:02,612.500136,612,397303.93,4.751093161,7,0,0
2025-09-27 19:57:02,612.500136,612,397309,4.752431218,7,0,0
2025-09-27 19:57:04,614.609636,614,397037.43,4.680828997,7,0,0
2025-09-27 19:57:04,614.609636,614,397303.93,4.751093161,7,0,0
2025-09-27 19:57:08,618.098334,618,396861.18,4.634360269,7,0,0
2025-09-27 19:57:08,618.098334,618,397037.43,4.680828997,7,0,0
2025-09-27 19:57:08,618.7654,618,396797.7,4.617623898,7,0,0
2025-09-27 19:57:08,618.7654,618,396861.18,4.634360269,7,0,0
2025-09-27 19:57:10,620.127057,620,396797.7,4.617623898,7,0,0
2025-09-27 19:57:10,620.127057,620,396831.46,4.626525177,7,0,0
2025-09-27 19:57:13,623.243237,623,396694.8,4.590494444,7,0,0
2025-09-27 19:57:13,623.243237,623,396797.7,4.617623898,7,0,0
2025-09-27 19:57:14,624.202192,624,396688.1,4.588728329,7,0,0
2025-09-27 19:57:14,624.202192,624,396694.8,4.590494444,7,0,0
2025-09-27 19:57:15,625.109907,625,396688.1,4.588728329,7,0,0
2025-09-27 19:57:15,625.109907,625,396694.8,4.590494444,7,0,0
2025-09-27 19:57:17,627.011383,627,396688.1,4.588728329,7,0,0
2025-09-27 19:57:17,627.011383,627,396694.8,4.590494444,7,0,0
2025-09-27 19:57:30,639.788811,639,396688.1,4.588728329,7,0,0
2025-09-27 19:57:30,639.788811,639,396694.8,4.590494444,7,0,0
2025-09-27 19:57:31,641.261765,641,396644.71,4.577287618,7,0,0
2025-09-27 19:57:31,641.261765,641,396688.1,4.588728329,7,0,0
2025-09-27 19:57:34,643.896121,643,396644.71,4.577287618,7,0,0
2025-09-27 19:57:34,643.896121,643,396688.1,4.588728329,7,0,0
2025-09-27 19:57:36,646.26904,646,396620.51,4.570907906,7,0,0
2025-09-27 19:57:36,646.26904,646,396644.71,4.577287618,7,0,0
2025-09-27 19:57:37,646.921168,646,396620.51,4.570907906,7,0,0
2025-09-27 19:57:37,646.921168,646,396644.71,4.577287618,7,0,0
2025-09-27 19:57:38,648.519202,648,396620.51,4.570907906,7,0,0
2025-09-27 19:57:38,648.519202,648,396644.71,4.577287618,7,0,0
2025-09-27 19:57:40,649.957894,649,396620.51,4.570907906,7,0,0
2025-09-27 19:57:40,649.957894,649,396644.71,4.577287618,7,0,0
2025-09-27 19:57:42,652.205289,652,396575.64,4.55907799,7,0,0
2025-09-27 19:57:42,652.205289,652,396620.51,4.570907906,7,0,0
2025-09-27 19:57:45,654.959884,654,396575.64,4.55907799,7,0,0
2025-09-27 19:57:45,654.959884,654,396620.51,4.570907906,7,0,0
2025-09-27 19:57:47,657.178389,657,395522.69,4.281461192,7,0,0
2025-09-27 19:57:47,657.178389,657,396575.64,4.55907799,7,0,0
2025-09-27 19:57:59,669.761092,669,395522.69,4.281461192,7,0,0
2025-09-27 19:57:59,669.761092,669,396269.72,4.478418329,7,0,0
2025-09-27 19:58:00,670.475028,670,395491.79,4.273313331,7,0,0
2025-09-27 19:58:00,670.475028,670,395522.69,4.281461192,7,0,0
2025-09-27 19:58:01,671.061382,671,395491.79,4.273313331,7,0,0
2025-09-27 19:58:01,671.061382,671,395502.75,4.276203487,7,0,0
2025-09-27 19:58:02,672.557381,672,395491.79,4.273313331,7,0,0
2025-09-27 19:58:02,672.559399,672,395502.75,4.276203487,7,0,0
2025-09-27 19:58:04,673.980336,673,395230.74,4.20448769,7,0,0
2025-09-27 19:58:04,673.980336,673,395491.79,4.273313331,7,0,0
2025-09-27 19:58:06,676.55918,676,393454.55,3.736186792,7,0,0
2025-09-27 19:58:06,676.55918,676,395230.74,4.20448769,7,0,0
2025-09-27 19:58:07,677.381311,677,393454.55,3.736186792,7,0,0
2025-09-27 19:58:07,677.381311,677,393928.3,3.861093996,7,0,0
2025-09-27 19:58:08,678.268441,678,393454.55,3.736186792,7,0,0
2025-09-27 19:58:08,678.268441,678,393462.23,3.738210789,7,0,0
2025-09-27 19:58:10,680.581989,680,393454.55,3.736186792,7,0,0
2025-09-27 19:58:10,680.581989,680,393462.23,3.738210789,7,0,0
2025-09-27 19:58:11,681.692434,681,393321.84,3.701197861,7,0,0
2025-09-27 19:58:11,681.692434,681,393454.55,3.736186792,7,0,0
2025-09-27 19:58:12,682.706792,682,393321.84,3.701197861,7,0,0
2025-09-27 19:58:12,682.706792,682,393454.55,3.736186792,7,0,0
2025-09-27 19:58:13,683.575666,683,393321.84,3.701197861,7,0,0
2025-09-27 19:58:13,683.575666,683,393354.84,3.709897886,7,0,0
2025-09-27 19:58:14,684.429799,684,393321.84,3.701197861,7,0,0
2025-09-27 19:58:14,684.445775,684,393354.84,3.709897886,7,0,0
2025-09-27 19:58:16,686.185212,686,393321.84,3.701197861,7,0,0
2025-09-27 19:58:16,686.185212,686,393354.84,3.709897886,7,0,0
2025-09-27 19:58:20,690.67955,690,393321.84,3.701197861,7,0,0
2025-09-27 19:58:20,690.67955,690,393354.84,3.709897886,7,0,0
2025-09-27 19:58:23,693.166068,693,393041.66,3.627325869,7,0,0
2025-09-27 19:58:23,693.166068,693,393321.84,3.701197861,7,0,0
2025-09-27 19:58:26,696.140202,696,393041.66,3.627325869,7,0,0
2025-09-27 19:58:26,696.140202,696,393321.84,3.701197861,7,0,0
2025-09-27 19:58:27,697.167345,697,393041.66,3.627325869,7,0,0
2025-09-27 19:58:27,697.167345,697,393321.84,3.701197861,7,0,0
2025-09-27 19:58:28,698.057616,698,393041.66,3.627325869,7,0,0
2025-09-27 19:58:28,698.057616,698,393288.1,3.692301481,7,0,0
2025-09-27 19:58:28,698.725121,698,392069.32,3.370964297,7,0,0
2025-09-27 19:58:28,698.725121,698,393041.66,3.627325869,7,0,0
2025-09-27 19:58:29,699.627837,699,392048.01,3.365345838,7,0,0
2025-09-27 19:58:29,699.627837,699,392069.32,3.370964297,7,0,0
2025-09-27 19:58:32,702.309641,702,391808.32,3.302149652,7,0,0
2025-09-27 19:58:32,702.309641,702,392044.97,3.364544338,7,0,0
2025-09-27 19:58:33,703.356015,703,391808.32,3.302149652,7,0,0
2025-09-27 19:58:33,703.356015,703,391937.79,3.336285263,7,0,0
2025-09-27 19:58:36,706.762572,706,391493.59,3.219170768,7,0,0
2025-09-27 19:58:36,706.762572,706,391808.32,3.302149652,7,0,0
2025-09-27 19:58:38,708.365008,708,391493.59,3.219170768,7,0,0
2025-09-27 19:58:38,708.365008,708,391808.32,3.302149652,7,0,0
2025-09-27 19:58:39,709.300818,709,391493.59,3.219170768,7,0,0
2025-09-27 19:58:39,709.300818,709,391493.59,3.219170768,7,0,0
2025-09-27 19:58:40,710.680543,710,391493.59,3.219170768,7,0,0
2025-09-27 19:58:40,710.680543,710,391493.59,3.219170768,7,0,0
2025-09-27 19:58:41,711.552059,711,391493.59,3.219170768,7,0,0
2025-09-27 19:58:41,711.552059,711,391493.59,3.219170768,7,0,0
2025-09-27 19:58:43,713.374666,713,391122.18,3.12124523,7,0,0
2025-09-27 19:58:43,713.385186,713,391323.65,3.174363179,7,0,0
2025-09-27 19:58:46,716.103807,716,391122.18,3.12124523,7,0,0
2025-09-27 19:58:46,716.103807,716,391323.65,3.174363179,7,0,0
2025-09-27 19:58:47,717.171372,717,391122.18,3.12124523,7,0,0
2025-09-27 19:58:47,717.171372,717,391122.18,3.12124523,7,0,0
2025-09-27 19:58:49,719.118779,719,391115.82,3.11956974,7,0,0
2025-09-27 19:58:49,719.118779,719,391122.18,3.12124523,7,0,0
2025-09-27 19:58:50,720.405166,720,390757.58,3.025117892,7,0,0
2025-09-27 19:58:50,720.405166,720,391115.82,3.11956974,7,0,0
2025-09-27 19:58:52,722.192896,722,390517.77,2.961889771,7,0,0
2025-09-27 19:58:52,722.192896,722,390757.58,3.025117892,7,0,0
2025-09-27 19:58:53,723.350004,723,390517.77,2.961889771,7,0,0
2025-09-27 19:58:53,723.350004,723,390566.83,2.974825135,7,0,0
2025-09-27 19:58:54,724.461632,724,390517.77,2.961889771,7,0,0
2025-09-27 19:58:54,724.461632,724,390520.7,2.96266309,7,0,0
2025-09-27 19:58:56,725.998002,725,389442.47,2.678381103,7,0,0
2025-09-27 19:58:56,725.998002,725,390517.77,2.961889771,7,0,0
2025-09-27 19:58:58,728.01375,728,389442.47,2.678381103,7,0,0
2025-09-27 19:58:58,728.01375,728,390160.82,2.867777949,7,0,0
2025-09-27 19:58:59,729.765701,729,389442.47,2.678381103,7,0,0
2025-09-27 19:58:59,729.765701,729,389708.8,2.748602327,7,0,0
2025-09-27 19:59:01,731.424958,731,388801.76,2.509456256,7,0,0
2025-09-27 19:59:01,731.424958,731,389442.47,2.678381103,7,0,0
2025-09-27 19:59:02,732.442173,732,388801.76,2.509456256,7,0,0
2025-09-27 19:59:02,732.442173,732,388877.76,2.529492914,7,0,0
2025-09-27 19:59:04,734.120055,734,388796.91,2.508178319,7,0,0
2025-09-27 19:59:04,734.120055,734,388801.76,2.509456256,7,0,0
2025-09-27 19:59:05,735.399308,735,388796.91,2.508178319,7,0,0
2025-09-27 19:59:05,735.399308,735,388801.76,2.509456256,7,0,0
2025-09-27 19:59:08,738.330878,738,388796.91,2.508178319,7,0,0
2025-09-27 19:59:08,738.330878,738,388801.76,2.509456256,7,0,0
2025-09-27 19:59:09,739.155246,739,388796.91,2.508178319,7,0,0
2025-09-27 19:59:09,739.155246,739,388801.76,2.509456256,7,0,0
2025-09-27 19:59:10,740.186039,740,388796.91,2.508178319,7,0,0
2025-09-27 19:59:10,740.186039,740,388801.76,2.509456256,7,0,0
2025-09-27 19:59:11,741.247564,741,388796.91,2.508178319,7,0,0
2025-09-27 19:59:11,741.247564,741,388801.76,2.509456256,7,0,0
2025-09-27 19:59:12,742.374928,742,388796.91,2.508178319,7,0,0
2025-09-27 19:59:12,742.374928,742,388801.76,2.509456256,7,0,0
2025-09-27 19:59:13,743.326252,743,388796.91,2.508178319,7,0,0
2025-09-27 19:59:13,743.326252,743,388801.76,2.509456256,7,0,0
2025-09-27 19:59:14,743.977387,743,388796.91,2.508178319,7,0,0
2025-09-27 19:59:14,743.977387,743,388801.76,2.509456256,7,0,0
2025-09-27 19:59:17,747.029748,747,388796.91,2.508178319,7,0,0
2025-09-27 19:59:17,747.029748,747,388801.76,2.509456256,7,0,0
2025-09-27 19:59:19,749.006762,749,388782.69,2.504426831,7,0,0
2025-09-27 19:59:19,749.006762,749,388796.91,2.508178319,7,0,0
2025-09-27 19:59:20,749.800403,749,388782.69,2.504426831,7,0,0
2025-09-27 19:59:20,749.800403,749,388796.91,2.508178319,7,0,0
2025-09-27 19:59:21,750.942302,750,388770.93,2.50132719,7,0,0
2025-09-27 19:59:21,750.942302,750,388782.69,2.504426831,7,0,0
2025-09-27 19:59:24,754.65188,754,388770.93,2.50132719,7,0,0
2025-09-27 19:59:24,754.65188,754,388782.69,2.504426831,7,0,0
2025-09-27 19:59:26,756.017648,756,388713.79,2.486263156,7,0,0
2025-09-27 19:59:26,756.017648,756,388770.93,2.50132719,7,0,0
2025-09-27 19:59:30,760.598167,760,388713.79,2.486263156,7,0,0
2025-09-27 19:59:30,760.598167,760,388770.93,2.50132719,7,0,0
2025-09-27 19:59:31,761.321637,761,388713.79,2.486263156,7,0,0
2025-09-27 19:59:31,761.321637,761,388770.93,2.50132719,7,0,0
2025-09-27 19:59:34,764.186626,764,388713.79,2.486263156,7,0,0
2025-09-27 19:59:34,764.186626,764,388770.93,2.50132719,7,0,0
2025-09-27 19:59:35,765.470648,765,387467.77,2.157743317,7,0,0
2025-09-27 19:59:35,765.470648,765,388713.79,2.486263156,7,0,0
2025-09-27 19:59:36,766.281376,766,387467.77,2.157743317,7,0,0
2025-09-27 19:59:36,766.281376,766,388635.88,2.465721881,7,0,0
2025-09-27 19:59:37,767.46908,767,387467.77,2.157743317,7,0,0
2025-09-27 19:59:37,767.46908,767,387700.82,2.219187595,7,0,0
2025-09-27 19:59:40,770.191607,770,387467.77,2.157743317,7,0,0
2025-09-27 19:59:40,770.191607,770,387467.77,2.157743317,7,0,0
2025-09-27 19:59:41,771.098111,771,387399.9,2.1398483,7,0,0
2025-09-27 19:59:41,771.098111,771,387467.77,2.157743317,7,0,0
2025-09-27 19:59:43,773.377126,773,387399.9,2.1398483,7,0,0
2025-09-27 19:59:43,773.377126,773,387467.77,2.157743317,7,0,0
2025-09-27 19:59:45,774.863543,774,387399.9,2.1398483,7,0,0
2025-09-27 19:59:45,774.863543,774,387464.84,2.156969998,7,0,0
2025-09-27 19:59:48,778.029281,778,387399.9,2.1398483,7,0,0
2025-09-27 19:59:48,778.029281,778,387464.84,2.156969998,7,0,0
2025-09-27 19:59:49,779.584163,779,387399.9,2.1398483,7,0,0
2025-09-27 19:59:49,779.584163,779,387458.43,2.155280535,7,0,0
2025-09-27 19:59:50,780.534801,780,387399.9,2.1398483,7,0,0
2025-09-27 19:59:50,780.534801,780,387417.76,2.14455742,7,0,0
2025-09-27 19:59:52,781.867321,781,387399.9,2.1398483,7,0,0
2025-09-27 19:59:52,781.867321,781,387417.76,2.14455742,7,0,0
2025-09-27 19:59:53,782.86849,782,387224.39,2.093574705,7,0,0
2025-09-27 19:59:53,782.86849,782,387399.9,2.1398483,7,0,0
2025-09-27 19:59:54,784.763952,784,387060.62,2.050394757,7,0,0
2025-09-27 19:59:54,784.763952,784,387224.39,2.093574705,7,0,0
2025-09-27 19:59:56,785.939569,785,387060.62,2.050394757,7,0,0
2025-09-27 19:59:56,785.939569,785,387060.62,2.050394757,7,0,0
2025-09-27 19:59:56,786.780349,786,387060.62,2.050394757,7,0,0
2025-09-27 19:59:56,786.780349,786,387060.62,2.050394757,7,0,0
2025-09-27 19:59:57,787.480083,787,387060.62,2.050394757,7,0,0
2025-09-27 19:59:57,787.480083,787,387060.62,2.050394757,7,0,0
2025-09-27 19:59:59,789.065554,789,387060.62,2.050394757,7,0,0
2025-09-27 19:59:59,789.065554,789,387060.62,2.050394757,7,0,0
2025-09-27 20:00:01,790.931058,790,386923.3,2.014190035,7,0,0
2025-09-27 20:00:01,790.931058,790,386945.69,2.020093542,7,0,0
2025-09-27 20:00:01,791.715144,791,386923.3,2.014190035,7,0,0
2025-09-27 20:00:01,791.715144,791,386944.61,2.019808494,7,0,0
2025-09-27 20:00:02,792.736906,792,386798.72,1.981343866,7,0,0
2025-09-27 20:00:02,792.736906,792,386923.3,2.014190035,7,0,0
2025-09-27 20:00:05,795.325116,795,386798.72,1.981343866,7,0,0
2025-09-27 20:00:05,795.325116,795,386923.3,2.014190035,7,0,0
2025-09-27 20:00:06,795.975763,795,386798.72,1.981343866,7,0,0
2025-09-27 20:00:06,795.975763,795,386923.3,2.014190035,7,0,0
2025-09-27 20:00:08,798.270193,798,386798.72,1.981343866,7,0,0
2025-09-27 20:00:08,798.270193,798,386919.62,2.013221936,7,0,0
2025-09-27 20:00:10,799.935505,799,386798.72,1.981343866,7,0,0
2025-09-27 20:00:10,799.935505,799,386866.12,1.999114966,7,0,0
2025-09-27 20:00:10,800.58628,800,386798.72,1.981343866,7,0,0
2025-09-27 20:00:10,800.58628,800,386811.27,1.984654189,7,0,0
2025-09-27 20:00:11,801.192117,801,386725.44,1.962023692,7,0,0
2025-09-27 20:00:11,801.192117,801,386798.72,1.981343866,7,0,0
2025-09-27 20:00:12,801.971266,801,386559.85,1.918364712,7,0,0
2025-09-27 20:00:12,801.971266,801,386725.44,1.962023692,7,0,0
2025-09-27 20:00:13,802.9874,802,386559.85,1.918364712,7,0,0
2025-09-27 20:00:13,802.9874,802,386725.44,1.962023692,7,0,0
2025-09-27 20:00:14,804.284137,804,386559.85,1.918364712,7,0,0
2025-09-27 20:00:14,804.284137,804,386725.44,1.962023692,7,0,0
2025-09-27 20:00:15,805.126391,805,386559.85,1.918364712,7,0,0
2025-09-27 20:00:15,805.126391,805,386725.44,1.962023692,7,0,0
2025-09-27 20:00:16,806.076346,806,386559.85,1.918364712,7,0,0
2025-09-27 20:00:16,806.076346,806,386725.44,1.962023692,7,0,0
2025-09-27 20:00:21,811.764397,811,386559.85,1.918364712,7,0,0
2025-09-27 20:00:21,811.764397,811,386725.44,1.962023692,7,0,0
2025-09-27 20:00:22,812.669536,812,386559.85,1.918364712,7,0,0
2025-09-27 20:00:22,812.669536,812,386725.44,1.962023692,7,0,0
2025-09-27 20:00:24,813.849626,813,386559.85,1.918364712,7,0,0
2025-09-27 20:00:24,813.849626,813,386725.44,1.962023692,7,0,0
2025-09-27 20:00:24,814.75603,814,386559.85,1.918364712,7,0,0
2025-09-27 20:00:24,814.75603,814,386559.85,1.918364712,7,0,0
2025-09-27 20:00:35,825.206718,825,386559.85,1.918364712,7,0,0
2025-09-27 20:00:35,825.206718,825,386559.85,1.918364712,7,0,0
2025-09-27 20:00:39,828.936089,828,386559.85,1.918364712,7,0,0
2025-09-27 20:00:39,828.936089,828,386559.85,1.918364712,7,0,0
2025-09-27 20:00:39,829.577167,829,386559.85,1.918364712,7,0,0
2025-09-27 20:00:39,829.577167,829,386559.85,1.918364712,7,0,0
2025-09-27 20:00:40,830.736813,830,386407.2,1.878119067,7,0,0
2025-09-27 20:00:40,830.736813,830,386559.85,1.918364712,7,0,0
2025-09-27 20:00:42,832.512527,832,386407.2,1.878119067,7,0,0
2025-09-27 20:00:42,832.512527,832,386416.34,1.88052817,7,0,0
2025-09-27 20:00:44,833.909045,833,386407.2,1.878119067,7,0,0
2025-09-27 20:00:44,833.909045,833,386416.34,1.88052817,7,0,0
2025-09-27 20:00:46,836.772601,836,386407.2,1.878119067,7,0,0
2025-09-27 20:00:47,836.788317,836,386416.34,1.88052817,7,0,0
2025-09-27 20:00:52,842.078027,842,386407.2,1.878119067,7,0,0
2025-09-27 20:00:52,842.078027,842,386416.34,1.88052817,7,0,0
2025-09-27 20:00:53,843.087919,843,386407.2,1.878119067,7,0,0
2025-09-27 20:00:53,843.087919,843,386416.34,1.88052817,7,0,0
2025-09-27 20:00:54,843.950102,843,386396.37,1.875263721,7,0,0
2025-09-27 20:00:54,843.950102,843,386407.2,1.878119067,7,0,0
2025-09-27 20:00:54,844.600951,844,386396.37,1.875263721,7,0,0
2025-09-27 20:00:54,844.600951,844,386407.2,1.878119067,7,0,0
2025-09-27 20:00:58,848.544129,848,386396.37,1.875263721,7,0,0
2025-09-27 20:00:58,848.544129,848,386407.2,1.878119067,7,0,0
2025-09-27 20:00:59,849.259154,849,386291.6,1.847639605,7,0,0
2025-09-27 20:00:59,849.259154,849,386396.37,1.875263721,7,0,0
2025-09-27 20:01:02,852.200538,852,386166.69,1.814705982,7,0,0
2025-09-27 20:01:02,852.200538,852,386291.6,1.847639605,7,0,0
2025-09-27 20:01:04,853.793072,853,385726.47,1.698641846,7,0,0
2025-09-27 20:01:04,853.793072,853,386166.69,1.814705982,7,0,0
2025-09-27 20:01:04,854.538067,854,385726.47,1.698641846,7,0,0
2025-09-27 20:01:04,854.538067,854,385726.47,1.698641846,7,0,0
2025-09-27 20:01:05,855.740629,855,385726.47,1.698641846,7,0,0
2025-09-27 20:01:05,855.740629,855,385726.47,1.698641846,7,0,0
2025-09-27 20:01:06,856.785285,856,385726.47,1.698641846,7,0,0
2025-09-27 20:01:06,856.785285,856,385726.47,1.698641846,7,0,0
2025-09-27 20:01:07,857.420753,857,385670.52,1.683888995,7,0,0
2025-09-27 20:01:07,857.420753,857,385693.3,1.689896221,7,0,0
2025-09-27 20:01:09,859.418058,859,385670.52,1.683888995,7,0,0
2025-09-27 20:01:09,859.418058,859,385693.3,1.689896221,7,0,0
2025-09-27 20:01:15,864.995101,864,385670.52,1.683888995,7,0,0
2025-09-27 20:01:15,864.995101,864,385693.3,1.689896221,7,0,0
2025-09-27 20:01:17,866.863675,866,385670.52,1.683888995,7,0,0
2025-09-27 20:01:17,866.863675,866,385693.3,1.689896221,7,0,0
2025-09-27 20:01:18,867.976601,867,385670.52,1.683888995,7,0,0
2025-09-27 20:01:18,867.976601,867,385693.3,1.689896221,7,0,0
2025-09-27 20:01:19,869.200685,869,385670.52,1.683888995,7,0,0
2025-09-27 20:01:19,869.200685,869,385693.3,1.689896221,7,0,0
2025-09-27 20:01:20,869.914978,869,385670.52,1.683888995,7,0,0
2025-09-27 20:01:20,869.914978,869,385693.3,1.689896221,7,0,0
2025-09-27 20:01:21,871.465393,871,385670.52,1.683888995,7,0,0
2025-09-27 20:01:21,871.465393,871,385693.3,1.689896221,7,0,0
2025-09-27 20:01:22,872.638325,872,385670.52,1.683888995,7,0,0
2025-09-27 20:01:22,872.638325,872,385693.3,1.689896221,7,0,0
2025-09-27 20:01:24,873.810216,873,385670.52,1.683888995,7,0,0
2025-09-27 20:01:24,873.810216,873,385693.3,1.689896221,7,0,0
2025-09-27 20:01:25,874.821516,874,385670.52,1.683888995,7,0,0
2025-09-27 20:01:25,874.821516,874,385670.52,1.683888995,7,0,0
2025-09-27 20:01:27,876.817049,876,385659.95,1.681101644,7,0,0
2025-09-27 20:01:27,876.817049,876,385670.52,1.683888995,7,0,0
2025-09-27 20:01:27,877.672061,877,385659.95,1.681101644,7,0,0
2025-09-27 20:01:27,877.672061,877,385659.95,1.681101644,7,0,0
2025-09-27 20:01:29,878.812947,878,385573.28,1.658251297,7,0,0
2025-09-27 20:01:29,878.812947,878,385659.95,1.681101644,7,0,0
2025-09-27 20:01:30,879.811843,879,385573.28,1.658251297,7,0,0
2025-09-27 20:01:30,879.811843,879,385594.59,1.663869756,7,0,0
2025-09-27 20:01:31,880.824447,880,385573.28,1.658251297,7,0,0
2025-09-27 20:01:31,880.824447,880,385594.59,1.663869756,7,0,0
2025-09-27 20:01:32,882.759266,882,385573.28,1.658251297,7,0,0
2025-09-27 20:01:32,882.759266,882,385594.59,1.663869756,7,0,0
2025-09-27 20:01:34,884.466136,884,385573.28,1.658251297,7,0,0
2025-09-27 20:01:34,884.466136,884,385573.28,1.658251297,7,0,0
2025-09-27 20:01:35,885.638517,885,385573.28,1.658251297,7,0,0
2025-09-27 20:01:35,885.638517,885,385573.28,1.658251297,7,0,0
2025-09-27 20:01:36,886.492303,886,385573.28,1.658251297,7,0,0
2025-09-27 20:01:36,886.492303,886,385573.28,1.658251297,7,0,0
2025-09-27 20:01:38,888.330061,888,385573.28,1.658251297,7,0,0
2025-09-27 20:01:38,888.330061,888,385573.28,1.658251297,7,0,0
2025-09-27 20:01:39,889.708116,889,385573.28,1.658251297,7,0,0
2025-09-27 20:01:39,889.708116,889,385573.28,1.658251297,7,0,0
2025-09-27 20:01:41,891.32081,891,385573.28,1.658251297,7,0,0
2025-09-27 20:01:41,891.32081,891,385573.28,1.658251297,7,0,0
2025-09-27 20:01:47,897.602906,897,384892.83,1.478846738,7,0,0
2025-09-27 20:01:47,897.602906,897,385573.28,1.658251297,7,0,0
2025-09-27 20:01:53,902.909212,902,384892.83,1.478846738,7,0,0
2025-09-27 20:01:53,902.909212,902,385245.49,1.571827531,7,0,0
2025-09-27 20:01:54,903.795985,903,384892.83,1.478846738,7,0,0
2025-09-27 20:01:54,903.795985,903,384903.92,1.481772649,7,0,0
2025-09-27 20:01:54,904.776875,904,384891.72,1.478554664,7,0,0
2025-09-27 20:01:54,904.776875,904,384892.83,1.478846738,7,0,0
2025-09-27 20:01:55,905.395929,905,384876.37,1.47450852,7,0,0
2025-09-27 20:01:55,905.395929,905,384891.72,1.478554664,7,0,0
2025-09-27 20:01:56,906.422932,906,384876.37,1.47450852,7,0,0
2025-09-27 20:01:56,906.422932,906,384891.72,1.478554664,7,0,0
2025-09-27 20:01:58,908.054998,908,384876.37,1.47450852,7,0,0
2025-09-27 20:01:58,908.054998,908,384891.72,1.478554664,7,0,0
2025-09-27 20:01:59,909.335449,909,384876.37,1.47450852,7,0,0
2025-09-27 20:01:59,909.335449,909,384891.72,1.478554664,7,0,0
2025-09-27 20:02:00,910.41045,910,384876.37,1.47450852,7,0,0
2025-09-27 20:02:00,910.41045,910,384876.37,1.47450852,7,0,0
2025-09-27 20:02:08,918.386153,918,384693.49,1.426291928,7,0,0
2025-09-27 20:02:08,918.386153,918,384876.37,1.47450852,7,0,0
2025-09-27 20:02:10,919.892,919,384693.49,1.426291928,7,0,0
2025-09-27 20:02:10,919.892,919,384876.37,1.47450852,7,0,0
2025-09-27 20:02:11,921.05062,921,384693.49,1.426291928,7,0,0
2025-09-27 20:02:11,921.05062,921,384876.37,1.47450852,7,0,0
2025-09-27 20:02:14,924.536247,924,384693.49,1.426291928,7,0,0
2025-09-27 20:02:14,924.536247,924,384876.37,1.47450852,7,0,0
2025-09-27 20:02:18,928.388899,928,384693.49,1.426291928,7,0,0
2025-09-27 20:02:18,928.388899,928,384816.43,1.458703991,7,0,0
2025-09-27 20:02:20,930.686762,930,384693.49,1.426291928,7,0,0
2025-09-27 20:02:20,930.686762,930,384816.43,1.458703991,7,0,0
2025-09-27 20:02:22,932.615889,932,384693.49,1.426291928,7,0,0
2025-09-27 20:02:22,932.615889,932,384737.71,1.437949045,7,0,0
2025-09-27 20:02:24,933.91431,933,384693.49,1.426291928,7,0,0
2025-09-27 20:02:24,933.91431,933,384737.71,1.437949045,7,0,0
2025-09-27 20:02:25,935.403523,935,384693.49,1.426291928,7,0,0
2025-09-27 20:02:25,935.403523,935,384737.71,1.437949045,7,0,0
2025-09-27 20:02:29,938.851872,938,384693.49,1.426291928,7,0,0
2025-09-27 20:02:29,938.851872,938,384737.71,1.437949045,7,0,0
2025-09-27 20:02:29,939.75516,939,384693.49,1.426291928,7,0,0
2025-09-27 20:02:29,939.75516,939,384737.71,1.437949045,7,0,0
2025-09-27 20:02:31,941.101032,941,384693.49,1.426291928,7,0,0
2025-09-27 20:02:31,941.101032,941,384737.71,1.437949045,7,0,0
2025-09-27 20:02:34,944.19522,944,384693.49,1.426291928,7,0,0
2025-09-27 20:02:34,944.19522,944,384737.71,1.437949045,7,0,0
2025-09-27 20:02:35,945.022071,945,384693.49,1.426291928,7,0,0
2025-09-27 20:02:35,945.022071,945,384710.42,1.430755233,7,0,0
2025-09-27 20:02:36,946.034656,946,384693.49,1.426291928,7,0,0
2025-09-27 20:02:36,946.034656,946,384710.42,1.430755233,7,0,0
2025-09-27 20:02:37,947.177142,947,384693.49,1.426291928,7,0,0
2025-09-27 20:02:37,947.177142,947,384710.42,1.430755233,7,0,0
2025-09-27 20:02:38,948.224047,948,384693.49,1.426291928,7,0,0
2025-09-27 20:02:38,948.224047,948,384710.42,1.430755233,7,0,0
2025-09-27 20:02:39,948.843931,948,384693.49,1.426291928,7,0,0
2025-09-27 20:02:39,948.843931,948,384710.42,1.430755233,7,0,0
2025-09-27 20:02:42,952.052206,952,384693.49,1.426291928,7,0,0
2025-09-27 20:02:42,952.052206,952,384693.49,1.426291928,7,0,0
2025-09-27 20:02:43,953.318595,953,384693.49,1.426291928,7,0,0
2025-09-27 20:02:43,953.318595,953,384693.49,1.426291928,7,0,0
2025-09-27 20:02:45,955.377346,955,384693.49,1.426291928,7,0,0
2025-09-27 20:02:45,955.377346,955,384693.49,1.426291928,7,0,0
2025-09-27 20:02:46,956.604094,956,384693.49,1.426291928,7,0,0
2025-09-27 20:02:46,956.614132,956,384693.49,1.426291928,7,0,0
2025-09-27 20:02:56,965.878494,965,384693.49,1.426291928,7,0,0
2025-09-27 20:02:56,965.878494,965,384693.49,1.426291928,7,0,0
2025-09-27 20:02:57,966.853775,966,384693.49,1.426291928,7,0,0
2025-09-27 20:02:57,966.853775,966,384693.49,1.426291928,7,0,0
2025-09-27 20:02:59,969.411917,969,384693.49,1.426291928,7,0,0
2025-09-27 20:02:59,969.411917,969,384693.49,1.426291928,7,0,0
2025-09-27 20:03:00,970.254005,970,384693.49,1.426291928,7,0,0
2025-09-27 20:03:00,970.254005,970,384693.49,1.426291928,7,0,0
2025-09-27 20:03:02,972.561855,972,384693.49,1.426291928,7,0,0
2025-09-27 20:03:02,972.561855,972,384693.49,1.426291928,7,0,0
2025-09-27 20:03:05,975.395663,975,384693.49,1.426291928,7,0,0
2025-09-27 20:03:05,975.395663,975,384693.49,1.426291928,7,0,0
2025-09-27 20:03:06,976.151391,976,384693.49,1.426291928,7,0,0
2025-09-27 20:03:06,976.151391,976,384693.49,1.426291928,7,0,0
2025-09-27 20:03:07,977.409658,977,384693.49,1.426291928,7,0,0
2025-09-27 20:03:07,977.409658,977,384693.49,1.426291928,7,0,0
2025-09-27 20:03:14,983.955933,983,384693.49,1.426291928,7,0,0
2025-09-27 20:03:14,983.955933,983,384693.49,1.426291928,7,0,0
2025-09-27 20:03:15,985.461956,985,384693.49,1.426291928,7,0,0
2025-09-27 20:03:15,985.461956,985,384693.49,1.426291928,7,0,0
2025-09-27 20:03:16,986.77828,986,384693.49,1.426291928,7,0,0
2025-09-27 20:03:16,986.77828,986,384693.49,1.426291928,7,0,0
2025-09-27 20:03:17,987.433602,987,384693.49,1.426291928,7,0,0
2025-09-27 20:03:17,987.433602,987,384693.49,1.426291928,7,0,0
2025-09-27 20:03:18,988.226248,988,384693.49,1.426291928,7,0,0
2025-09-27 20:03:18,988.226248,988,384693.49,1.426291928,7,0,0
2025-09-27 20:03:19,989.127522,989,384693.49,1.426291928,7,0,0
2025-09-27 20:03:19,989.127522,989,384693.49,1.426291928,7,0,0
2025-09-27 20:03:21,991.015918,991,384693.49,1.426291928,7,0,0
2025-09-27 20:03:21,991.015918,991,384693.49,1.426291928,7,0,0
2025-09-27 20:03:22,991.999615,991,384693.49,1.426291928,7,0,0
2025-09-27 20:03:22,991.999615,991,384693.49,1.426291928,7,0,0
2025-09-27 20:03:23,993.076692,993,384693.49,1.426291928,7,0,0
2025-09-27 20:03:23,993.076692,993,384693.49,1.426291928,7,0,0
2025-09-27 20:03:26,996.370482,996,384693.49,1.426291928,7,0,0
2025-09-27 20:03:26,996.370482,996,384693.49,1.426291928,7,0,0
2025-09-27 20:03:28,998.44633,998,384648.36,1.414391959,7,0,0
2025-09-27 20:03:28,998.44633,998,384693.49,1.426291928,7,0,0
2025-09-27 20:03:29,999.477205,999,384648.36,1.414391959,7,0,0
2025-09-27 20:03:29,999.477205,999,384687.9,1.42481796,7,0,0
2025-09-27 20:03:30,1000.394259,1000,384648.36,1.414391959,7,0,0
2025-09-27 20:03:30,1000.394259,1000,384687.9,1.42481796,7,0,0
2025-09-27 20:03:37,1007.70951,1007,384648.36,1.414391959,7,0,0
2025-09-27 20:03:37,1007.70951,1007,384687.9,1.42481796,7,0,0
2025-09-27 20:03:39,1009.462246,1009,384648.36,1.414391959,7,0,0
2025-09-27 20:03:39,1009.462246,1009,384687.9,1.42481796,7,0,0
2025-09-27 20:03:40,1010.223631,1010,384406.91,1.350731493,7,0,0
2025-09-27 20:03:40,1010.223631,1010,384648.36,1.414391959,7,0,0
2025-09-27 20:03:41,1010.796484,1010,384406.91,1.350731493,7,0,0
2025-09-27 20:03:41,1010.796484,1010,384406.91,1.350731493,7,0,0
2025-09-27 20:03:42,1012.506789,1012,384406.91,1.350731493,7,0,0
2025-09-27 20:03:42,1012.506789,1012,384406.91,1.350731493,7,0,0
2025-09-27 20:03:44,1013.839916,1013,384406.91,1.350731493,7,0,0
2025-09-27 20:03:44,1013.839916,1013,384406.91,1.350731493,7,0,0
2025-09-27 20:03:47,1017.523861,1017,384406.91,1.350731493,7,0,0
2025-09-27 20:03:47,1017.523861,1017,384406.91,1.350731493,7,0,0
2025-09-27 20:03:50,1020.527057,1020,384406.91,1.350731493,7,0,0
2025-09-27 20:03:50,1020.527057,1020,384406.91,1.350731493,7,0,0
2025-09-27 20:03:51,1021.449948,1021,384148.27,1.28254066,7,0,0
2025-09-27 20:03:51,1021.449948,1021,384406.91,1.350731493,7,0,0
2025-09-27 20:03:52,1022.720235,1022,384148.27,1.28254066,7,0,0
2025-09-27 20:03:52,1022.720235,1022,384406.91,1.350731493,7,0,0
2025-09-27 20:03:54,1024.592613,1024,384148.27,1.28254066,7,0,0
2025-09-27 20:03:54,1024.592613,1024,384266.83,1.313800261,7,0,0
2025-09-27 20:03:55,1025.418405,1025,384148.27,1.28254066,7,0,0
2025-09-27 20:03:55,1025.418405,1025,384259.42,1.311844866,7,0,0
2025-09-27 20:03:56,1026.400981,1026,384148.27,1.28254066,7,0,0
2025-09-27 20:03:56,1026.400981,1026,384259.42,1.311844866,7,0,0
2025-09-27 20:03:58,1028.239248,1028,384148.27,1.28254066,7,0,0
2025-09-27 20:03:58,1028.239248,1028,384259.42,1.311844866,7,0,0
2025-09-27 20:03:59,1029.351692,1029,383748.75,1.177206709,7,0,0
2025-09-27 20:03:59,1029.351692,1029,384148.27,1.28254066,7,0,0
2025-09-27 20:04:00,1030.509858,1030,383748.75,1.177206709,7,0,0
2025-09-27 20:04:00,1030.509858,1030,384054.22,1.257743854,7,0,0
2025-09-27 20:04:01,1031.144012,1031,383748.75,1.177206709,7,0,0
2025-09-27 20:04:01,1031.144012,1031,383748.75,1.177206709,7,0,0
2025-09-27 20:04:02,1032.174351,1032,383748.75,1.177206709,7,0,0
2025-09-27 20:04:02,1032.174351,1032,383748.75,1.177206709,7,0,0
2025-09-27 20:04:05,1035.19019,1035,383748.75,1.177206709,7,0,0
2025-09-27 20:04:05,1035.192198,1035,383748.75,1.177206709,7,0,0
2025-09-27 20:04:17,1047.344276,1047,383748.75,1.177206709,7,0,0
2025-09-27 20:04:17,1047.344276,1047,383748.75,1.177206709,7,0,0
2025-09-27 20:04:18,1048.644419,1048,383748.75,1.177206709,7,0,0
2025-09-27 20:04:18,1048.646454,1048,383748.75,1.177206709,7,0,0
2025-09-27 20:04:19,1049.709455,1049,383748.75,1.177206709,7,0,0
2025-09-27 20:04:19,1049.709455,1049,383748.75,1.177206709,7,0,0
2025-09-27 20:04:21,1050.955996,1050,383748.75,1.177206709,7,0,0
2025-09-27 20:04:21,1050.955996,1050,383748.75,1.177206709,7,0,0
2025-09-27 20:04:22,1052.165564,1052,383748.75,1.177206709,7,0,0
2025-09-27 20:04:22,1052.165564,1052,383748.75,1.177206709,7,0,0
2025-09-27 20:04:23,1053.274188,1053,383748.75,1.177206709,7,0,0
2025-09-27 20:04:23,1053.274188,1053,383748.75,1.177206709,7,0,0
2025-09-27 20:04:25,1055.504881,1055,383748.75,1.177206709,7,0,0
2025-09-27 20:04:25,1055.504881,1055,383748.75,1.177206709,7,0,0
2025-09-27 20:04:26,1056.674169,1056,383748.75,1.177206709,7,0,0
2025-09-27 20:04:26,1056.674169,1056,383748.75,1.177206709,7,0,0
2025-09-27 20:04:28,1058.036645,1058,383748.75,1.177206709,7,0,0
2025-09-27 20:04:28,1058.036645,1058,383748.75,1.177206709,7,0,0
2025-09-27 20:04:29,1059.638264,1059,383748.75,1.177206709,7,0,0
2025-09-27 20:04:29,1059.638264,1059,383748.75,1.177206709,7,0,0
2025-09-27 20:04:33,1063.113425,1063,383373.29,1.078212607,7,0,0
2025-09-27 20:04:33,1063.113425,1063,383748.75,1.177206709,7,0,0
2025-09-27 20:04:34,1064.044257,1064,383373.29,1.078212607,7,0,0
2025-09-27 20:04:34,1064.044257,1064,383748.75,1.177206709,7,0,0
2025-09-27 20:04:35,1065.437097,1065,383373.29,1.078212607,7,0,0
2025-09-27 20:04:35,1065.437097,1065,383581.58,1.13312963,7,0,0
2025-09-27 20:04:36,1066.340333,1066,383373.29,1.078212607,7,0,0
2025-09-27 20:04:36,1066.340333,1066,383570.75,1.130274285,7,0,0
2025-09-27 20:04:37,1067.119042,1067,383373.29,1.078212607,7,0,0
2025-09-27 20:04:37,1067.119042,1067,383570.75,1.130274285,7,0,0
2025-09-27 20:04:39,1068.830315,1068,383373.29,1.078212607,7,0,0
2025-09-27 20:04:39,1068.830315,1068,383474.31,1.104847479,7,0,0
2025-09-27 20:04:41,1071.222629,1071,383321.83,1.064645047,7,0,0
2025-09-27 20:04:41,1071.222629,1071,383373.29,1.078212607,7,0,0
2025-09-27 20:04:45,1074.949916,1074,383321.83,1.064645047,7,0,0
2025-09-27 20:04:45,1074.949916,1074,383373.29,1.078212607,7,0,0
2025-09-27 20:04:47,1076.828038,1076,383321.83,1.064645047,7,0,0
2025-09-27 20:04:47,1076.828038,1076,383321.83,1.064645047,7,0,0
2025-09-27 20:04:49,1079.560504,1079,383228.82,1.040122921,7,0,0
2025-09-27 20:04:49,1079.560504,1079,383321.83,1.064645047,7,0,0
2025-09-27 20:04:50,1080.682466,1080,383228.82,1.040122921,7,0,0
2025-09-27 20:04:50,1080.682466,1080,383321.83,1.064645047,7,0,0
2025-09-27 20:04:51,1081.540646,1081,383228.82,1.040122921,7,0,0
2025-09-27 20:04:51,1081.540646,1081,383321.83,1.064645047,7,0,0
2025-09-27 20:04:52,1082.271027,1082,383228.82,1.040122921,7,0,0
2025-09-27 20:04:52,1082.271027,1082,383321.83,1.064645047,7,0,0
2025-09-27 20:04:53,1083.587787,1083,383228.82,1.040122921,7,0,0
2025-09-27 20:04:53,1083.587787,1083,383321.83,1.064645047,7,0,0
2025-09-27 20:04:54,1084.207678,1084,383228.82,1.040122921,7,0,0
2025-09-27 20:04:54,1084.207678,1084,383256.1,1.047316732,7,0,0
2025-09-27 20:04:55,1084.858522,1084,383228.82,1.040122921,7,0,0
2025-09-27 20:04:55,1084.858522,1084,383256.1,1.047316732,7,0,0
2025-09-27 20:04:57,1087.70454,1087,383178.6,1.026881686,7,0,0
2025-09-27 20:04:57,1087.70454,1087,383228.82,1.040122921,7,0,0
2025-09-27 20:04:58,1088.733036,1088,383178.6,1.026881686,7,0,0
2025-09-27 20:04:58,1088.733036,1088,383228.82,1.040122921,7,0,0
2025-09-27 20:05:00,1090.237761,1090,383178.6,1.026881686,7,0,0
2025-09-27 20:05:00,1090.237761,1090,383228.82,1.040122921,7,0,0
2025-09-27 20:05:05,1094.850446,1094,383178.6,1.026881686,7,0,0
2025-09-27 20:05:05,1094.850446,1094,383228.82,1.040122921,7,0,0
2025-09-27 20:05:06,1096.325369,1096,383178.6,1.026881686,7,0,0
2025-09-27 20:05:06,1096.325369,1096,383228.82,1.040122921,7,0,0
2025-09-27 20:05:08,1098.223256,1098,383178.6,1.026881686,7,0,0
2025-09-27 20:05:08,1098.223256,1098,383228.82,1.040122921,7,0,0
2025-09-27 20:05:10,1100.517771,1100,383178.6,1.026881686,7,0,0
2025-09-27 20:05:10,1100.517771,1100,383180.85,1.027477002,7,0,0
2025-09-27 20:05:11,1101.450454,1101,383178.6,1.026881686,7,0,0
2025-09-27 20:05:11,1101.450454,1101,383180.85,1.027477002,7,0,0
2025-09-27 20:05:12,1102.249541,1102,383178.6,1.026881686,7,0,0
2025-09-27 20:05:12,1102.249541,1102,383180.85,1.027477002,7,0,0
2025-09-27 20:05:14,1104.397573,1104,383171.62,1.025043677,7,0,0
2025-09-27 20:05:14,1104.397573,1104,383178.6,1.026881686,7,0,0
2025-09-27 20:05:15,1105.694069,1105,383171.62,1.025043677,7,0,0
2025-09-27 20:05:15,1105.694069,1105,383178.6,1.026881686,7,0,0
2025-09-27 20:05:16,1106.740783,1106,383171.62,1.025043677,7,0,0
2025-09-27 20:05:16,1106.740783,1106,383178.6,1.026881686,7,0,0
2025-09-27 20:05:17,1107.517371,1107,383168.69,1.024270358,7,0,0
2025-09-27 20:05:17,1107.533198,1107,383171.62,1.025043677,7,0,0
2025-09-27 20:05:19,1108.86479,1108,383168.69,1.024270358,7,0,0
2025-09-27 20:05:19,1108.86479,1108,383171.62,1.025043677,7,0,0
2025-09-27 20:05:19,1109.514911,1109,383132.13,1.014629656,7,0,0
2025-09-27 20:05:19,1109.514911,1109,383168.69,1.024270358,7,0,0
2025-09-27 20:05:24,1113.874868,1113,383132.13,1.014629656,7,0,0
2025-09-27 20:05:24,1113.874868,1113,383168.69,1.024270358,7,0,0
2025-09-27 20:05:24,1114.571001,1114,383132.13,1.014629656,7,0,0
2025-09-27 20:05:24,1114.571001,1114,383168.69,1.024270358,7,0,0
2025-09-27 20:05:26,1116.613571,1116,383132.13,1.014629656,7,0,0
2025-09-27 20:05:26,1116.613571,1116,383168.69,1.024270358,7,0,0
2025-09-27 20:05:28,1117.98837,1117,383132.13,1.014629656,7,0,0
2025-09-27 20:05:28,1117.98837,1117,383168.69,1.024270358,7,0,0
2025-09-27 20:05:30,1119.890296,1119,383132.13,1.014629656,7,0,0
2025-09-27 20:05:30,1119.890296,1119,383168.69,1.024270358,7,0,0
2025-09-27 20:05:32,1122.060005,1122,383132.13,1.014629656,7,0,0
2025-09-27 20:05:32,1122.060005,1122,383168.69,1.024270358,7,0,0
2025-09-27 20:05:35,1124.942929,1124,383132.13,1.014629656,7,0,0
2025-09-27 20:05:35,1124.942929,1124,383168.69,1.024270358,7,0,0
2025-09-27 20:05:36,1125.923331,1125,383132.13,1.014629656,7,0,0
2025-09-27 20:05:36,1125.923331,1125,383138.11,1.016207067,7,0,0
2025-09-27 20:05:37,1127.061649,1127,383132.13,1.014629656,7,0,0
2025-09-27 20:05:37,1127.061649,1127,383138.11,1.016207067,7,0,0
2025-09-27 20:05:39,1129.64254,1129,383132.13,1.014629656,7,0,0
2025-09-27 20:05:39,1129.64254,1129,383138.11,1.016207067,7,0,0
2025-09-27 20:05:41,1131.098879,1131,383132.13,1.014629656,7,0,0
2025-09-27 20:05:41,1131.098879,1131,383138.11,1.016207067,7,0,0
2025-09-27 20:05:42,1132.746189,1132,383132.13,1.014629656,7,0,0
2025-09-27 20:05:42,1132.746189,1132,383138.11,1.016207067,7,0,0
2025-09-27 20:05:44,1134.010919,1134,383132.13,1.014629656,7,0,0
2025-09-27 20:05:44,1134.010919,1134,383138.11,1.016207067,7,0,0
2025-09-27 20:05:45,1135.384941,1135,383132.13,1.014629656,7,0,0
2025-09-27 20:05:45,1135.384941,1135,383138.11,1.016207067,7,0,0
2025-09-27 20:05:46,1136.303675,1136,383132.13,1.014629656,7,0,0
2025-09-27 20:05:46,1136.303675,1136,383138.11,1.016207067,7,0,0
2025-09-27 20:05:50,1140.104136,1140,383132.13,1.014629656,7,0,0
2025-09-27 20:05:50,1140.104136,1140,383138.11,1.016207067,7,0,0
2025-09-27 20:05:51,1141.116194,1141,383132.13,1.014629656,7,0,0
2025-09-27 20:05:51,1141.116194,1141,383132.13,1.014629656,7,0,0
2025-09-27 20:05:52,1142.161428,1142,383132.13,1.014629656,7,0,0
2025-09-27 20:05:52,1142.161428,1142,383132.13,1.014629656,7,0,0
2025-09-27 20:05:53,1143.176783,1143,383132.13,1.014629656,7,0,0
2025-09-27 20:05:53,1143.176783,1143,383132.13,1.014629656,7,0,0
2025-09-27 20:05:56,1146.547813,1146,383132.13,1.014629656,7,0,0
2025-09-27 20:05:56,1146.547813,1146,383132.13,1.014629656,7,0,0
2025-09-27 20:05:57,1147.561894,1147,383132.13,1.014629656,7,0,0
2025-09-27 20:05:57,1147.561894,1147,383132.13,1.014629656,7,0,0
2025-09-27 20:05:58,1148.717652,1148,383132.13,1.014629656,7,0,0
2025-09-27 20:05:58,1148.717652,1148,383132.13,1.014629656,7,0,0
2025-09-27 20:06:02,1152.329521,1152,383132.13,1.014629656,7,0,0
2025-09-27 20:06:02,1152.329521,1152,383132.13,1.014629656,7,0,0
2025-09-27 20:06:04,1154.212757,1154,383132.13,1.014629656,7,0,0
2025-09-27 20:06:04,1154.212757,1154,383132.13,1.014629656,7,0,0
2025-09-27 20:06:08,1157.860765,1157,383132.13,1.014629656,7,0,0
2025-09-27 20:06:08,1157.860765,1157,383132.13,1.014629656,7,0,0
2025-09-27 20:06:09,1159.380633,1159,383132.13,1.014629656,7,0,0
2025-09-27 20:06:09,1159.380633,1159,383132.13,1.014629656,7,0,0
2025-09-27 20:06:10,1160.443906,1160,383132.13,1.014629656,7,0,0
2025-09-27 20:06:10,1160.443906,1160,383132.13,1.014629656,7,0,0
2025-09-27 20:06:14,1164.432469,1164,383132.13,1.014629656,7,0,0
2025-09-27 20:06:14,1164.432469,1164,383132.13,1.014629656,7,0,0
2025-09-27 20:06:15,1165.398923,1165,383132.13,1.014629656,7,0,0
2025-09-27 20:06:15,1165.398923,1165,383132.13,1.014629656,7,0,0
2025-09-27 20:06:16,1166.255033,1166,383132.13,1.014629656,7,0,0
2025-09-27 20:06:16,1166.255033,1166,383132.13,1.014629656,7,0,0
2025-09-27 20:06:17,1167.056381,1167,383132.13,1.014629656,7,0,0
2025-09-27 20:06:17,1167.056381,1167,383132.13,1.014629656,7,0,0
2025-09-27 20:06:18,1168.534354,1168,383064.74,0.9968628935,7,0,0
2025-09-27 20:06:18,1168.534354,1168,383132.13,1.014629656,7,0,0
2025-09-27 20:06:19,1169.486083,1169,383064.74,0.9968628935,7,0,0
2025-09-27 20:06:19,1169.486083,1169,383132.13,1.014629656,7,0,0
2025-09-27 20:06:29,1179.176669,1179,383064.74,0.9968628935,7,0,0
2025-09-27 20:06:29,1179.176669,1179,383132.13,1.014629656,7,0,0
2025-09-27 20:06:30,1180.507513,1180,383064.74,0.9968628935,7,0,0
2025-09-27 20:06:30,1180.507513,1180,383132.13,1.014629656,7,0,0
2025-09-27 20:06:31,1181.520553,1181,383064.74,0.9968628935,7,0,0
2025-09-27 20:06:31,1181.520553,1181,383064.74,0.9968628935,7,0,0
2025-09-27 20:06:32,1182.630495,1182,383064.74,0.9968628935,7,0,0
2025-09-27 20:06:32,1182.630495,1182,383064.74,0.9968628935,7,0,0
2025-09-27 20:06:34,1184.724056,1184,383064.74,0.9968628935,7,0,0
2025-09-27 20:06:34,1184.724056,1184,383064.74,0.9968628935,7,0,0
2025-09-27 20:06:38,1188.570292,1188,383064.74,0.9968628935,7,0,0
2025-09-27 20:06:38,1188.570292,1188,383064.74,0.9968628935,7,0,0
2025-09-27 20:06:39,1189.362029,1189,383051.24,0.9933047917,7,0,0
2025-09-27 20:06:39,1189.362029,1189,383064.74,0.9968628935,7,0,0
2025-09-27 20:06:40,1190.296706,1190,383051.24,0.9933047917,7,0,0
2025-09-27 20:06:40,1190.296706,1190,383064.74,0.9968628935,7,0,0
2025-09-27 20:06:41,1191.59706,1191,383051.24,0.9933047917,7,0,0
2025-09-27 20:06:41,1191.59706,1191,383064.74,0.9968628935,7,0,0
2025-09-27 20:06:43,1193.387145,1193,383051.24,0.9933047917,7,0,0
2025-09-27 20:06:43,1193.387145,1193,383064.74,0.9968628935,7,0,0
2025-09-27 20:06:44,1194.477657,1194,383051.24,0.9933047917,7,0,0
2025-09-27 20:06:44,1194.478285,1194,383064.74,0.9968628935,7,0,0
2025-09-27 20:06:45,1195.243383,1195,383051.24,0.9933047917,7,0,0
2025-09-27 20:06:45,1195.259329,1195,383064.74,0.9968628935,7,0,0
2025-09-27 20:11:08,262.722235,262,420103.17,10.76222356,8,0,0
2025-09-27 20:11:08,262.722235,262,444002.11,17.06329434,8,0,0
2025-09-27 20:14:10,444.903881,444,407199.37,7.360073147,8,0,0
2025-09-27 20:14:10,444.903881,444,420103.17,10.76222356,8,0,0
2025-09-27 20:14:46,480.682491,480,404061.79,6.532837243,8,0,0
2025-09-27 20:14:46,480.682491,480,407199.37,7.360073147,8,0,0
2025-09-27 20:14:47,481.77077,481,402632.42,6.155975819,8,0,0
2025-09-27 20:14:47,481.77077,481,404061.79,6.532837243,8,0,0
2025-09-27 20:14:55,489.926145,489,402632.42,6.155975819,8,0,0
2025-09-27 20:14:55,489.926145,489,403538.5,6.39486849,8,0,0
2025-09-27 20:14:57,491.559919,491,402629.05,6.155088211,8,0,0
2025-09-27 20:14:57,491.559919,491,402632.42,6.155975819,8,0,0
2025-09-27 20:14:58,492.981764,492,401496.24,5.856416184,8,0,0
2025-09-27 20:14:58,492.981764,492,402342.97,6.079659948,8,0,0
2025-09-27 20:15:00,494.518447,494,401496.24,5.856416184,8,0,0
2025-09-27 20:15:00,494.518447,494,401740.22,5.920743573,8,0,0
2025-09-27 20:15:01,495.916174,495,401496.24,5.856416184,8,0,0
2025-09-27 20:15:01,495.93235,495,401518.06,5.86216948,8,0,0
2025-09-27 20:15:02,497.150575,497,401496.24,5.856416184,8,0,0
2025-09-27 20:15:02,497.150575,497,401518.06,5.86216948,8,0,0
2025-09-27 20:15:04,498.810104,498,401405.86,5.83258806,8,0,0
2025-09-27 20:15:04,498.810104,498,401496.24,5.856416184,8,0,0
2025-09-27 20:15:07,502.183202,502,401387.14,5.827652231,8,0,0
2025-09-27 20:15:07,502.183202,502,401405.86,5.83258806,8,0,0
2025-09-27 20:15:08,503.196123,503,401242.73,5.789576759,8,0,0
2025-09-27 20:15:08,503.196123,503,401387.14,5.827652231,8,0,0
2025-09-27 20:15:10,504.575937,504,401242.73,5.789576759,8,0,0
2025-09-27 20:15:10,504.575937,504,401387.14,5.827652231,8,0,0
2025-09-27 20:15:11,506.178739,506,401242.73,5.789576759,8,0,0
2025-09-27 20:15:11,506.178739,506,401387.14,5.827652231,8,0,0
2025-09-27 20:15:18,513.406913,513,401222.82,5.784327944,8,0,0
2025-09-27 20:15:18,513.406913,513,401242.73,5.789576759,8,0,0
2025-09-27 20:15:20,514.834345,514,401222.82,5.784327944,8,0,0
2025-09-27 20:15:20,514.834345,514,401242.73,5.789576759,8,0,0
2025-09-27 20:15:21,515.771339,515,400923.61,5.705440617,8,0,0
2025-09-27 20:15:21,515.771339,515,401222.82,5.784327944,8,0,0
2025-09-27 20:15:22,516.88181,516,400923.61,5.705440617,8,0,0
2025-09-27 20:15:22,516.88181,516,401219.42,5.783433023,8,0,0
2025-09-27 20:15:23,518.15262,518,400367.76,5.558888529,8,0,0
2025-09-27 20:15:23,518.15262,518,400923.61,5.705440617,8,0,0
2025-09-27 20:15:27,522.099632,522,400367.76,5.558888529,8,0,0
2025-09-27 20:15:27,522.099632,522,400791.73,5.670669225,8,0,0
2025-09-27 20:15:28,523.348083,523,399871.87,5.428144955,8,0,0
2025-09-27 20:15:28,523.348083,523,400367.76,5.558888529,8,0,0
2025-09-27 20:15:29,524.490545,524,399563.37,5.346805907,8,0,0
2025-09-27 20:15:29,524.490545,524,399871.87,5.428144955,8,0,0
2025-09-27 20:15:31,526.274961,526,399262.03,5.267355614,8,0,0
2025-09-27 20:15:31,526.274961,526,399563.37,5.346805907,8,0,0
2025-09-27 20:15:32,527.447539,527,398422.79,5.046087494,8,0,0
2025-09-27 20:15:32,527.447539,527,399262.03,5.267355614,8,0,0
2025-09-27 20:15:35,529.838139,529,398422.79,5.046087494,8,0,0
2025-09-27 20:15:35,529.838139,529,398990.03,5.195642427,8,0,0
2025-09-27 20:15:43,537.743157,537,397539.6,4.813230718,8,0,0
2025-09-27 20:15:43,537.743157,537,398422.79,5.046087494,8,0,0
2025-09-27 20:15:44,539.143734,539,397539.6,4.813230718,8,0,0
2025-09-27 20:15:44,539.143734,539,397783.77,4.877605048,8,0,0
2025-09-27 20:15:46,540.936858,540,397509.81,4.805375402,8,0,0
2025-09-27 20:15:46,540.936858,540,397539.6,4.813230718,8,0,0
2025-09-27 20:15:49,543.786431,543,397509.81,4.805375402,8,0,0
2025-09-27 20:15:49,543.786431,543,397539.6,4.813230718,8,0,0
2025-09-27 20:15:51,546.075336,546,397509.81,4.805375402,8,0,0
2025-09-27 20:15:51,546.075336,546,397539.6,4.813230718,8,0,0
2025-09-27 20:15:52,547.383658,547,397509.81,4.805375402,8,0,0
2025-09-27 20:15:52,547.383658,547,397539.6,4.813230718,8,0,0
2025-09-27 20:15:53,548.378288,548,397509.81,4.805375402,8,0,0
2025-09-27 20:15:53,548.378288,548,397539.6,4.813230718,8,0,0
2025-09-27 20:15:55,549.572086,549,396497.01,4.538345929,8,0,0
2025-09-27 20:15:55,549.572086,549,397509.81,4.805375402,8,0,0
2025-09-27 20:15:57,551.766095,551,396497.01,4.538345929,8,0,0
2025-09-27 20:15:57,551.766095,551,397472.39,4.795509879,8,0,0
2025-09-27 20:15:58,552.634797,552,396497.01,4.538345929,8,0,0
2025-09-27 20:15:58,552.634797,552,397472.39,4.795509879,8,0,0
2025-09-27 20:15:59,553.741839,553,395670.04,4.320311727,8,0,0
2025-09-27 20:15:59,553.741839,553,396497.01,4.538345929,8,0,0
2025-09-27 20:16:03,558.111187,558,395526.6,4.282492598,8,0,0
2025-09-27 20:16:03,558.111187,558,395670.04,4.320311727,8,0,0
2025-09-27 20:16:06,561.032882,561,394824.39,4.097351789,8,0,0
2025-09-27 20:16:06,561.032882,561,395526.6,4.282492598,8,0,0
2025-09-27 20:16:10,564.831292,564,394824.39,4.097351789,8,0,0
2025-09-27 20:16:10,564.831292,564,394970.34,4.135831748,8,0,0
2025-09-27 20:16:12,566.786144,566,394791.14,4.08858436,8,0,0
2025-09-27 20:16:12,566.786144,566,394824.39,4.097351789,8,0,0
2025-09-27 20:16:14,569.38767,569,394791.14,4.08858436,8,0,0
2025-09-27 20:16:14,569.38767,569,394824.39,4.097351789,8,0,0
2025-09-27 20:16:16,571.468471,571,394686.22,4.060921299,8,0,0
2025-09-27 20:16:16,571.468471,571,394791.14,4.08858436,8,0,0
2025-09-27 20:16:17,572.415128,572,394648.24,4.050908144,8,0,0
2025-09-27 20:16:17,572.415128,572,394686.22,4.060921299,8,0,0
2025-09-27 20:16:19,574.211235,574,394648.24,4.050908144,8,0,0
2025-09-27 20:16:19,574.211235,574,394686.22,4.060921299,8,0,0
2025-09-27 20:16:20,575.343987,575,394648.24,4.050908144,8,0,0
2025-09-27 20:16:20,575.343987,575,394648.24,4.050908144,8,0,0
2025-09-27 20:16:22,576.809606,576,394648.24,4.050908144,8,0,0
2025-09-27 20:16:22,576.809606,576,394648.24,4.050908144,8,0,0
2025-09-27 20:16:23,577.788391,577,394636.09,4.047704315,8,0,0
2025-09-27 20:16:23,577.788391,577,394648.24,4.050908144,8,0,0
2025-09-27 20:16:26,580.768013,580,394636.09,4.047704315,8,0,0
2025-09-27 20:16:26,580.768013,580,394648.24,4.050908144,8,0,0
2025-09-27 20:16:27,582.173082,582,394636.09,4.047704315,8,0,0
2025-09-27 20:16:27,582.173082,582,394648.24,4.050908144,8,0,0
2025-09-27 20:16:30,585.404498,585,393351.83,3.709104989,8,0,0
2025-09-27 20:16:30,585.404498,585,394624.61,4.044677794,8,0,0
2025-09-27 20:16:33,587.65751,587,393351.83,3.709104989,8,0,0
2025-09-27 20:16:33,587.65751,587,394557.17,4.026896319,8,0,0
2025-09-27 20:16:34,589.345116,589,393351.83,3.709104989,8,0,0
2025-09-27 20:16:34,589.345116,589,394557.17,4.026896319,8,0,0
2025-09-27 20:16:37,591.67608,591,393351.83,3.709104989,8,0,0
2025-09-27 20:16:37,591.67608,591,394410.59,3.988250479,8,0,0
2025-09-27 20:17:06,620.641052,620,393351.83,3.709104989,8,0,0
2025-09-27 20:17:06,620.641052,620,394026.83,3.887069991,8,0,0
2025-09-27 20:17:06,621.490554,621,393351.83,3.709104989,8,0,0
2025-09-27 20:17:06,621.490554,621,393704.5,3.8020879,8,0,0
2025-09-27 20:17:07,622.483034,622,392954.26,3.604282995,8,0,0
2025-09-27 20:17:07,622.483034,622,393351.83,3.709104989,8,0,0
2025-09-27 20:17:09,623.524622,623,392954.26,3.604282995,8,0,0
2025-09-27 20:17:09,623.524622,623,393351.83,3.709104989,8,0,0
2025-09-27 20:17:10,624.503973,624,392954.26,3.604282995,8,0,0
2025-09-27 20:17:10,624.503973,624,393050.61,3.629685384,8,0,0
2025-09-27 20:17:11,626.300579,626,392954.26,3.604282995,8,0,0
2025-09-27 20:17:11,626.300579,626,393050.61,3.629685384,8,0,0
2025-09-27 20:17:15,629.672088,629,392797.51,3.562955216,8,0,0
2025-09-27 20:17:15,629.672088,629,392954.26,3.604282995,8,0,0
2025-09-27 20:17:16,630.525794,630,392736.55,3.546881354,8,0,0
2025-09-27 20:17:16,630.525794,630,392797.51,3.562955216,8,0,0
2025-09-27 20:17:17,632.120696,632,392481.42,3.47961543,8,0,0
2025-09-27 20:17:17,632.120696,632,392736.55,3.546881354,8,0,0
2025-09-27 20:17:18,633.083595,633,392455.24,3.472713693,8,0,0
2025-09-27 20:17:18,633.083595,633,392481.42,3.47961543,8,0,0
2025-09-27 20:17:25,639.657937,639,392455.24,3.472713693,8,0,0
2025-09-27 20:17:25,639.657937,639,392481.42,3.47961543,8,0,0
2025-09-27 20:17:26,640.737104,640,392455.24,3.472713693,8,0,0
2025-09-27 20:17:26,640.737104,640,392481.42,3.47961543,8,0,0
2025-09-27 20:17:32,646.630538,646,392455.24,3.472713693,8,0,0
2025-09-27 20:17:32,646.630538,646,392481.42,3.47961543,8,0,0
2025-09-27 20:17:44,659.320898,659,392446.22,3.470336544,8,0,0
2025-09-27 20:17:44,659.320898,659,392455.24,3.472713693,8,0,0
2025-09-27 20:17:46,660.604514,660,392446.22,3.470336544,8,0,0
2025-09-27 20:17:46,660.604514,660,392455.24,3.472713693,8,0,0
2025-09-27 20:17:47,661.908896,661,392391.83,3.455995595,8,0,0
2025-09-27 20:17:47,661.908896,661,392446.22,3.470336544,8,0,0
2025-09-27 20:17:48,663.338427,663,392391.83,3.455995595,8,0,0
2025-09-27 20:17:48,663.338427,663,392446.22,3.470336544,8,0,0
2025-09-27 20:17:50,665.437974,665,392391.83,3.455995595,8,0,0
2025-09-27 20:17:50,665.438974,665,392446.22,3.470336544,8,0,0
2025-09-27 20:17:55,670.200902,670,392391.83,3.455995595,8,0,0
2025-09-27 20:17:55,670.200902,670,392446.22,3.470336544,8,0,0
2025-09-27 20:18:00,674.544315,674,392391.83,3.455995595,8,0,0
2025-09-27 20:18:00,674.544315,674,392446.22,3.470336544,8,0,0
2025-09-27 20:18:02,676.537648,676,392193.06,3.403587347,8,0,0
2025-09-27 20:18:02,676.537648,676,392361.52,3.448003988,8,0,0
2025-09-27 20:18:03,677.770752,677,392192.6,3.403468154,8,0,0
2025-09-27 20:18:03,677.770752,677,392193.06,3.403587347,8,0,0
2025-09-27 20:18:04,679.300713,679,392186.97,3.401983174,8,0,0
2025-09-27 20:18:04,679.300713,679,392192.6,3.403468154,8,0,0
2025-09-27 20:18:06,681.365556,681,392186.97,3.401983174,8,0,0
2025-09-27 20:18:06,681.365556,681,392192.6,3.403468154,8,0,0
2025-09-27 20:18:08,683.405664,683,392177.79,3.399563295,8,0,0
2025-09-27 20:18:08,683.405664,683,392186.97,3.401983174,8,0,0
2025-09-27 20:18:10,685.226465,685,392177.79,3.399563295,8,0,0
2025-09-27 20:18:10,685.226465,685,392186.97,3.401983174,8,0,0
2025-09-27 20:18:14,688.5924,688,392177.79,3.399563295,8,0,0
2025-09-27 20:18:14,688.5924,688,392186.97,3.401983174,8,0,0
2025-09-27 20:18:14,689.42934,689,392177.79,3.399563295,8,0,0
2025-09-27 20:18:14,689.42934,689,392186.97,3.401983174,8,0,0
2025-09-27 20:18:16,690.897,690,392000.77,3.352889551,8,0,0
2025-09-27 20:18:16,690.897,690,392177.79,3.399563295,8,0,0
2025-09-27 20:18:17,691.860362,691,392000.77,3.352889551,8,0,0
2025-09-27 20:18:17,691.860362,691,392039.81,3.363184382,8,0,0
2025-09-27 20:18:19,693.694059,693,391904.48,3.327503636,8,0,0
2025-09-27 20:18:19,693.694059,693,392000.77,3.352889551,8,0,0
2025-09-27 20:18:21,695.670883,695,391904.48,3.327503636,8,0,0
2025-09-27 20:18:21,695.670883,695,392000.77,3.352889551,8,0,0
2025-09-27 20:18:22,696.962744,696,391904.48,3.327503636,8,0,0
2025-09-27 20:18:22,696.962744,696,392000.77,3.352889551,8,0,0
2025-09-27 20:18:23,698.053861,698,391904.48,3.327503636,8,0,0
2025-09-27 20:18:23,698.053861,698,392000.77,3.352889551,8,0,0
2025-09-27 20:18:25,699.649459,699,391904.48,3.327503636,8,0,0
2025-09-27 20:18:25,699.649459,699,391922.83,3.332342303,8,0,0
2025-09-27 20:18:27,701.886791,701,391904.48,3.327503636,8,0,0
2025-09-27 20:18:27,701.886791,701,391922.83,3.332342303,8,0,0
2025-09-27 20:18:34,709.239489,709,391904.48,3.327503636,8,0,0
2025-09-27 20:18:34,709.239489,709,391922.83,3.332342303,8,0,0
2025-09-27 20:18:39,714.303063,714,391904.48,3.327503636,8,0,0
2025-09-27 20:18:39,714.303063,714,391922.83,3.332342303,8,0,0
2025-09-27 20:18:45,720.014807,720,391904.48,3.327503636,8,0,0
2025-09-27 20:18:45,720.014807,720,391922.83,3.332342303,8,0,0
2025-09-27 20:18:52,727.308624,727,391904.48,3.327503636,8,0,0
2025-09-27 20:18:52,727.308624,727,391922.83,3.332342303,8,0,0
2025-09-27 20:18:55,730.044425,730,391904.48,3.327503636,8,0,0
2025-09-27 20:18:55,730.044425,730,391922.83,3.332342303,8,0,0
2025-09-27 20:18:57,732.103592,732,391904.48,3.327503636,8,0,0
2025-09-27 20:18:57,732.104603,732,391922.83,3.332342303,8,0,0
2025-09-27 20:19:01,735.727812,735,391904.48,3.327503636,8,0,0
2025-09-27 20:19:01,735.727812,735,391922.83,3.332342303,8,0,0
2025-09-27 20:19:03,737.714406,737,391904.48,3.327503636,8,0,0
2025-09-27 20:19:03,737.714406,737,391922.83,3.332342303,8,0,0
2025-09-27 20:19:06,740.744535,740,391904.48,3.327503636,8,0,0
2025-09-27 20:19:06,740.744535,740,391922.83,3.332342303,8,0,0
2025-09-27 20:19:08,742.59553,742,391904.48,3.327503636,8,0,0
2025-09-27 20:19:08,742.599629,742,391922.83,3.332342303,8,0,0
2025-09-27 20:19:10,745.109152,745,391904.48,3.327503636,8,0,0
2025-09-27 20:19:10,745.109152,745,391922.83,3.332342303,8,0,0
2025-09-27 20:19:12,746.814158,746,391593.74,3.245575445,8,0,0
2025-09-27 20:19:12,746.814158,746,391822.75,3.30595569,8,0,0
2025-09-27 20:19:16,751.407889,751,391537.82,3.23083138,8,0,0
2025-09-27 20:19:16,751.407889,751,391593.74,3.245575445,8,0,0
2025-09-27 20:19:18,752.748148,752,391537.82,3.23083138,8,0,0
2025-09-27 20:19:18,752.748148,752,391593.74,3.245575445,8,0,0
2025-09-27 20:19:23,757.66509,757,391537.82,3.23083138,8,0,0
2025-09-27 20:19:23,757.66509,757,391593.74,3.245575445,8,0,0
2025-09-27 20:19:24,759.15359,759,391537.82,3.23083138,8,0,0
2025-09-27 20:19:24,759.155594,759,391593.74,3.245575445,8,0,0
2025-09-27 20:19:25,760.031088,760,391537.82,3.23083138,8,0,0
2025-09-27 20:19:25,760.031088,760,391593.74,3.245575445,8,0,0
2025-09-27 20:19:28,763.467755,763,391537.82,3.23083138,8,0,0
2025-09-27 20:19:28,763.467755,763,391593.74,3.245575445,8,0,0
2025-09-27 20:19:30,765.289182,765,391051.98,3.102736049,8,0,0
2025-09-27 20:19:30,765.289182,765,391537.82,3.23083138,8,0,0
2025-09-27 20:19:31,765.799476,765,391051.98,3.102736049,8,0,0
2025-09-27 20:19:31,765.801481,765,391319.57,3.173288131,8,0,0
2025-09-27 20:19:43,777.789872,777,391051.98,3.102736049,8,0,0
2025-09-27 20:19:43,777.789872,777,391291.68,3.165935772,8,0,0
2025-09-27 20:19:52,786.851926,786,391051.98,3.102736049,8,0,0
2025-09-27 20:19:52,786.851926,786,391291.68,3.165935772,8,0,0
2025-09-27 20:20:02,797.001704,797,391051.98,3.102736049,8,0,0
2025-09-27 20:20:02,797.001704,797,391291.68,3.165935772,8,0,0
2025-09-27 20:20:03,797.932068,797,391051.98,3.102736049,8,0,0
2025-09-27 20:20:03,797.932068,797,391051.98,3.102736049,8,0,0
2025-09-27 20:20:05,800.002833,800,391051.98,3.102736049,8,0,0
2025-09-27 20:20:05,800.002833,800,391051.98,3.102736049,8,0,0
2025-09-27 20:20:06,801.325591,801,391051.98,3.102736049,8,0,0
2025-09-27 20:20:06,801.325591,801,391051.98,3.102736049,8,0,0
2025-09-27 20:20:08,802.62101,802,391051.14,3.102515291,8,0,0
2025-09-27 20:20:08,802.62101,802,391051.98,3.102736049,8,0,0
2025-09-27 20:20:09,804.399858,804,391024.84,3.095582706,8,0,0
2025-09-27 20:20:09,804.399858,804,391051.14,3.102515291,8,0,0
2025-09-27 20:20:11,805.512626,805,391024.84,3.095582706,8,0,0
2025-09-27 20:20:11,805.512626,805,391051.14,3.102515291,8,0,0
2025-09-27 20:20:13,808.456576,808,391024.84,3.095582706,8,0,0
2025-09-27 20:20:13,808.456576,808,391051.14,3.102515291,8,0,0
2025-09-27 20:20:16,811.296601,811,391024.84,3.095582706,8,0,0
2025-09-27 20:20:16,811.296601,811,391051.14,3.102515291,8,0,0
2025-09-27 20:20:18,812.824455,812,391024.84,3.095582706,8,0,0
2025-09-27 20:20:18,812.824455,812,391051.14,3.102515291,8,0,0
2025-09-27 20:20:19,814.055263,814,391024.84,3.095582706,8,0,0
2025-09-27 20:20:19,814.055263,814,391051.14,3.102515291,8,0,0
2025-09-27 20:20:25,819.824951,819,391024.84,3.095582706,8,0,0
2025-09-27 20:20:25,819.824951,819,391051.14,3.102515291,8,0,0
2025-09-27 20:20:27,822.028686,822,391024.84,3.095582706,8,0,0
2025-09-27 20:20:27,822.028686,822,391051.14,3.102515291,8,0,0
2025-09-27 20:20:28,823.307928,823,391024.84,3.095582706,8,0,0
2025-09-27 20:20:28,823.307928,823,391051.14,3.102515291,8,0,0
2025-09-27 20:20:29,824.080941,824,391024.84,3.095582706,8,0,0
2025-09-27 20:20:29,824.080941,824,391024.84,3.095582706,8,0,0
2025-09-27 20:20:34,828.93365,828,391024.84,3.095582706,8,0,0
2025-09-27 20:20:34,828.93365,828,391024.84,3.095582706,8,0,0
2025-09-27 20:20:36,830.698261,830,391024.84,3.095582706,8,0,0
2025-09-27 20:20:36,830.698261,830,391024.84,3.095582706,8,0,0
2025-09-27 20:20:37,831.961926,831,391024.84,3.095582706,8,0,0
2025-09-27 20:20:37,831.961926,831,391024.84,3.095582706,8,0,0
2025-09-27 20:20:38,833.065484,833,390762.62,3.026446113,8,0,0
2025-09-27 20:20:38,833.065484,833,391024.84,3.095582706,8,0,0
2025-09-27 20:20:40,834.611627,834,390762.62,3.026446113,8,0,0
2025-09-27 20:20:40,834.611627,834,390949.32,3.07567159,8,0,0
2025-09-27 20:20:41,835.634787,835,390721.37,3.015569427,8,0,0
2025-09-27 20:20:41,835.634787,835,390762.62,3.026446113,8,0,0
2025-09-27 20:20:43,838.410446,838,390721.37,3.015569427,8,0,0
2025-09-27 20:20:43,838.410446,838,390738.43,3.020068436,8,0,0
2025-09-27 20:20:45,839.751405,839,390711.08,3.012857997,8,0,0
2025-09-27 20:20:45,839.751405,839,390721.37,3.015569427,8,0,0
2025-09-27 20:20:46,841.248938,841,390692.96,3.008079517,8,0,0
2025-09-27 20:20:46,841.248938,841,390711.08,3.012857997,8,0,0
2025-09-27 20:20:48,842.763299,842,390692.96,3.008079517,8,0,0
2025-09-27 20:20:48,842.763299,842,390711.08,3.012857997,8,0,0
2025-09-27 20:20:49,844.15744,844,390692.96,3.008079517,8,0,0
2025-09-27 20:20:49,844.15744,844,390711.08,3.012857997,8,0,0
2025-09-27 20:20:53,847.513327,847,390692.96,3.008079517,8,0,0
2025-09-27 20:20:53,847.513327,847,390711.08,3.012857997,8,0,0
2025-09-27 20:20:55,850.320296,850,390673.88,3.003050091,8,0,0
2025-09-27 20:20:55,850.320296,850,390692.96,3.008079517,8,0,0
2025-09-27 20:20:56,851.249606,851,390673.88,3.003050091,8,0,0
2025-09-27 20:20:56,851.249606,851,390692.96,3.008079517,8,0,0
2025-09-27 20:20:57,852.449621,852,390634.93,2.992780256,8,0,0
2025-09-27 20:20:57,852.449621,852,390673.88,3.003050091,8,0,0
2025-09-27 20:21:00,854.766845,854,390634.93,2.992780256,8,0,0
2025-09-27 20:21:00,854.766845,854,390673.88,3.003050091,8,0,0
2025-09-27 20:21:01,856.09272,856,390340.09,2.915045108,8,0,0
2025-09-27 20:21:01,856.09272,856,390634.93,2.992780256,8,0,0
2025-09-27 20:21:03,857.617778,857,390340.09,2.915045108,8,0,0
2025-09-27 20:21:03,857.617778,857,390634.93,2.992780256,8,0,0
2025-09-27 20:21:04,858.611801,858,390340.09,2.915045108,8,0,0
2025-09-27 20:21:04,858.611801,858,390567.63,2.975036387,8,0,0
2025-09-27 20:21:06,860.740849,860,390340.09,2.915045108,8,0,0
2025-09-27 20:21:06,860.740849,860,390536.34,2.966785766,8,0,0
2025-09-27 20:21:12,867.227199,867,390340.09,2.915045108,8,0,0
2025-09-27 20:21:12,867.227199,867,390536.34,2.966785766,8,0,0
2025-09-27 20:21:17,871.55003,871,390319.55,2.909629606,8,0,0
2025-09-27 20:21:17,871.55003,871,390340.09,2.915045108,8,0,0
2025-09-27 20:21:18,872.560838,872,390197.42,2.877429354,8,0,0
2025-09-27 20:21:18,872.560838,872,390319.55,2.909629606,8,0,0
2025-09-27 20:21:19,874.053442,874,390197.42,2.877429354,8,0,0
2025-09-27 20:21:19,874.053442,874,390319.55,2.909629606,8,0,0
2025-09-27 20:21:20,875.366904,875,390197.42,2.877429354,8,0,0
2025-09-27 20:21:20,875.366904,875,390273.82,2.897570725,8,0,0
2025-09-27 20:21:22,877.095346,877,390197.42,2.877429354,8,0,0
2025-09-27 20:21:22,877.095346,877,390273.82,2.897570725,8,0,0
2025-09-27 20:21:24,879.076143,879,390005.34,2.826786154,8,0,0
2025-09-27 20:21:24,879.078154,879,390197.42,2.877429354,8,0,0
2025-09-27 20:21:25,880.29598,880,389925.16,2.805644707,8,0,0
2025-09-27 20:21:25,880.29598,880,390005.34,2.826786154,8,0,0
2025-09-27 20:21:28,883.326716,883,389141.22,2.598957317,8,0,0
2025-09-27 20:21:28,883.326716,883,389925.16,2.805644707,8,0,0
2025-09-27 20:21:30,885.103377,885,389141.22,2.598957317,8,0,0
2025-09-27 20:21:30,885.103377,885,389925.16,2.805644707,8,0,0
2025-09-27 20:21:32,887.074251,887,389141.22,2.598957317,8,0,0
2025-09-27 20:21:32,887.074251,887,389171.76,2.60700939,8,0,0
2025-09-27 20:21:35,890.304053,890,389015.9,2.565915223,8,0,0
2025-09-27 20:21:35,890.304053,890,389141.22,2.598957317,8,0,0
2025-09-27 20:21:36,891.202425,891,389015.9,2.565915223,8,0,0
2025-09-27 20:21:36,891.20342,891,389022.36,2.567617949,8,0,0
2025-09-27 20:21:38,892.547037,892,388381.63,2.398686362,8,0,0
2025-09-27 20:21:38,892.547037,892,389015.9,2.565915223,8,0,0
2025-09-27 20:21:39,893.66001,893,388366.81,2.394780253,8,0,0
2025-09-27 20:21:39,893.66001,893,388381.63,2.398686362,8,0,0
2025-09-27 20:21:40,894.891467,894,388180.73,2.345719308,8,0,0
2025-09-27 20:21:40,894.891467,894,388366.81,2.394780253,8,0,0
2025-09-27 20:21:41,895.868342,895,388180.73,2.345719308,8,0,0
2025-09-27 20:21:41,895.869844,895,388280.81,2.37210619,8,0,0
2025-09-27 20:21:45,900.013334,900,388180.73,2.345719308,8,0,0
2025-09-27 20:21:45,900.013334,900,388280.81,2.37210619,8,0,0
2025-09-27 20:21:46,901.11518,901,388180.73,2.345719308,8,0,0
2025-09-27 20:21:46,901.11518,901,388280.81,2.37210619,8,0,0
2025-09-27 20:21:47,902.237651,902,388180.73,2.345719308,8,0,0
2025-09-27 20:21:47,902.237651,902,388280.81,2.37210619,8,0,0
2025-09-27 20:21:55,909.547164,909,388180.73,2.345719308,8,0,0
2025-09-27 20:21:55,909.562878,909,388280.81,2.37210619,8,0,0
2025-09-27 20:21:55,910.33629,910,388161.64,2.340685923,8,0,0
2025-09-27 20:21:55,910.33629,910,388180.73,2.345719308,8,0,0
2025-09-27 20:21:59,914.236117,914,387935.17,2.280975427,8,0,0
2025-09-27 20:21:59,914.236117,914,388161.64,2.340685923,8,0,0
2025-09-27 20:22:00,915.327198,915,387935.17,2.280975427,8,0,0
2025-09-27 20:22:00,915.327198,915,388161.64,2.340685923,8,0,0
2025-09-27 20:22:02,916.685832,916,387935.17,2.280975427,8,0,0
2025-09-27 20:22:02,916.685832,916,388161.64,2.340685923,8,0,0
2025-09-27 20:22:03,917.693775,917,387735.47,2.228323256,8,0,0
2025-09-27 20:22:03,917.693775,917,387935.17,2.280975427,8,0,0
2025-09-27 20:22:04,919.240037,919,387735.47,2.228323256,8,0,0
2025-09-27 20:22:04,919.240037,919,387935.17,2.280975427,8,0,0
2025-09-27 20:22:12,926.909545,926,387735.47,2.228323256,8,0,0
2025-09-27 20:22:12,926.909545,926,387935.17,2.280975427,8,0,0
2025-09-27 20:22:15,930.472864,930,387735.47,2.228323256,8,0,0
2025-09-27 20:22:15,930.472864,930,387812.65,2.248671548,8,0,0
2025-09-27 20:22:16,931.402942,931,387735.47,2.228323256,8,0,0
2025-09-27 20:22:16,931.402942,931,387812.65,2.248671548,8,0,0
2025-09-27 20:22:17,932.142739,932,387734.61,2.228095812,8,0,0
2025-09-27 20:22:17,932.142739,932,387735.47,2.228323256,8,0,0
2025-09-27 20:22:23,937.676613,937,387734.61,2.228095812,8,0,0
2025-09-27 20:22:23,937.676613,937,387735.47,2.228323256,8,0,0
2025-09-27 20:22:26,940.514007,940,387636.51,2.202231443,8,0,0
2025-09-27 20:22:26,940.514007,940,387734.61,2.228095812,8,0,0
2025-09-27 20:22:27,942.219142,942,387636.51,2.202231443,8,0,0
2025-09-27 20:22:27,942.219142,942,387734.61,2.228095812,8,0,0
2025-09-27 20:22:29,943.528703,943,387636.51,2.202231443,8,0,0
2025-09-27 20:22:29,943.54441,943,387734.61,2.228095812,8,0,0
2025-09-27 20:22:30,944.521465,944,387636.51,2.202231443,8,0,0
2025-09-27 20:22:30,944.521465,944,387734.61,2.228095812,8,0,0
2025-09-27 20:22:31,945.834503,945,387636.51,2.202231443,8,0,0
2025-09-27 20:22:31,945.834503,945,387643.59,2.204098561,8,0,0
2025-09-27 20:22:32,947.175239,947,387636.51,2.202231443,8,0,0
2025-09-27 20:22:32,947.175239,947,387643.59,2.204098561,8,0,0
2025-09-27 20:22:34,949.0821,949,387636.51,2.202231443,8,0,0
2025-09-27 20:22:34,949.0821,949,387643.59,2.204098561,8,0,0
2025-09-27 20:22:36,950.592726,950,387636.51,2.202231443,8,0,0
2025-09-27 20:22:36,950.592726,950,387643.59,2.204098561,8,0,0
2025-09-27 20:22:38,952.655636,952,387636.51,2.202231443,8,0,0
2025-09-27 20:22:38,952.655636,952,387643.59,2.204098561,8,0,0
2025-09-27 20:22:39,953.918683,953,387222.49,2.093072624,8,0,0
2025-09-27 20:22:39,953.918683,953,387345.53,2.125513718,8,0,0
2025-09-27 20:22:43,958.123981,958,387221.09,2.092705469,8,0,0
2025-09-27 20:22:43,958.123981,958,387222.49,2.093072624,8,0,0
2025-09-27 20:22:45,960.300861,960,387221.09,2.092705469,8,0,0
2025-09-27 20:22:45,960.300861,960,387222.49,2.093072624,8,0,0
2025-09-27 20:22:48,962.58793,962,387221.09,2.092705469,8,0,0
2025-09-27 20:22:48,962.58793,962,387222.49,2.093072624,8,0,0
2025-09-27 20:22:50,964.779534,964,387221.09,2.092705469,8,0,0
2025-09-27 20:22:50,964.779534,964,387222.49,2.093072624,8,0,0
2025-09-27 20:22:52,966.502238,966,387221.09,2.092705469,8,0,0
2025-09-27 20:22:52,966.502238,966,387222.49,2.093072624,8,0,0
2025-09-27 20:22:53,968.11016,968,387221.09,2.092705469,8,0,0
2025-09-27 20:22:53,968.11016,968,387222.49,2.093072624,8,0,0
2025-09-27 20:22:55,969.640319,969,387221.09,2.092705469,8,0,0
2025-09-27 20:22:55,969.640319,969,387222.49,2.093072624,8,0,0
2025-09-27 20:22:55,970.460905,970,387221.09,2.092705469,8,0,0
2025-09-27 20:22:55,970.460905,970,387222.49,2.093072624,8,0,0
2025-09-27 20:22:56,971.29746,971,386381.86,1.87143799,8,0,0
2025-09-27 20:22:56,971.29746,971,387221.09,2.092705469,8,0,0
2025-09-27 20:22:58,973.047512,973,386381.86,1.87143799,8,0,0
2025-09-27 20:22:58,973.047512,973,387013.43,2.037954816,8,0,0
2025-09-27 20:22:59,974.093369,974,386381.86,1.87143799,8,0,0
2025-09-27 20:22:59,974.095375,974,386959.94,2.023850094,8,0,0
2025-09-27 20:23:01,976.188074,976,386381.86,1.87143799,8,0,0
2025-09-27 20:23:01,976.188074,976,386959.94,2.023850094,8,0,0
2025-09-27 20:23:02,977.483139,977,386381.86,1.87143799,8,0,0
2025-09-27 20:23:02,977.483139,977,386387.82,1.873010201,8,0,0
2025-09-27 20:23:04,978.5432,978,386381.86,1.87143799,8,0,0
2025-09-27 20:23:04,978.5432,978,386387.82,1.873010201,8,0,0
2025-09-27 20:23:05,980.311293,980,386381.86,1.87143799,8,0,0
2025-09-27 20:23:05,980.311293,980,386387.82,1.873010201,8,0,0
2025-09-27 20:23:13,988.255471,988,386381.86,1.87143799,8,0,0
2025-09-27 20:23:13,988.255471,988,386387.82,1.873010201,8,0,0
2025-09-27 20:23:18,993.072514,993,386381.86,1.87143799,8,0,0
2025-09-27 20:23:18,993.072514,993,386381.86,1.87143799,8,0,0
2025-09-27 20:23:21,995.748414,995,386381.86,1.87143799,8,0,0
2025-09-27 20:23:21,995.748414,995,386381.86,1.87143799,8,0,0
2025-09-27 20:23:23,998.316346,998,386381.86,1.87143799,8,0,0
2025-09-27 20:23:23,998.316346,998,386381.86,1.87143799,8,0,0
2025-09-27 20:23:26,1000.581277,1000,386381.86,1.87143799,8,0,0
2025-09-27 20:23:26,1000.581277,1000,386381.86,1.87143799,8,0,0
2025-09-27 20:23:29,1003.495626,1003,386381.86,1.87143799,8,0,0
2025-09-27 20:23:29,1003.495626,1003,386381.86,1.87143799,8,0,0
2025-09-27 20:23:30,1004.795117,1004,386381.86,1.87143799,8,0,0
2025-09-27 20:23:30,1004.795117,1004,386381.86,1.87143799,8,0,0
2025-09-27 20:23:32,1007.329565,1007,386317.91,1.854577128,8,0,0
2025-09-27 20:23:32,1007.331569,1007,386381.86,1.87143799,8,0,0
2025-09-27 20:23:35,1009.805208,1009,386317.91,1.854577128,8,0,0
2025-09-27 20:23:35,1009.805208,1009,386381.86,1.87143799,8,0,0
2025-09-27 20:23:36,1010.951579,1010,386317.91,1.854577128,8,0,0
2025-09-27 20:23:36,1010.951579,1010,386381.86,1.87143799,8,0,0
2025-09-27 20:23:37,1011.98036,1011,386317.91,1.854577128,8,0,0
2025-09-27 20:23:37,1011.98036,1011,386381.86,1.87143799,8,0,0
2025-09-27 20:23:39,1014.288034,1014,386317.91,1.854577128,8,0,0
2025-09-27 20:23:39,1014.288034,1014,386381.86,1.87143799,8,0,0
2025-09-27 20:23:41,1016.093793,1016,386135.49,1.806479856,8,0,0
2025-09-27 20:23:41,1016.093793,1016,386317.91,1.854577128,8,0,0
2025-09-27 20:23:44,1018.87301,1018,386135.49,1.806479856,8,0,0
2025-09-27 20:23:44,1018.87301,1018,386317.91,1.854577128,8,0,0
2025-09-27 20:23:45,1019.771059,1019,386135.49,1.806479856,8,0,0
2025-09-27 20:23:45,1019.771059,1019,386317.91,1.854577128,8,0,0
2025-09-27 20:23:46,1021.4481,1021,386036.61,1.780411287,8,0,0
2025-09-27 20:23:46,1021.4481,1021,386135.49,1.806479856,8,0,0
2025-09-27 20:23:48,1022.651798,1022,385964.6,1.761424854,8,0,0
2025-09-27 20:23:48,1022.651798,1022,386036.61,1.780411287,8,0,0
2025-09-27 20:23:48,1023.434176,1023,385964.6,1.761424854,8,0,0
2025-09-27 20:23:48,1023.434176,1023,386036.61,1.780411287,8,0,0
2025-09-27 20:23:56,1030.720326,1030,385964.6,1.761424854,8,0,0
2025-09-27 20:23:56,1030.736237,1030,386027.53,1.77801677,8,0,0
2025-09-27 20:23:58,1032.909437,1032,385964.6,1.761424854,8,0,0
2025-09-27 20:23:58,1032.909437,1032,386027.53,1.77801677,8,0,0
2025-09-27 20:24:01,1036.036585,1036,385964.6,1.761424854,8,0,0
2025-09-27 20:24:01,1036.036585,1036,386027.53,1.77801677,8,0,0
2025-09-27 20:24:02,1037.45673,1037,385964.6,1.761424854,8,0,0
2025-09-27 20:24:02,1037.45673,1037,386027.53,1.77801677,8,0,0
2025-09-27 20:24:13,1048.092679,1048,385964.6,1.761424854,8,0,0
2025-09-27 20:24:13,1048.092679,1048,386027.53,1.77801677,8,0,0
2025-09-27 20:24:14,1049.435229,1049,385964.6,1.761424854,8,0,0
2025-09-27 20:24:14,1049.435229,1049,386027.53,1.77801677,8,0,0
2025-09-27 20:24:15,1050.225662,1050,385964.6,1.761424854,8,0,0
2025-09-27 20:24:15,1050.225662,1050,386006.92,1.772583938,8,0,0
2025-09-27 20:24:19,1053.682837,1053,385964.6,1.761424854,8,0,0
2025-09-27 20:24:19,1053.682837,1053,386006.92,1.772583938,8,0,0
2025-09-27 20:24:22,1056.951599,1056,385964.6,1.761424854,8,0,0
2025-09-27 20:24:22,1056.951599,1056,386006.92,1.772583938,8,0,0
2025-09-27 20:24:29,1063.733887,1063,385964.6,1.761424854,8,0,0
2025-09-27 20:24:29,1063.733887,1063,386005.82,1.772291864,8,0,0
2025-09-27 20:24:30,1065.042569,1065,385964.6,1.761424854,8,0,0
2025-09-27 20:24:30,1065.042569,1065,386005.82,1.772291864,8,0,0
2025-09-27 20:24:35,1070.384595,1070,385863.14,1.734674802,8,0,0
2025-09-27 20:24:35,1070.384595,1070,385964.6,1.761424854,8,0,0
2025-09-27 20:24:37,1071.615943,1071,385863.14,1.734674802,8,0,0
2025-09-27 20:24:37,1071.615943,1071,385964.6,1.761424854,8,0,0
2025-09-27 20:24:38,1072.655227,1072,385863.14,1.734674802,8,0,0
2025-09-27 20:24:38,1072.655227,1072,385964.6,1.761424854,8,0,0
2025-09-27 20:24:47,1082.013207,1082,385759.68,1.707396203,8,0,0
2025-09-27 20:24:47,1082.013207,1082,385863.14,1.734674802,8,0,0
2025-09-27 20:24:49,1084.316729,1084,385759.68,1.707396203,8,0,0
2025-09-27 20:24:49,1084.316729,1084,385863.14,1.734674802,8,0,0
2025-09-27 20:24:51,1085.802114,1085,385759.68,1.707396203,8,0,0
2025-09-27 20:24:51,1085.817876,1085,385863.14,1.734674802,8,0,0
2025-09-27 20:24:53,1088.057642,1088,385759.68,1.707396203,8,0,0
2025-09-27 20:24:53,1088.057642,1088,385759.68,1.707396203,8,0,0
2025-09-27 20:24:55,1089.950047,1089,385433.88,1.62149828,8,0,0
2025-09-27 20:24:55,1089.950047,1089,385759.68,1.707396203,8,0,0
2025-09-27 20:24:58,1092.63033,1092,385369.43,1.60450686,8,0,0
2025-09-27 20:24:58,1092.63033,1092,385433.88,1.62149828,8,0,0
2025-09-27 20:24:59,1094.209572,1094,385369.43,1.60450686,8,0,0
2025-09-27 20:24:59,1094.209572,1094,385433.88,1.62149828,8,0,0
2025-09-27 20:25:00,1095.203718,1095,385369.43,1.60450686,8,0,0
2025-09-27 20:25:00,1095.203718,1095,385433.88,1.62149828,8,0,0
2025-09-27 20:25:01,1096.310519,1096,385369.43,1.60450686,8,0,0
2025-09-27 20:25:01,1096.310519,1096,385433.88,1.62149828,8,0,0
2025-09-27 20:25:03,1098.17217,1098,385369.43,1.60450686,8,0,0
2025-09-27 20:25:03,1098.17217,1098,385433.88,1.62149828,8,0,0
2025-09-27 20:25:05,1099.766398,1099,385315.94,1.590402138,8,0,0
2025-09-27 20:25:05,1099.766398,1099,385369.43,1.60450686,8,0,0
2025-09-27 20:25:06,1100.682645,1100,385315.94,1.590402138,8,0,0
2025-09-27 20:25:06,1100.682645,1100,385335.85,1.595650952,8,0,0
2025-09-27 20:25:08,1102.672612,1102,385315.94,1.590402138,8,0,0
2025-09-27 20:25:08,1102.672612,1102,385335.85,1.595650952,8,0,0
2025-09-27 20:25:13,1108.261643,1108,385315.94,1.590402138,8,0,0
2025-09-27 20:25:13,1108.261643,1108,385335.85,1.595650952,8,0,0
2025-09-27 20:25:14,1109.160361,1109,385315.94,1.590402138,8,0,0
2025-09-27 20:25:14,1109.160361,1109,385328.95,1.593833316,8,0,0
2025-09-27 20:25:16,1110.515742,1110,385315.94,1.590402138,8,0,0
2025-09-27 20:25:16,1110.515742,1110,385315.94,1.590402138,8,0,0
2025-09-27 20:25:18,1112.929296,1112,385315.94,1.590402138,8,0,0
2025-09-27 20:25:18,1112.929296,1112,385315.94,1.590402138,8,0,0
2025-09-27 20:25:25,1119.712142,1119,385057.45,1.52225076,8,0,0
2025-09-27 20:25:25,1119.712142,1119,385315.94,1.590402138,8,0,0
2025-09-27 20:25:27,1121.523437,1121,385057.45,1.52225076,8,0,0
2025-09-27 20:25:27,1121.523437,1121,385057.45,1.52225076,8,0,0
2025-09-27 20:25:28,1122.850496,1122,385057.45,1.52225076,8,0,0
2025-09-27 20:25:28,1122.850496,1122,385057.45,1.52225076,8,0,0
2025-09-27 20:25:29,1123.998776,1123,384928.66,1.488294413,8,0,0
2025-09-27 20:25:29,1123.998776,1123,385057.45,1.52225076,8,0,0
2025-09-27 20:25:31,1125.969648,1125,384928.66,1.488294413,8,0,0
2025-09-27 20:25:31,1125.969648,1125,385057.45,1.52225076,8,0,0
2025-09-27 20:25:32,1127.072778,1127,384928.66,1.488294413,8,0,0
2025-09-27 20:25:32,1127.072778,1127,385057.45,1.52225076,8,0,0
2025-09-27 20:25:44,1138.985719,1138,384928.66,1.488294413,8,0,0
2025-09-27 20:25:44,1138.985719,1138,385057.45,1.52225076,8,0,0
2025-09-27 20:25:45,1139.847489,1139,384928.66,1.488294413,8,0,0
2025-09-27 20:25:45,1139.847489,1139,385057.45,1.52225076,8,0,0
2025-09-27 20:25:49,1143.707666,1143,384928.66,1.488294413,8,0,0
2025-09-27 20:25:49,1143.707666,1143,385057.45,1.52225076,8,0,0
2025-09-27 20:25:53,1148.173753,1148,384928.66,1.488294413,8,0,0
2025-09-27 20:25:53,1148.173753,1148,385057.45,1.52225076,8,0,0
2025-09-27 20:25:54,1149.245898,1149,384917.92,1.48546196,8,0,0
2025-09-27 20:25:54,1149.245898,1149,384928.66,1.488294413,8,0,0
2025-09-27 20:25:56,1151.437752,1151,384917.92,1.48546196,8,0,0
2025-09-27 20:25:56,1151.437752,1151,384926.33,1.487679447,8,0,0
2025-09-27 20:25:59,1153.707635,1153,384917.92,1.48546196,8,0,0
2025-09-27 20:25:59,1153.707635,1153,384926.33,1.487679447,8,0,0
2025-09-27 20:26:00,1155.268228,1155,384917.92,1.48546196,8,0,0
2025-09-27 20:26:00,1155.268228,1155,384926.33,1.487679447,8,0,0
2025-09-27 20:26:02,1157.36479,1157,384917.92,1.48546196,8,0,0
2025-09-27 20:26:02,1157.36479,1157,384926.33,1.487679447,8,0,0
2025-09-27 20:26:14,1169.328168,1169,384917.92,1.48546196,8,0,0
2025-09-27 20:26:14,1169.328168,1169,384926.33,1.487679447,8,0,0
2025-09-27 20:26:16,1170.935782,1170,384917.92,1.48546196,8,0,0
2025-09-27 20:26:16,1170.935782,1170,384926.33,1.487679447,8,0,0
2025-09-27 20:26:17,1172.420191,1172,384917.92,1.48546196,8,0,0
2025-09-27 20:26:17,1172.420191,1172,384926.33,1.487679447,8,0,0
2025-09-27 20:26:19,1173.809669,1173,384917.92,1.48546196,8,0,0
2025-09-27 20:26:19,1173.809669,1173,384926.33,1.487679447,8,0,0
2025-09-27 20:26:20,1174.916741,1174,384917.92,1.48546196,8,0,0
2025-09-27 20:26:20,1174.916741,1174,384926.33,1.487679447,8,0,0
2025-09-27 20:26:24,1179.208786,1179,384917.92,1.48546196,8,0,0
2025-09-27 20:26:24,1179.208786,1179,384926.33,1.487679447,8,0,0
2025-09-27 20:26:25,1180.488423,1180,384917.92,1.48546196,8,0,0
2025-09-27 20:26:25,1180.488423,1180,384926.33,1.487679447,8,0,0
2025-09-27 20:26:40,1194.65933,1194,384917.92,1.48546196,8,0,0
2025-09-27 20:26:40,1194.65933,1194,384926.33,1.487679447,8,0,0
2025-09-27 20:26:41,1196.157553,1196,384907.34,1.48267461,8,0,0
2025-09-27 20:26:41,1196.157553,1196,384917.92,1.48546196,8,0,0
2025-09-27 20:26:43,1197.707621,1197,384904.42,1.481903859,8,0,0
2025-09-27 20:26:43,1197.707621,1197,384907.34,1.48267461,8,0,0
2025-09-27 20:26:48,1202.728066,1202,384904.42,1.481903859,8,0,0
2025-09-27 20:26:48,1202.728066,1202,384907.34,1.48267461,8,0,0
2025-09-27 20:26:51,1205.743001,1205,384904.42,1.481903859,8,0,0
2025-09-27 20:26:51,1205.743001,1205,384907.34,1.48267461,8,0,0
2025-09-27 20:26:55,1209.753776,1209,384904.42,1.481903859,8,0,0
2025-09-27 20:26:55,1209.753776,1209,384907.34,1.48267461,8,0,0
2025-09-27 20:31:17,262.314038,262,420103.17,10.76222356,10,0,0
2025-09-27 20:31:17,262.314038,262,444002.11,17.06329434,10,0,0
2025-09-27 20:33:10,375.276942,375,414695.44,9.336449318,10,0,0
2025-09-27 20:33:10,375.277984,375,420103.17,10.76222356,10,0,0
2025-09-27 20:39:25,750.533689,750,408477.85,7.697151611,10,0,0
2025-09-27 20:39:25,750.533689,750,414695.44,9.336449318,10,0,0
2025-09-27 20:39:28,752.753252,752,408477.85,7.697151611,10,0,0
2025-09-27 20:39:28,752.753252,752,409011.64,7.837888054,10,0,0
2025-09-27 20:39:29,754.069569,754,407912.16,7.548005746,10,0,0
2025-09-27 20:39:29,754.069569,754,408347.06,7.662669232,10,0,0
2025-09-27 20:39:51,776.503046,776,407912.16,7.548005746,10,0,0
2025-09-27 20:39:51,776.503046,776,408347.06,7.662669232,10,0,0
2025-09-27 20:39:56,781.009274,781,406976.11,7.30121168,10,0,0
2025-09-27 20:39:56,781.009274,781,407912.16,7.548005746,10,0,0
2025-09-27 20:40:00,785.179078,785,406976.11,7.30121168,10,0,0
2025-09-27 20:40:00,785.179078,785,407911.29,7.547775589,10,0,0
2025-09-27 20:41:02,846.948933,846,406701.36,7.228772283,10,0,0
2025-09-27 20:41:02,846.948933,846,406976.11,7.30121168,10,0,0
2025-09-27 20:41:05,850.195297,850,404902.89,6.754596509,10,0,0
2025-09-27 20:41:05,850.195297,850,406701.36,7.228772283,10,0,0
2025-09-27 20:41:08,853.613287,853,404902.89,6.754596509,10,0,0
2025-09-27 20:41:08,853.613287,853,405213.76,6.83655863,10,0,0
2025-09-27 20:41:12,857.092917,857,404549.34,6.661382361,10,0,0
2025-09-27 20:41:12,857.092917,857,404902.89,6.754596509,10,0,0
2025-09-27 20:41:14,859.230292,859,404369.85,6.614057849,10,0,0
2025-09-27 20:41:14,859.230292,859,404549.34,6.661382361,10,0,0
2025-09-27 20:41:16,861.207033,861,404369.85,6.614057849,10,0,0
2025-09-27 20:41:16,861.207033,861,404549.34,6.661382361,10,0,0
2025-09-27 20:41:18,863.440187,863,403905.04,6.491508993,10,0,0
2025-09-27 20:41:18,863.440187,863,404369.85,6.614057849,10,0,0
2025-09-27 20:41:21,865.909514,865,403746.86,6.449802249,10,0,0
2025-09-27 20:41:21,865.909514,865,403905.04,6.491508993,10,0,0
2025-09-27 20:41:22,867.144403,867,403746.86,6.449802249,10,0,0
2025-09-27 20:41:22,867.144403,867,403746.86,6.449802249,10,0,0
2025-09-27 20:41:24,869.157176,869,403418.64,6.363265798,10,0,0
2025-09-27 20:41:24,869.157176,869,403746.86,6.449802249,10,0,0
2025-09-27 20:41:46,891.481887,891,401042.18,5.736700995,10,0,0
2025-09-27 20:41:46,891.481887,891,403108.04,6.281374847,10,0,0
2025-09-27 20:41:47,892.611229,892,401042.18,5.736700995,10,0,0
2025-09-27 20:41:47,892.611229,892,401461.92,5.847368177,10,0,0
2025-09-27 20:41:48,893.691254,893,401042.18,5.736700995,10,0,0
2025-09-27 20:41:48,893.691254,893,401461.92,5.847368177,10,0,0
2025-09-27 20:41:53,898.132903,898,400883.49,5.694863513,10,0,0
2025-09-27 20:41:53,898.132903,898,401042.18,5.736700995,10,0,0
2025-09-27 20:42:03,908.010977,908,400883.49,5.694863513,10,0,0
2025-09-27 20:42:03,908.010977,908,400901.85,5.699703685,10,0,0
2025-09-27 20:42:06,911.129434,911,400883.04,5.694744836,10,0,0
2025-09-27 20:42:06,911.145293,911,400883.49,5.694863513,10,0,0
2025-09-27 20:42:07,912.095647,912,399767.53,5.400633939,10,0,0
2025-09-27 20:42:07,912.095647,912,400883.04,5.694744836,10,0,0
2025-09-27 20:42:11,916.048503,916,399743.28,5.394241002,10,0,0
2025-09-27 20:42:11,916.048503,916,399767.53,5.400633939,10,0,0
2025-09-27 20:42:12,917.652278,917,398179.13,4.981845483,10,0,0
2025-09-27 20:42:12,917.652278,917,399743.28,5.394241002,10,0,0
2025-09-27 20:42:15,920.358622,920,398179.13,4.981845483,10,0,0
2025-09-27 20:42:15,920.358622,920,398249.41,5.000375031,10,0,0
2025-09-27 20:42:17,922.532605,922,398179.13,4.981845483,10,0,0
2025-09-27 20:42:17,922.532605,922,398249.41,5.000375031,10,0,0
2025-09-27 20:42:19,924.254462,924,398179.13,4.981845483,10,0,0
2025-09-27 20:42:19,924.254462,924,398219.38,4.992457844,10,0,0
2025-09-27 20:42:24,929.374172,929,397581.07,4.824162292,10,0,0
2025-09-27 20:42:24,929.374172,929,397679.63,4.850149605,10,0,0
2025-09-27 20:42:25,930.288257,930,397365.33,4.767281274,10,0,0
2025-09-27 20:42:25,930.288257,930,397581.07,4.824162292,10,0,0
2025-09-27 20:42:26,931.605744,931,397365.33,4.767281274,10,0,0
2025-09-27 20:42:26,931.605744,931,397563.23,4.81945861,10,0,0
2025-09-27 20:42:28,933.344016,933,397365.33,4.767281274,10,0,0
2025-09-27 20:42:28,933.344016,933,397480.58,4.797669381,10,0,0
2025-09-27 20:42:34,939.09936,939,397365.33,4.767281274,10,0,0
2025-09-27 20:42:34,939.09936,939,397480.58,4.797669381,10,0,0
2025-09-27 20:42:36,941.637595,941,397365.33,4.767281274,10,0,0
2025-09-27 20:42:36,941.638614,941,397480.58,4.797669381,10,0,0
2025-09-27 20:42:42,946.798007,946,397365.33,4.767281274,10,0,0
2025-09-27 20:42:42,946.798007,946,397480.58,4.797669381,10,0,0
2025-09-27 20:42:46,951.175447,951,397286.29,4.746442561,10,0,0
2025-09-27 20:42:46,951.175447,951,397365.33,4.767281274,10,0,0
2025-09-27 20:42:48,953.374344,953,397266.14,4.741130782,10,0,0
2025-09-27 20:42:48,953.374344,953,397286.29,4.746442561,10,0,0
2025-09-27 20:42:49,954.547917,954,397154.3,4.711642239,10,0,0
2025-09-27 20:42:49,954.547917,954,397266.14,4.741130782,10,0,0
2025-09-27 20:42:53,957.982636,957,397045.69,4.683007536,10,0,0
2025-09-27 20:42:53,957.982636,957,397154.3,4.711642239,10,0,0
2025-09-27 20:42:54,959.017807,959,397045.69,4.683007536,10,0,0
2025-09-27 20:42:54,959.017807,959,397154.3,4.711642239,10,0,0
2025-09-27 20:42:55,960.700033,960,397045.69,4.683007536,10,0,0
2025-09-27 20:42:55,960.700033,960,397154.3,4.711642239,10,0,0
2025-09-27 20:42:56,961.556833,961,397020.52,4.676370961,10,0,0
2025-09-27 20:42:56,961.556833,961,397045.69,4.683007536,10,0,0
2025-09-27 20:42:58,963.176124,963,397016.14,4.675216556,10,0,0
2025-09-27 20:42:58,963.176124,963,397020.52,4.676370961,10,0,0
2025-09-27 20:43:00,965.175871,965,396359.18,4.502004962,10,0,0
2025-09-27 20:43:00,965.175871,965,397016.14,4.675216556,10,0,0
2025-09-27 20:44:09,1034.439538,1034,396359.18,4.502004962,10,0,0
2025-09-27 20:44:09,1034.439538,1034,396730.76,4.599974872,10,0,0
2025-09-27 20:44:14,1038.996052,1038,396359.18,4.502004962,10,0,0
2025-09-27 20:44:14,1038.996052,1038,396592.54,4.563532063,10,0,0
2025-09-27 20:44:15,1040.405878,1040,396359.18,4.502004962,10,0,0
2025-09-27 20:44:15,1040.405878,1040,396592.54,4.563532063,10,0,0
2025-09-27 20:44:17,1042.106996,1042,396359.18,4.502004962,10,0,0
2025-09-27 20:44:17,1042.106996,1042,396451,4.526215906,10,0,0
2025-09-27 20:45:09,1094.043332,1094,396359.18,4.502004962,10,0,0
2025-09-27 20:45:09,1094.043332,1094,396451,4.526215906,10,0,0
2025-09-27 20:45:14,1099.090695,1099,396359.18,4.502004962,10,0,0
2025-09-27 20:45:14,1099.090695,1099,396451,4.526215906,10,0,0
2025-09-27 20:45:15,1100.535037,1100,396013.95,4.410985607,10,0,0
2025-09-27 20:45:15,1100.535037,1100,396359.18,4.502004962,10,0,0
2025-09-27 20:45:17,1102.18904,1102,396013.95,4.410985607,10,0,0
2025-09-27 20:45:17,1102.18904,1102,396359.18,4.502004962,10,0,0
2025-09-27 20:45:23,1108.574677,1108,395964.27,4.397885521,10,0,0
2025-09-27 20:45:23,1108.574677,1108,396013.95,4.410985607,10,0,0
2025-09-27 20:45:25,1109.727302,1109,395964.27,4.397885521,10,0,0
2025-09-27 20:45:25,1109.727302,1109,396013.95,4.410985607,10,0,0
2025-09-27 20:45:55,1139.939973,1139,395964.27,4.397885521,10,0,0
2025-09-27 20:45:55,1139.939973,1139,395978.86,4.401732137,10,0,0
2025-09-27 20:45:59,1144.392404,1144,395964.27,4.397885521,10,0,0
2025-09-27 20:45:59,1144.392404,1144,395978.86,4.401732137,10,0,0
2025-09-27 20:46:02,1147.679374,1147,395964.27,4.397885521,10,0,0
2025-09-27 20:46:02,1147.679374,1147,395978.86,4.401732137,10,0,0
2025-09-27 20:46:05,1150.566374,1150,395683.8,4.323938274,10,0,0
2025-09-27 20:46:05,1150.566374,1150,395964.27,4.397885521,10,0,0
2025-09-27 20:46:08,1153.416813,1153,395683.8,4.323938274,10,0,0
2025-09-27 20:46:08,1153.432536,1153,395964.27,4.397885521,10,0,0
2025-09-27 20:46:11,1156.299838,1156,395683.8,4.323938274,10,0,0
2025-09-27 20:46:11,1156.299838,1156,395964.27,4.397885521,10,0,0
2025-09-27 20:46:20,1165.126275,1165,395683.8,4.323938274,10,0,0
2025-09-27 20:46:20,1165.126275,1165,395898.69,4.380595618,10,0,0
2025-09-27 20:46:21,1166.377554,1166,395683.8,4.323938274,10,0,0
2025-09-27 20:46:21,1166.377554,1166,395898.69,4.380595618,10,0,0
2025-09-27 20:46:24,1169.056487,1169,395683.8,4.323938274,10,0,0
2025-09-27 20:46:24,1169.056487,1169,395898.69,4.380595618,10,0,0
2025-09-27 20:46:27,1172.106971,1172,395683.8,4.323938274,10,0,0
2025-09-27 20:46:27,1172.106971,1172,395898.69,4.380595618,10,0,0
2025-09-27 20:46:30,1175.192689,1175,395683.8,4.323938274,10,0,0
2025-09-27 20:46:30,1175.192689,1175,395898.69,4.380595618,10,0,0
2025-09-27 20:46:33,1178.461726,1178,395683.8,4.323938274,10,0,0
2025-09-27 20:46:33,1178.461726,1178,395898.69,4.380595618,10,0,0
2025-09-27 20:46:37,1181.742182,1181,395683.8,4.323938274,10,0,0
2025-09-27 20:46:37,1181.742182,1181,395898.69,4.380595618,10,0,0
2025-09-27 20:46:38,1182.975511,1182,395683.8,4.323938274,10,0,0
2025-09-27 20:46:38,1182.975511,1182,395848.3,4.36730916,10,0,0
2025-09-27 20:46:41,1186.221452,1186,395447.47,4.261630513,10,0,0
2025-09-27 20:46:41,1186.221452,1186,395683.8,4.323938274,10,0,0
2025-09-27 20:46:44,1188.883745,1188,395447.47,4.261630513,10,0,0
2025-09-27 20:46:44,1188.883745,1188,395683.8,4.323938274,10,0,0
2025-09-27 20:46:50,1195.232194,1195,395447.47,4.261630513,10,0,0
2025-09-27 20:46:50,1195.232194,1195,395683.8,4.323938274,10,0,0
2025-09-27 20:46:56,1200.769945,1200,393826.21,3.834175831,10,0,0
2025-09-27 20:46:56,1200.769945,1200,395447.47,4.261630513,10,0,0
2025-09-27 20:47:02,1207.652606,1207,393826.21,3.834175831,10,0,0
2025-09-27 20:47:02,1207.668433,1207,395397.88,4.248555059,10,0,0
2025-09-27 20:51:12,249.307673,249,420103.17,10.76222356,12,0,0
2025-09-27 20:51:12,249.307673,249,444002.11,17.06329434,12,0,0
2025-09-27 20:53:37,394.749482,394,407108.11,7.33601222,12,0,0
2025-09-27 20:53:37,394.751489,394,411757.46,8.561835799,12,0,0
2025-09-27 20:53:49,406.077604,406,407040.61,7.318215454,12,0,0
2025-09-27 20:53:49,406.077604,406,407108.11,7.33601222,12,0,0
2025-09-27 20:54:10,427.216583,427,406922.38,7.287045892,12,0,0
2025-09-27 20:54:10,427.216583,427,406955.04,7.295655429,12,0,0
2025-09-27 20:54:13,430.249905,430,403276.82,6.325874975,12,0,0
2025-09-27 20:54:13,430.249905,430,404895.24,6.752579422,12,0,0
2025-09-27 20:54:14,432.039213,432,403276.82,6.325874975,12,0,0
2025-09-27 20:54:14,432.039213,432,403570.49,6.403302255,12,0,0
2025-09-27 20:54:19,436.358233,436,402099.06,6.015351919,12,0,0
2025-09-27 20:54:19,436.358233,436,403247.85,6.31823595,12,0,0
2025-09-27 20:54:31,448.571802,448,402099.06,6.015351919,12,0,0
2025-09-27 20:54:31,448.571802,448,402434.93,6.103907994,12,0,0
2025-09-27 20:54:33,450.765151,450,401940.2,5.973468251,12,0,0
2025-09-27 20:54:33,450.765151,450,402099.06,6.015351919,12,0,0
2025-09-27 20:54:40,458.036409,458,401707.89,5.91221801,12,0,0
2025-09-27 20:54:40,458.036409,458,401940.2,5.973468251,12,0,0
2025-09-27 20:54:54,471.963523,471,401707.89,5.91221801,12,0,0
2025-09-27 20:54:54,471.963523,471,401940.2,5.973468251,12,0,0
2025-09-27 20:54:59,476.726794,476,401707.89,5.91221801,12,0,0
2025-09-27 20:54:59,476.726794,476,401894.72,5.961477731,12,0,0
2025-09-27 20:55:16,493.503554,493,401684.41,5.906028776,12,0,0
2025-09-27 20:55:16,493.503554,493,401707.89,5.91221801,12,0,0
2025-09-27 20:55:18,495.047229,495,400704.41,5.647647867,12,0,0
2025-09-27 20:55:18,495.047229,495,401684.41,5.906028776,12,0,0
2025-09-27 20:55:21,498.204703,498,400704.41,5.647647867,12,0,0
2025-09-27 20:55:21,498.204703,498,400938.9,5.70947098,12,0,0
2025-09-27 20:55:23,500.076605,500,398970.17,5.190406927,12,0,0
2025-09-27 20:55:23,500.076605,500,400704.41,5.647647867,12,0,0
2025-09-27 20:55:31,508.526872,508,398946.32,5.184118378,12,0,0
2025-09-27 20:55:31,508.526872,508,398970.17,5.190406927,12,0,0
2025-09-27 20:55:37,514.794876,514,396384.65,4.50872076,12,0,0
2025-09-27 20:55:37,514.794876,514,398946.32,5.184118378,12,0,0
2025-09-27 20:55:52,529.945789,529,396384.65,4.50872076,12,0,0
2025-09-27 20:55:52,529.945789,529,397076.07,4.691018224,12,0,0
2025-09-27 20:55:56,533.746106,533,395866.36,4.37207127,12,0,0
2025-09-27 20:55:56,533.762114,533,396384.65,4.50872076,12,0,0
2025-09-27 20:56:00,537.820926,537,395866.36,4.37207127,12,0,0
2025-09-27 20:56:00,537.820926,537,396384.65,4.50872076,12,0,0
2025-09-27 20:56:03,540.115242,540,395866.36,4.37207127,12,0,0
2025-09-27 20:56:03,540.115242,540,396384.65,4.50872076,12,0,0
2025-09-27 20:56:05,542.277988,542,395866.36,4.37207127,12,0,0
2025-09-27 20:56:05,542.277988,542,396384.65,4.50872076,12,0,0
2025-09-27 20:56:08,545.55116,545,395866.36,4.37207127,12,0,0
2025-09-27 20:56:08,545.55116,545,396384.65,4.50872076,12,0,0
2025-09-27 20:56:12,549.499711,549,395866.36,4.37207127,12,0,0
2025-09-27 20:56:12,549.499711,549,396384.65,4.50872076,12,0,0
2025-09-27 20:56:15,552.400552,552,395866.36,4.37207127,12,0,0
2025-09-27 20:56:15,552.400552,552,396319.96,4.491665168,12,0,0
2025-09-27 20:56:18,555.08058,555,395866.36,4.37207127,12,0,0
2025-09-27 20:56:18,555.08058,555,396001,4.407570136,12,0,0
2025-09-27 20:56:22,559.991602,559,395026.26,4.150575302,12,0,0
2025-09-27 20:56:22,559.991602,559,395866.36,4.37207127,12,0,0
2025-09-27 20:56:29,566.754585,566,395026.26,4.150575302,12,0,0
2025-09-27 20:56:29,566.754585,566,395400.97,4.249369767,12,0,0
2025-09-27 20:56:31,568.959132,568,395014.23,4.147403098,12,0,0
2025-09-27 20:56:31,568.959132,568,395026.26,4.150575302,12,0,0
2025-09-27 20:56:34,571.067533,571,395014.23,4.147403098,12,0,0
2025-09-27 20:56:34,571.067533,571,395026.26,4.150575302,12,0,0
2025-09-27 20:56:38,575.459286,575,394803.22,4.091770513,12,0,0
2025-09-27 20:56:38,575.459286,575,395014.23,4.147403098,12,0,0
2025-09-27 20:56:41,578.443181,578,394614.44,4.041996525,12,0,0
2025-09-27 20:56:41,578.443181,578,394803.22,4.091770513,12,0,0
2025-09-27 20:56:43,580.584655,580,394250.62,3.946074199,12,0,0
2025-09-27 20:56:43,580.584655,580,394614.44,4.041996525,12,0,0
2025-09-27 20:56:45,582.056044,582,394250.62,3.946074199,12,0,0
2025-09-27 20:56:45,582.072122,582,394548.34,4.024569752,12,0,0
2025-09-27 20:56:48,585.445045,585,394250.62,3.946074199,12,0,0
2025-09-27 20:56:48,585.445045,585,394376.38,3.979230638,12,0,0
2025-09-27 20:56:50,587.379026,587,393124.1,3.649061407,12,0,0
2025-09-27 20:56:50,587.379026,587,394250.62,3.946074199,12,0,0
2025-09-27 20:57:15,613.017258,613,392707.48,3.539218923,12,0,0
2025-09-27 20:57:15,613.017258,613,392891.79,3.58781327,12,0,0
2025-09-27 20:57:19,616.883751,616,392681.99,3.532496027,12,0,0
2025-09-27 20:57:19,616.883751,616,392707.48,3.539218923,12,0,0
2025-09-27 20:58:48,705.446199,705,392681.99,3.532496027,12,0,0
2025-09-27 20:58:48,705.446199,705,392707.48,3.539218923,12,0,0
2025-09-27 20:59:13,730.940776,730,392681.99,3.532496027,12,0,0
2025-09-27 20:59:13,730.940776,730,392707.48,3.539218923,12,0,0
2025-09-27 20:59:22,739.772686,739,392681.99,3.532496027,12,0,0
2025-09-27 20:59:22,739.772686,739,392707.48,3.539218923,12,0,0
2025-09-27 20:59:26,743.222371,743,392681.99,3.532496027,12,0,0
2025-09-27 20:59:26,743.222371,743,392707.48,3.539218923,12,0,0
2025-09-27 20:59:33,750.530609,750,392570,3.502970745,12,0,0
2025-09-27 20:59:33,750.530609,750,392681.99,3.532496027,12,0,0
2025-09-27 20:59:41,758.27579,758,389808.13,2.774789039,12,0,0
2025-09-27 20:59:41,758.27579,758,392570,3.502970745,12,0,0
2025-09-27 20:59:45,762.468586,762,389808.13,2.774789039,12,0,0
2025-09-27 20:59:45,762.468586,762,389808.13,2.774789039,12,0,0
2025-09-27 21:00:01,778.520934,778,387085.11,2.056852929,12,0,0
2025-09-27 21:00:01,778.525822,778,387228.61,2.094686227,12,0,0
2025-09-27 21:00:06,783.898908,783,387085.11,2.056852929,12,0,0
2025-09-27 21:00:06,783.898908,783,387228.61,2.094686227,12,0,0
2025-09-27 21:00:12,790.031027,790,387085.11,2.056852929,12,0,0
2025-09-27 21:00:12,790.031027,790,387228.61,2.094686227,12,0,0
2025-09-27 21:00:17,794.483412,794,387085.11,2.056852929,12,0,0
2025-09-27 21:00:17,794.483412,794,387228.61,2.094686227,12,0,0
2025-09-27 21:00:19,796.231255,796,387077.98,2.05497418,12,0,0
2025-09-27 21:00:19,796.231255,796,387085.11,2.056852929,12,0,0
2025-09-27 21:00:30,807.48911,807,387013.82,2.038056298,12,0,0
2025-09-27 21:00:30,807.491156,807,387077.98,2.05497418,12,0,0
2025-09-27 21:02:31,928.443257,928,386861.89,1.998000817,12,0,0
2025-09-27 21:02:31,928.445269,928,387013.82,2.038056298,12,0,0
2025-09-27 21:02:40,937.519712,937,386861.89,1.998000817,12,0,0
2025-09-27 21:02:40,937.519712,937,387013.82,2.038056298,12,0,0
2025-09-27 21:02:43,940.370885,940,386861.89,1.998000817,12,0,0
2025-09-27 21:02:43,940.370885,940,386986.33,2.030809996,12,0,0
2025-09-27 21:02:52,949.897079,949,386855.28,1.996257628,12,0,0
2025-09-27 21:02:52,949.897079,949,386861.89,1.998000817,12,0,0
2025-09-27 21:02:54,951.592811,951,386855.28,1.996257628,12,0,0
2025-09-27 21:02:54,951.592811,951,386861.89,1.998000817,12,0,0
2025-09-27 21:02:57,954.871806,954,386855.28,1.996257628,12,0,0
2025-09-27 21:02:57,954.871806,954,386861.89,1.998000817,12,0,0
2025-09-27 21:03:00,957.67695,957,386727.44,1.962552091,12,0,0
2025-09-27 21:03:00,957.67695,957,386855.28,1.996257628,12,0,0
2025-09-27 21:03:09,966.267636,966,386122.99,1.803186535,12,0,0
2025-09-27 21:03:09,966.283453,966,386247.96,1.83613508,12,0,0
2025-09-27 21:03:23,980.465068,980,384490.96,1.372892138,12,0,0
2025-09-27 21:03:23,980.465068,980,386122.99,1.803186535,12,0,0
2025-09-27 21:03:28,985.840427,985,384490.96,1.372892138,12,0,0
2025-09-27 21:03:28,985.840427,985,386122.99,1.803186535,12,0,0
2025-09-27 21:03:55,1012.360189,1012,382807.05,0.9289210512,12,0,0
2025-09-27 21:03:55,1012.360189,1012,384490.96,1.372892138,12,0,0
2025-09-27 21:04:02,1019.910194,1019,382807.05,0.9289210512,12,0,0
2025-09-27 21:04:02,1019.910194,1019,384490.96,1.372892138,12,0,0
2025-09-27 21:04:10,1027.14043,1027,382773.06,0.9199593561,12,0,0
2025-09-27 21:04:10,1027.14043,1027,382807.05,0.9289210512,12,0,0
2025-09-27 21:04:11,1028.949494,1028,382773.06,0.9199593561,12,0,0
2025-09-27 21:04:11,1028.949494,1028,382807.05,0.9289210512,12,0,0
2025-09-27 21:04:15,1032.178694,1032,382773.06,0.9199593561,12,0,0
2025-09-27 21:04:15,1032.178694,1032,382807.05,0.9289210512,12,0,0
2025-09-27 21:04:44,1061.127936,1061,382773.06,0.9199593561,12,0,0
2025-09-27 21:04:44,1061.127936,1061,382807.05,0.9289210512,12,0,0
2025-09-27 21:04:48,1065.694859,1065,382773.06,0.9199593561,12,0,0
2025-09-27 21:04:48,1065.694859,1065,382807.05,0.9289210512,12,0,0
2025-09-27 21:04:51,1068.915961,1068,382773.06,0.9199593561,12,0,0
2025-09-27 21:04:51,1068.915961,1068,382807.05,0.9289210512,12,0,0
2025-09-27 21:04:55,1072.556253,1072,382773.06,0.9199593561,12,0,0
2025-09-27 21:04:55,1072.558273,1072,382807.05,0.9289210512,12,0,0
2025-09-27 21:04:56,1074.012742,1074,382650.38,0.887615887,12,0,0
2025-09-27 21:04:56,1074.012742,1074,382773.06,0.9199593561,12,0,0
2025-09-27 21:04:59,1076.535627,1076,382650.38,0.887615887,12,0,0
2025-09-27 21:04:59,1076.537202,1076,382773.06,0.9199593561,12,0,0
2025-09-27 21:05:02,1080.03851,1080,382650.38,0.887615887,12,0,0
2025-09-27 21:05:02,1080.03851,1080,382773.06,0.9199593561,12,0,0
2025-09-27 21:05:08,1085.238867,1085,382650.38,0.887615887,12,0,0
2025-09-27 21:05:08,1085.238867,1085,382654.88,0.888800241,12,0,0
2025-09-27 21:05:11,1088.194351,1088,382591.81,0.8721735227,12,0,0
2025-09-27 21:05:11,1088.194351,1088,382650.38,0.887615887,12,0,0
2025-09-27 21:05:14,1091.855876,1091,382591.81,0.8721735227,12,0,0
2025-09-27 21:05:14,1091.855876,1091,382603.94,0.8753712236,12,0,0
2025-09-27 21:05:24,1101.353405,1101,382591.81,0.8721735227,12,0,0
2025-09-27 21:05:24,1101.353405,1101,382603.94,0.8753712236,12,0,0
2025-09-27 21:05:28,1105.25525,1105,382591.81,0.8721735227,12,0,0
2025-09-27 21:05:28,1105.25525,1105,382603.94,0.8753712236,12,0,0
2025-09-27 21:05:29,1106.890078,1106,382591.81,0.8721735227,12,0,0
2025-09-27 21:05:29,1106.890078,1106,382603.94,0.8753712236,12,0,0
2025-09-27 21:05:34,1111.141228,1111,382466.19,0.8390531177,12,0,0
2025-09-27 21:05:34,1111.141228,1111,382591.81,0.8721735227,12,0,0
2025-09-27 21:05:44,1121.109573,1121,382425.57,0.8283424566,12,0,0
2025-09-27 21:05:44,1121.109573,1121,382466.19,0.8390531177,12,0,0
2025-09-27 21:05:47,1124.599036,1124,382425.57,0.8283424566,12,0,0
2025-09-27 21:05:47,1124.599036,1124,382466.19,0.8390531177,12,0,0
2025-09-27 21:06:10,1147.713882,1147,382425.57,0.8283424566,12,0,0
2025-09-27 21:06:10,1147.713882,1147,382466.19,0.8390531177,12,0,0
2025-09-27 21:06:17,1154.505278,1154,382425.57,0.8283424566,12,0,0
2025-09-27 21:06:17,1154.505278,1154,382466.19,0.8390531177,12,0,0
2025-09-27 21:06:19,1156.299296,1156,382425.57,0.8283424566,12,0,0
2025-09-27 21:06:19,1156.299296,1156,382466.19,0.8390531177,12,0,0
2025-09-27 21:06:27,1164.77735,1164,382425.57,0.8283424566,12,0,0
2025-09-27 21:06:27,1164.77735,1164,382466.19,0.8390531177,12,0,0
2025-09-27 21:06:39,1176.253275,1176,382425.57,0.8283424566,12,0,0
2025-09-27 21:06:39,1176.253275,1176,382466.19,0.8390531177,12,0,0
2025-09-27 21:06:43,1180.141211,1180,382425.57,0.8283424566,12,0,0
2025-09-27 21:06:43,1180.141211,1180,382466.19,0.8390531177,12,0,0
2025-09-27 21:06:51,1188.832882,1188,382425.57,0.8283424566,12,0,0
2025-09-27 21:06:51,1188.832882,1188,382466.19,0.8390531177,12,0,0
2025-09-27 21:06:56,1193.044592,1193,382425.57,0.8283424566,12,0,0
2025-09-27 21:06:56,1193.044592,1193,382442,0.8326738558,12,0,0
2025-09-27 21:11:18,262.979538,262,420103.17,10.76222356,15,0,0
2025-09-27 21:11:18,262.979538,262,444002.11,17.06329434,15,0,0
2025-09-27 21:18:45,709.89364,709,412567.76,8.775475879,15,0,0
2025-09-27 21:18:45,709.89364,709,420103.17,10.76222356,15,0,0
2025-09-27 21:20:09,793.145793,793,407438.26,7.423058621,15,0,0
2025-09-27 21:20:09,793.145793,793,412567.76,8.775475879,15,0,0
2025-09-27 21:20:16,800.962565,800,406900.3,7.281223924,15,0,0
2025-09-27 21:20:16,800.962565,800,407438.26,7.423058621,15,0,0
2025-09-27 21:20:38,822.949414,822,406900.3,7.281223924,15,0,0
2025-09-27 21:20:38,822.949414,822,407128.12,7.34129004,15,0,0
2025-09-27 21:20:47,831.677648,831,406900.3,7.281223924,15,0,0
2025-09-27 21:20:47,831.679395,831,407128.12,7.34129004,15,0,0
2025-09-27 21:20:55,839.252105,839,404106.47,6.54461678,15,0,0
2025-09-27 21:20:55,839.252105,839,406900.3,7.281223924,15,0,0
2025-09-27 21:21:05,849.459323,849,403488.09,6.381576568,15,0,0
2025-09-27 21:21:05,849.459323,849,404106.47,6.54461678,15,0,0
2025-09-27 21:21:12,855.987344,855,403488.09,6.381576568,15,0,0
2025-09-27 21:21:12,855.987344,855,403488.09,6.381576568,15,0,0
2025-09-27 21:21:15,859.471951,859,403488.09,6.381576568,15,0,0
2025-09-27 21:21:15,859.471951,859,403488.09,6.381576568,15,0,0
2025-09-27 21:21:30,874.517047,874,402705.77,6.175314773,15,0,0
2025-09-27 21:21:30,874.517047,874,403488.09,6.381576568,15,0,0
2025-09-27 21:21:40,884.375849,884,402096.75,6.014743366,15,0,0
2025-09-27 21:21:40,884.375849,884,402705.77,6.175314773,15,0,0
2025-09-27 21:21:47,891.053832,891,399257.93,5.266276692,15,0,0
2025-09-27 21:21:47,891.053832,891,399879.5,5.430155756,15,0,0
2025-09-27 21:21:54,898.033108,898,397016.3,4.675258388,15,0,0
2025-09-27 21:21:54,898.033108,898,398551.37,5.079987495,15,0,0
2025-09-27 21:21:58,902.177076,902,397016.3,4.675258388,15,0,0
2025-09-27 21:21:58,902.177076,902,398200.57,4.987496904,15,0,0
2025-09-27 21:22:00,904.953064,904,397016.3,4.675258388,15,0,0
2025-09-27 21:22:00,904.953064,904,397702.94,4.85629416,15,0,0
2025-09-27 21:22:04,908.778907,908,397016.3,4.675258388,15,0,0
2025-09-27 21:22:04,908.778907,908,397653.3,4.843207754,15,0,0
2025-09-27 21:22:26,930.046222,930,396781.96,4.61347462,15,0,0
2025-09-27 21:22:26,930.046222,930,397016.3,4.675258388,15,0,0
2025-09-27 21:22:32,936.322632,936,396776.37,4.611999338,15,0,0
2025-09-27 21:22:32,936.322632,936,396781.96,4.61347462,15,0,0
2025-09-27 21:23:08,972.421684,972,395768.5,4.346270618,15,0,0
2025-09-27 21:23:08,972.421684,972,396776.37,4.611999338,15,0,0
2025-09-27 21:23:13,977.059339,977,395768.5,4.346270618,15,0,0
2025-09-27 21:23:13,977.059339,977,396756.24,4.606693568,15,0,0
2025-09-27 21:23:20,984.412721,984,395768.5,4.346270618,15,0,0
2025-09-27 21:23:20,984.412721,984,396529.26,4.546848527,15,0,0
2025-09-27 21:23:25,989.621199,989,395768.5,4.346270618,15,0,0
2025-09-27 21:23:25,989.621199,989,396173.27,4.452990114,15,0,0
2025-09-27 21:23:28,992.238651,992,395768.5,4.346270618,15,0,0
2025-09-27 21:23:28,992.238651,992,396173.27,4.452990114,15,0,0
2025-09-27 21:23:31,995.283395,995,395768.5,4.346270618,15,0,0
2025-09-27 21:23:31,995.283395,995,396173.27,4.452990114,15,0,0
2025-09-27 21:23:33,997.600129,997,395768.5,4.346270618,15,0,0
2025-09-27 21:23:33,997.600129,997,396173.27,4.452990114,15,0,0
2025-09-27 21:23:44,1008.790113,1008,394818.7,4.095850498,15,0,0
2025-09-27 21:23:44,1008.79212,1008,395768.5,4.346270618,15,0,0
2025-09-27 21:23:49,1013.935717,1013,394818.7,4.095850498,15,0,0
2025-09-27 21:23:49,1013.935717,1013,395768.5,4.346270618,15,0,0
2025-09-27 21:24:00,1024.826287,1024,394818.7,4.095850498,15,0,0
2025-09-27 21:24:00,1024.826287,1024,395768.5,4.346270618,15,0,0
2025-09-27 21:24:32,1056.773075,1056,394818.7,4.095850498,15,0,0
2025-09-27 21:24:32,1056.774822,1056,395745.9,4.340311089,15,0,0
2025-09-27 21:24:41,1065.734152,1065,394547.99,4.024477543,15,0,0
2025-09-27 21:24:41,1065.736157,1065,394818.7,4.095850498,15,0,0
2025-09-27 21:24:51,1075.207054,1075,394547.99,4.024477543,15,0,0
2025-09-27 21:24:51,1075.207054,1075,394623.2,4.044307477,15,0,0
2025-09-27 21:25:10,1094.305504,1094,394547.99,4.024477543,15,0,0
2025-09-27 21:25:10,1094.305504,1094,394623.2,4.044307477,15,0,0
2025-09-27 21:25:12,1096.070652,1096,394547.99,4.024477543,15,0,0
2025-09-27 21:25:12,1096.070652,1096,394623.2,4.044307477,15,0,0
2025-09-27 21:25:15,1099.348052,1099,394547.99,4.024477543,15,0,0
2025-09-27 21:25:15,1099.348052,1099,394623.2,4.044307477,15,0,0
2025-09-27 21:25:19,1103.049798,1103,394547.99,4.024477543,15,0,0
2025-09-27 21:25:19,1103.049798,1103,394623.2,4.044307477,15,0,0
2025-09-27 21:25:33,1117.822579,1117,394547.99,4.024477543,15,0,0
2025-09-27 21:25:33,1117.822579,1117,394623.2,4.044307477,15,0,0
2025-09-27 21:25:40,1124.179933,1124,393980.85,3.87494882,15,0,0
2025-09-27 21:25:40,1124.179933,1124,394547.99,4.024477543,15,0,0
2025-09-27 21:26:05,1149.26503,1149,393840.75,3.838009205,15,0,0
2025-09-27 21:26:05,1149.26503,1149,393980.85,3.87494882,15,0,0
2025-09-27 21:26:20,1164.737248,1164,393840.75,3.838009205,15,0,0
2025-09-27 21:26:20,1164.737248,1164,393980.85,3.87494882,15,0,0
2025-09-27 21:26:27,1171.057201,1171,393807.86,3.829338391,15,0,0
2025-09-27 21:26:27,1171.057201,1171,393840.75,3.838009205,15,0,0
2025-09-27 21:26:34,1178.977545,1178,393588.44,3.771486057,15,0,0
2025-09-27 21:26:34,1178.977545,1178,393807.86,3.829338391,15,0,0
2025-09-27 21:26:41,1185.716547,1185,392920.44,3.595365065,15,0,0
2025-09-27 21:26:41,1185.716547,1185,393588.44,3.771486057,15,0,0
2025-09-27 21:26:59,1203.389151,1203,392915.95,3.594180711,15,0,0
2025-09-27 21:26:59,1203.389151,1203,392920.44,3.595365065,15,0,0
2025-09-27 21:27:14,1218.259663,1218,392611.05,3.513794468,15,0,0
2025-09-27 21:27:14,1218.259663,1218,392915.95,3.594180711,15,0,0
2025-09-27 21:31:38,264.597313,264,420103.17,10.76222356,20,0,0
2025-09-27 21:31:38,264.597313,264,444002.11,17.06329434,20,0,0
2025-09-27 21:36:47,573.636116,573,413983.84,9.148833466,20,0,0
2025-09-27 21:36:47,573.636116,573,416260.41,9.749060101,20,0,0
2025-09-27 21:37:23,609.519597,609,406866.58,7.272331576,20,0,0
2025-09-27 21:37:23,609.519597,609,413983.84,9.148833466,20,0,0
2025-09-27 21:37:25,611.048875,611,405706.68,6.966520158,20,0,0
2025-09-27 21:37:25,611.048875,611,406866.58,7.272331576,20,0,0
2025-09-27 21:37:45,631.476222,631,404663.96,6.691601867,20,0,0
2025-09-27 21:37:45,631.476222,631,405706.68,6.966520158,20,0,0
2025-09-27 21:37:51,637.623402,637,403668.26,6.429081381,20,0,0
2025-09-27 21:37:51,637.623402,637,404451.57,6.635602846,20,0,0
2025-09-27 21:39:00,706.372041,706,398284.98,5.009753871,20,0,0
2025-09-27 21:39:00,706.372041,706,400135.91,5.497758504,20,0,0
2025-09-27 21:39:57,763.642081,763,398284.98,5.009753871,20,0,0
2025-09-27 21:39:57,763.642081,763,398435.83,5.049524725,20,0,0
2025-09-27 21:40:01,767.208021,767,397067.01,4.688628584,20,0,0
2025-09-27 21:40:01,767.208021,767,397830.04,4.889804649,20,0,0
2025-09-27 21:40:09,775.60217,775,397067.01,4.688628584,20,0,0
2025-09-27 21:40:09,775.60217,775,397465.36,4.793656826,20,0,0
2025-09-27 21:40:42,808.038537,808,394915.41,4.121349904,20,0,0
2025-09-27 21:40:42,808.041427,808,397067.01,4.688628584,20,0,0
2025-09-27 21:40:56,822.462801,822,393444.56,3.733553852,20,0,0
2025-09-27 21:40:56,822.462801,822,394915.41,4.121349904,20,0,0
2025-09-27 21:40:58,824.274498,824,392767.49,3.555040582,20,0,0
2025-09-27 21:40:58,824.274498,824,393444.56,3.733553852,20,0,0
2025-09-27 21:41:20,845.843655,845,392767.49,3.555040582,20,0,0
2025-09-27 21:41:20,845.843655,845,393362.68,3.711963212,20,0,0
2025-09-27 21:41:28,853.930618,853,391305.45,3.169566449,20,0,0
2025-09-27 21:41:28,853.930618,853,391948.22,3.339035854,20,0,0
2025-09-27 21:41:44,870.280663,870,390649.39,2.99659161,20,0,0
2025-09-27 21:41:44,870.280663,870,391305.45,3.169566449,20,0,0
2025-09-27 21:41:50,876.403964,876,390649.39,2.99659161,20,0,0
2025-09-27 21:41:50,876.403964,876,391305.45,3.169566449,20,0,0
2025-09-27 21:41:58,883.811718,883,390559.31,2.97284362,20,0,0
2025-09-27 21:41:58,883.811718,883,390649.39,2.99659161,20,0,0
2025-09-27 21:42:11,896.785118,896,390559.31,2.97284362,20,0,0
2025-09-27 21:42:11,896.785118,896,390649.39,2.99659161,20,0,0
2025-09-27 21:42:23,909.012517,909,389818.04,2.777403136,20,0,0
2025-09-27 21:42:23,909.012517,909,390559.31,2.97284362,20,0,0
2025-09-27 21:42:34,920.530314,920,389818.04,2.777403136,20,0,0
2025-09-27 21:42:34,920.530314,920,390069.89,2.843804879,20,0,0
2025-09-27 21:42:40,926.048686,926,388863.34,2.525692927,20,0,0
2025-09-27 21:42:40,926.048686,926,389818.04,2.777403136,20,0,0
2025-09-27 21:42:52,937.796607,937,387571.68,2.185139236,20,0,0
2025-09-27 21:42:52,937.796607,937,388863.34,2.525692927,20,0,0
2025-09-27 21:43:07,952.734112,952,387571.68,2.185139236,20,0,0
2025-09-27 21:43:07,952.734112,952,388863.34,2.525692927,20,0,0
2025-09-27 21:43:14,960.453991,960,386863.25,1.998358158,20,0,0
2025-09-27 21:43:14,960.453991,960,387571.68,2.185139236,20,0,0
2025-09-27 21:43:25,971.295794,971,386863.25,1.998358158,20,0,0
2025-09-27 21:43:25,971.295794,971,387571.68,2.185139236,20,0,0
2025-09-27 21:43:35,981.638374,981,386530.41,1.91060324,20,0,0
2025-09-27 21:43:35,981.638374,981,386863.25,1.998358158,20,0,0
2025-09-27 21:44:03,1009.284314,1009,386530.41,1.91060324,20,0,0
2025-09-27 21:44:03,1009.284314,1009,386863.25,1.998358158,20,0,0
2025-09-27 21:44:14,1020.495462,1020,386120.7,1.802580503,20,0,0
2025-09-27 21:44:14,1020.495462,1020,386530.41,1.91060324,20,0,0
2025-09-27 21:44:28,1034.192336,1034,384710.18,1.43069068,20,0,0
2025-09-27 21:44:28,1034.192336,1034,386120.7,1.802580503,20,0,0
2025-09-27 21:44:40,1046.301268,1046,384563.78,1.392093141,20,0,0
2025-09-27 21:44:40,1046.301268,1046,384710.18,1.43069068,20,0,0
2025-09-27 21:44:57,1062.738901,1062,384412.75,1.352271635,20,0,0
2025-09-27 21:44:57,1062.738901,1062,384563.78,1.392093141,20,0,0
2025-09-27 21:45:08,1074.61504,1074,384412.75,1.352271635,20,0,0
2025-09-27 21:45:08,1074.61504,1074,384563.78,1.392093141,20,0,0
2025-09-27 21:45:19,1084.726978,1084,384412.75,1.352271635,20,0,0
2025-09-27 21:45:19,1084.742717,1084,384563.78,1.392093141,20,0,0
2025-09-27 21:45:24,1089.825972,1089,384412.75,1.352271635,20,0,0
2025-09-27 21:45:24,1089.825972,1089,384563.78,1.392093141,20,0,0
2025-09-27 21:45:34,1100.649093,1100,384412.75,1.352271635,20,0,0
2025-09-27 21:45:34,1100.649093,1100,384563.78,1.392093141,20,0,0
2025-09-27 21:45:46,1111.758051,1111,384178.14,1.290417173,20,0,0
2025-09-27 21:45:46,1111.758051,1111,384412.75,1.352271635,20,0,0
2025-09-27 21:45:51,1117.567508,1117,384178.14,1.290417173,20,0,0
2025-09-27 21:45:51,1117.567508,1117,384412.75,1.352271635,20,0,0
2025-09-27 21:46:02,1128.414923,1128,384178.14,1.290417173,20,0,0
2025-09-27 21:46:02,1128.414923,1128,384412.75,1.352271635,20,0,0
2025-09-27 21:46:08,1133.839945,1133,384178.14,1.290417173,20,0,0
2025-09-27 21:46:08,1133.839945,1133,384412.75,1.352271635,20,0,0
2025-09-27 21:47:23,1209.214713,1209,383982.31,1.23878503,20,0,0
2025-09-27 21:47:23,1209.214713,1209,384178.14,1.290417173,20,0,0
2025-09-27 21:51:46,263.237219,263,420103.17,10.76222356,30,0,0
2025-09-27 21:51:46,263.237219,263,444002.11,17.06329434,30,0,0
2025-09-27 22:03:13,950.371999,950,397186.84,4.720222452,30,0,0
2025-09-27 22:03:13,950.371999,950,420103.17,10.76222356,30,0,0
2025-09-27 22:07:09,1185.491163,1185,395852.53,4.368424224,30,0,0
2025-09-27 22:07:09,1185.491163,1185,397186.84,4.720222452,30,0,0
2025-09-27 22:08:21,1258.109456,1258,393018.34,3.621178049,30,0,0
2025-09-27 22:08:21,1258.109456,1258,395852.53,4.368424224,30,0,0